{
    "id": 1009293,
    "name": "Erik the Red",
    "description": "",
    "modified": "1969-12-31T19:00:00-0500",
    "thumbnail": {
        "path": "http://i.annihil.us/u/prod/marvel/i/mg/b/40/image_not_available",
        "extension": "jpg"
    },
    "resourceURI": "http://gateway.marvel.com/v1/public/characters/1009293",
    "comics": {
        "available": 3,
        "collectionURI": "http://gateway.marvel.com/v1/public/characters/1009293/comics",
        "items": [
            {
                "resourceURI": "http://gateway.marvel.com/v1/public/comics/2218",
                "name": "Marvel Masterworks: The X-Men Vol. (Hardcover)"
            },
            {
                "resourceURI": "http://gateway.marvel.com/v1/public/comics/12501",
                "name": "Uncanny X-Men (1963) #51"
            },
            {
                "resourceURI": "http://gateway.marvel.com/v1/public/comics/12502",
                "name": "Uncanny X-Men (1963) #52"
            }
        ],
        "returned": 3
    },
    "series": {
        "available": 2,
        "collectionURI": "http://gateway.marvel.com/v1/public/characters/1009293/series",
        "items": [
            {
                "resourceURI": "http://gateway.marvel.com/v1/public/series/1508",
                "name": "Marvel Masterworks: The X-Men Vol. (2005)"
            },
            {
                "resourceURI": "http://gateway.marvel.com/v1/public/series/2258",
                "name": "Uncanny X-Men (1963 - 2011)"
            }
        ],
        "returned": 2
    },
    "stories": {
        "available": 4,
        "collectionURI": "http://gateway.marvel.com/v1/public/characters/1009293/stories",
        "items": [
            {
                "resourceURI": "http://gateway.marvel.com/v1/public/stories/15569",
                "name": "Cover #15569",
                "type": "cover"
            },
            {
                "resourceURI": "http://gateway.marvel.com/v1/public/stories/15570",
                "name": "The Devil Had a Daughter!",
                "type": "interiorStory"
            },
            {
                "resourceURI": "http://gateway.marvel.com/v1/public/stories/15572",
                "name": "Cover #15572",
                "type": "cover"
            },
            {
                "resourceURI": "http://gateway.marvel.com/v1/public/stories/15573",
                "name": "Twilight of the Mutants!",
                "type": "interiorStory"
            }
        ],
        "returned": 4
    },
    "events": {
        "available": 0,
        "collectionURI": "http://gateway.marvel.com/v1/public/characters/1009293/events",
        "items": [],
        "returned": 0
    },
    "urls": [
        {
            "type": "detail",
            "url": "http://marvel.com/comics/characters/1009293/erik_the_red?utm_campaign=apiRef&utm_source=35410e46c72ea769348ceb6ba8cc90fd"
        },
        {
            "type": "wiki",
            "url": "http://marvel.com/universe/Eric_the_Red_(Davan_Shakari)?utm_campaign=apiRef&utm_source=35410e46c72ea769348ceb6ba8cc90fd"
        }
    ]
}