{
    "id": 1009255,
    "name": "Crystal",
    "description": "",
    "modified": "2013-10-24T13:17:35-0400",
    "thumbnail": {
        "path": "http://i.annihil.us/u/prod/marvel/i/mg/6/c0/52695564bcf1e",
        "extension": "jpg"
    },
    "resourceURI": "http://gateway.marvel.com/v1/public/characters/1009255",
    "comics": {
        "available": 61,
        "collectionURI": "http://gateway.marvel.com/v1/public/characters/1009255/comics",
        "items": [
            {
                "id": 37287,
                "resourceURI": "http://gateway.marvel.com/v1/public/comics/37287",
                "name": "Avengers Academy (2010) #2 (2ND PRINTING VARIANT)"
            },
            {
                "id": 23814,
                "resourceURI": "http://gateway.marvel.com/v1/public/comics/23814",
                "name": "War of Kings (2009) #1"
            },
            {
                "id": 21813,
                "resourceURI": "http://gateway.marvel.com/v1/public/comics/21813",
                "name": "X-Men: The Complete Onslaught Epic Book 3 (Trade Paperback)"
            },
            {
                "id": 21829,
                "resourceURI": "http://gateway.marvel.com/v1/public/comics/21829",
                "name": "Fantastic Four Visionaries: Walter Simonson Vol. 2 (Trade Paperback)"
            },
            {
                "id": 15916,
                "resourceURI": "http://gateway.marvel.com/v1/public/comics/15916",
                "name": "Fantastic Four/Inhumans (Trade Paperback)"
            },
            {
                "id": 5368,
                "resourceURI": "http://gateway.marvel.com/v1/public/comics/5368",
                "name": "Avengers: Galactic Storm Vol. 2 (Trade Paperback)"
            },
            {
                "id": 5280,
                "resourceURI": "http://gateway.marvel.com/v1/public/comics/5280",
                "name": "Heroes Reborn: Fantastic Four (Trade Paperback)"
            },
            {
                "id": 4241,
                "resourceURI": "http://gateway.marvel.com/v1/public/comics/4241",
                "name": "Earth X (New (Trade Paperback)"
            },
            {
                "id": 1672,
                "resourceURI": "http://gateway.marvel.com/v1/public/comics/1672",
                "name": "Marvel Weddings (Trade Paperback)"
            },
            {
                "id": 1311,
                "resourceURI": "http://gateway.marvel.com/v1/public/comics/1311",
                "name": "Avengers Assemble (Hardcover)"
            },
            {
                "id": 1102,
                "resourceURI": "http://gateway.marvel.com/v1/public/comics/1102",
                "name": "Spider-Man’S Tangled Web Vol. 4 (Trade Paperback)"
            },
            {
                "id": 10922,
                "resourceURI": "http://gateway.marvel.com/v1/public/comics/10922",
                "name": "Spider-Man's Tangled Web (2001) #21"
            },
            {
                "id": 15574,
                "resourceURI": "http://gateway.marvel.com/v1/public/comics/15574",
                "name": "Fantastic Four (1998) #52"
            },
            {
                "id": 15573,
                "resourceURI": "http://gateway.marvel.com/v1/public/comics/15573",
                "name": "Fantastic Four (1998) #51"
            },
            {
                "id": 9323,
                "resourceURI": "http://gateway.marvel.com/v1/public/comics/9323",
                "name": "Inhumans (2000) #2"
            },
            {
                "id": 8559,
                "resourceURI": "http://gateway.marvel.com/v1/public/comics/8559",
                "name": "Earth X (1999) #9"
            },
            {
                "id": 8552,
                "resourceURI": "http://gateway.marvel.com/v1/public/comics/8552",
                "name": "Earth X (1999) #2"
            },
            {
                "id": 17523,
                "resourceURI": "http://gateway.marvel.com/v1/public/comics/17523",
                "name": "Avengers (1998) #4"
            },
            {
                "id": 17512,
                "resourceURI": "http://gateway.marvel.com/v1/public/comics/17512",
                "name": "Avengers (1998) #3"
            },
            {
                "id": 17501,
                "resourceURI": "http://gateway.marvel.com/v1/public/comics/17501",
                "name": "Avengers (1998) #2"
            },
            {
                "id": 17490,
                "resourceURI": "http://gateway.marvel.com/v1/public/comics/17490",
                "name": "Avengers (1998) #1"
            },
            {
                "id": 13315,
                "resourceURI": "http://gateway.marvel.com/v1/public/comics/13315",
                "name": "Fantastic Four (1996) #12"
            },
            {
                "id": 13313,
                "resourceURI": "http://gateway.marvel.com/v1/public/comics/13313",
                "name": "Fantastic Four (1996) #10"
            },
            {
                "id": 13324,
                "resourceURI": "http://gateway.marvel.com/v1/public/comics/13324",
                "name": "Fantastic Four (1996) #9"
            },
            {
                "id": 13323,
                "resourceURI": "http://gateway.marvel.com/v1/public/comics/13323",
                "name": "Fantastic Four (1996) #8"
            },
            {
                "id": 10453,
                "resourceURI": "http://gateway.marvel.com/v1/public/comics/10453",
                "name": "Onslaught: Marvel Universe (1996) #1"
            },
            {
                "id": 14345,
                "resourceURI": "http://gateway.marvel.com/v1/public/comics/14345",
                "name": "X-Men (1991) #55"
            },
            {
                "id": 13229,
                "resourceURI": "http://gateway.marvel.com/v1/public/comics/13229",
                "name": "Fantastic Four (1961) #400"
            },
            {
                "id": 14318,
                "resourceURI": "http://gateway.marvel.com/v1/public/comics/14318",
                "name": "X-Men (1991) #30"
            },
            {
                "id": 23517,
                "resourceURI": "http://gateway.marvel.com/v1/public/comics/23517",
                "name": "X-Factor Annual (1986) #9"
            },
            {
                "id": 13848,
                "resourceURI": "http://gateway.marvel.com/v1/public/comics/13848",
                "name": "Uncanny X-Men (1963) #307"
            },
            {
                "id": 14313,
                "resourceURI": "http://gateway.marvel.com/v1/public/comics/14313",
                "name": "X-Men (1991) #26"
            },
            {
                "id": 13203,
                "resourceURI": "http://gateway.marvel.com/v1/public/comics/13203",
                "name": "Fantastic Four (1961) #378"
            },
            {
                "id": 9526,
                "resourceURI": "http://gateway.marvel.com/v1/public/comics/9526",
                "name": "Iron Man (1968) #279"
            },
            {
                "id": 18337,
                "resourceURI": "http://gateway.marvel.com/v1/public/comics/18337",
                "name": "What If? (1989) #35"
            },
            {
                "id": 12288,
                "resourceURI": "http://gateway.marvel.com/v1/public/comics/12288",
                "name": "X-Factor (1986) #68"
            },
            {
                "id": 12287,
                "resourceURI": "http://gateway.marvel.com/v1/public/comics/12287",
                "name": "X-Factor (1986) #67"
            },
            {
                "id": 13164,
                "resourceURI": "http://gateway.marvel.com/v1/public/comics/13164",
                "name": "Fantastic Four (1961) #342"
            },
            {
                "id": 13153,
                "resourceURI": "http://gateway.marvel.com/v1/public/comics/13153",
                "name": "Fantastic Four (1961) #332"
            },
            {
                "id": 13136,
                "resourceURI": "http://gateway.marvel.com/v1/public/comics/13136",
                "name": "Fantastic Four (1961) #317"
            },
            {
                "id": 12725,
                "resourceURI": "http://gateway.marvel.com/v1/public/comics/12725",
                "name": "Alpha Flight (1983) #61"
            },
            {
                "id": 13135,
                "resourceURI": "http://gateway.marvel.com/v1/public/comics/13135",
                "name": "Fantastic Four (1961) #316"
            },
            {
                "id": 13134,
                "resourceURI": "http://gateway.marvel.com/v1/public/comics/13134",
                "name": "Fantastic Four (1961) #315"
            },
            {
                "id": 13133,
                "resourceURI": "http://gateway.marvel.com/v1/public/comics/13133",
                "name": "Fantastic Four (1961) #314"
            },
            {
                "id": 13132,
                "resourceURI": "http://gateway.marvel.com/v1/public/comics/13132",
                "name": "Fantastic Four (1961) #313"
            },
            {
                "id": 13131,
                "resourceURI": "http://gateway.marvel.com/v1/public/comics/13131",
                "name": "Fantastic Four (1961) #312"
            },
            {
                "id": 13130,
                "resourceURI": "http://gateway.marvel.com/v1/public/comics/13130",
                "name": "Fantastic Four (1961) #311"
            },
            {
                "id": 8700,
                "resourceURI": "http://gateway.marvel.com/v1/public/comics/8700",
                "name": "Fantastic Four Annual (1963) #21"
            },
            {
                "id": 13129,
                "resourceURI": "http://gateway.marvel.com/v1/public/comics/13129",
                "name": "Fantastic Four (1961) #310"
            },
            {
                "id": 13127,
                "resourceURI": "http://gateway.marvel.com/v1/public/comics/13127",
                "name": "Fantastic Four (1961) #309"
            },
            {
                "id": 13126,
                "resourceURI": "http://gateway.marvel.com/v1/public/comics/13126",
                "name": "Fantastic Four (1961) #308"
            },
            {
                "id": 13125,
                "resourceURI": "http://gateway.marvel.com/v1/public/comics/13125",
                "name": "Fantastic Four (1961) #307"
            },
            {
                "id": 13124,
                "resourceURI": "http://gateway.marvel.com/v1/public/comics/13124",
                "name": "Fantastic Four (1961) #306"
            },
            {
                "id": 13123,
                "resourceURI": "http://gateway.marvel.com/v1/public/comics/13123",
                "name": "Fantastic Four (1961) #305"
            },
            {
                "id": 23510,
                "resourceURI": "http://gateway.marvel.com/v1/public/comics/23510",
                "name": "X-Factor Annual (1986) #2"
            },
            {
                "id": 7050,
                "resourceURI": "http://gateway.marvel.com/v1/public/comics/7050",
                "name": "Avengers (1963) #188"
            },
            {
                "id": 15486,
                "resourceURI": "http://gateway.marvel.com/v1/public/comics/15486",
                "name": "Marvel Super-Heroes (1967) #75"
            },
            {
                "id": 12962,
                "resourceURI": "http://gateway.marvel.com/v1/public/comics/12962",
                "name": "Fantastic Four (1961) #160"
            },
            {
                "id": 6965,
                "resourceURI": "http://gateway.marvel.com/v1/public/comics/6965",
                "name": "Avengers (1963) #110"
            },
            {
                "id": 8934,
                "resourceURI": "http://gateway.marvel.com/v1/public/comics/8934",
                "name": "Incredible Hulk (1962) #123"
            },
            {
                "id": 17487,
                "resourceURI": "http://gateway.marvel.com/v1/public/comics/17487",
                "name": "X-Men: The Complete Onslaught Epic Vol. 4 (0000)"
            }
        ],
        "returned": 61
    },
    "series": {
        "available": 32,
        "collectionURI": "http://gateway.marvel.com/v1/public/characters/1009255/series",
        "items": [
            {
                "resourceURI": "http://gateway.marvel.com/v1/public/series/2116",
                "name": "Alpha Flight (1983 - 1994)"
            },
            {
                "resourceURI": "http://gateway.marvel.com/v1/public/series/1991",
                "name": "Avengers (1963 - 1996)"
            },
            {
                "resourceURI": "http://gateway.marvel.com/v1/public/series/354",
                "name": "Avengers (1998 - 2004)"
            },
            {
                "resourceURI": "http://gateway.marvel.com/v1/public/series/9086",
                "name": "Avengers Academy (2010 - 2012)"
            },
            {
                "resourceURI": "http://gateway.marvel.com/v1/public/series/1340",
                "name": "Avengers Assemble (2004)"
            },
            {
                "resourceURI": "http://gateway.marvel.com/v1/public/series/1679",
                "name": "Avengers: Galactic Storm Vol. 2 (2006)"
            },
            {
                "resourceURI": "http://gateway.marvel.com/v1/public/series/378",
                "name": "Earth X (1999)"
            },
            {
                "resourceURI": "http://gateway.marvel.com/v1/public/series/1806",
                "name": "Earth X (New (2006)"
            },
            {
                "resourceURI": "http://gateway.marvel.com/v1/public/series/2121",
                "name": "Fantastic Four (1961 - 1998)"
            },
            {
                "resourceURI": "http://gateway.marvel.com/v1/public/series/2123",
                "name": "Fantastic Four (1996 - 1997)"
            },
            {
                "resourceURI": "http://gateway.marvel.com/v1/public/series/421",
                "name": "Fantastic Four (1998 - 2012)"
            },
            {
                "resourceURI": "http://gateway.marvel.com/v1/public/series/2012",
                "name": "Fantastic Four Annual (1963 - 1994)"
            },
            {
                "resourceURI": "http://gateway.marvel.com/v1/public/series/5413",
                "name": "Fantastic Four Visionaries: Walter Simonson Vol. 2 (2008)"
            },
            {
                "resourceURI": "http://gateway.marvel.com/v1/public/series/2445",
                "name": "Fantastic Four/Inhumans (2007)"
            },
            {
                "resourceURI": "http://gateway.marvel.com/v1/public/series/1812",
                "name": "Heroes Reborn: Fantastic Four (2006)"
            },
            {
                "resourceURI": "http://gateway.marvel.com/v1/public/series/2021",
                "name": "Incredible Hulk (1962 - 1999)"
            },
            {
                "resourceURI": "http://gateway.marvel.com/v1/public/series/2027",
                "name": "Inhumans (2000)"
            },
            {
                "resourceURI": "http://gateway.marvel.com/v1/public/series/2029",
                "name": "Iron Man (1968 - 1996)"
            },
            {
                "resourceURI": "http://gateway.marvel.com/v1/public/series/2300",
                "name": "Marvel Super-Heroes (1967 - 1982)"
            },
            {
                "resourceURI": "http://gateway.marvel.com/v1/public/series/1430",
                "name": "Marvel Weddings (2005)"
            }
        ],
        "returned": 20
    },
    "stories": {
        "available": 68,
        "collectionURI": "http://gateway.marvel.com/v1/public/characters/1009255/stories",
        "items": [
            {
                "resourceURI": "http://gateway.marvel.com/v1/public/stories/12542",
                "name": "In One World--and Out the Other!",
                "type": "interiorStory"
            },
            {
                "resourceURI": "http://gateway.marvel.com/v1/public/stories/12896",
                "name": "All in the Family!",
                "type": "interiorStory"
            },
            {
                "resourceURI": "http://gateway.marvel.com/v1/public/stories/12897",
                "name": "Cover #12897",
                "type": "cover"
            },
            {
                "resourceURI": "http://gateway.marvel.com/v1/public/stories/12898",
                "name": "The Marvel Rage!",
                "type": "interiorStory"
            },
            {
                "resourceURI": "http://gateway.marvel.com/v1/public/stories/12899",
                "name": "To Duel With Diablo!",
                "type": "cover"
            },
            {
                "resourceURI": "http://gateway.marvel.com/v1/public/stories/12900",
                "name": "Good-Bye!",
                "type": "interiorStory"
            },
            {
                "resourceURI": "http://gateway.marvel.com/v1/public/stories/12901",
                "name": "Cover #12901",
                "type": "cover"
            },
            {
                "resourceURI": "http://gateway.marvel.com/v1/public/stories/12902",
                "name": "Fasaud!",
                "type": "interiorStory"
            },
            {
                "resourceURI": "http://gateway.marvel.com/v1/public/stories/12903",
                "name": "Cover #12903",
                "type": "cover"
            },
            {
                "resourceURI": "http://gateway.marvel.com/v1/public/stories/12904",
                "name": "Danger on the Air!",
                "type": "interiorStory"
            },
            {
                "resourceURI": "http://gateway.marvel.com/v1/public/stories/12908",
                "name": "Things to Come!",
                "type": "interiorStory"
            },
            {
                "resourceURI": "http://gateway.marvel.com/v1/public/stories/12910",
                "name": "I Want to Die!",
                "type": "interiorStory"
            },
            {
                "resourceURI": "http://gateway.marvel.com/v1/public/stories/12912",
                "name": "The Turning Point!",
                "type": "interiorStory"
            },
            {
                "resourceURI": "http://gateway.marvel.com/v1/public/stories/12914",
                "name": "The Tunnels of the Mole Man!",
                "type": "interiorStory"
            },
            {
                "resourceURI": "http://gateway.marvel.com/v1/public/stories/12915",
                "name": "Cover #12915",
                "type": "cover"
            },
            {
                "resourceURI": "http://gateway.marvel.com/v1/public/stories/12917",
                "name": "Menace is Master Pandemonium",
                "type": "cover"
            },
            {
                "resourceURI": "http://gateway.marvel.com/v1/public/stories/12918",
                "name": "No Way Out!",
                "type": "interiorStory"
            },
            {
                "resourceURI": "http://gateway.marvel.com/v1/public/stories/12919",
                "name": "That Which is Forbidden!",
                "type": "cover"
            },
            {
                "resourceURI": "http://gateway.marvel.com/v1/public/stories/12920",
                "name": "Cold Storage!",
                "type": "interiorStory"
            },
            {
                "resourceURI": "http://gateway.marvel.com/v1/public/stories/12921",
                "name": "The Beginning and the End?",
                "type": "cover"
            }
        ],
        "returned": 20
    },
    "events": {
        "available": 4,
        "collectionURI": "http://gateway.marvel.com/v1/public/characters/1009255/events",
        "items": [
            {
                "resourceURI": "http://gateway.marvel.com/v1/public/events/246",
                "name": "Evolutionary War"
            },
            {
                "resourceURI": "http://gateway.marvel.com/v1/public/events/248",
                "name": "Fall of the Mutants"
            },
            {
                "resourceURI": "http://gateway.marvel.com/v1/public/events/154",
                "name": "Onslaught"
            },
            {
                "resourceURI": "http://gateway.marvel.com/v1/public/events/276",
                "name": "War of Kings"
            }
        ],
        "returned": 4
    },
    "urls": [
        {
            "type": "detail",
            "url": "http://marvel.com/comics/characters/1009255/crystal?utm_campaign=apiRef&utm_source=35410e46c72ea769348ceb6ba8cc90fd"
        },
        {
            "type": "wiki",
            "url": "http://marvel.com/universe/Crystal?utm_campaign=apiRef&utm_source=35410e46c72ea769348ceb6ba8cc90fd"
        }
    ],
    "wiki": {
        "universe": "[[Marvel Universe]]hi",
        "real_name": "Crystallia Amaquelin Maximoff",
        "identity": "Public",
        "occupation": "Mother, adventuress",
        "place_of_birth": "Attilan",
        "groups": "[[Inhumans]] (Royal Family); formerly [[Fantastic Four]], [[Avengers]], [[Queen's Vengeance]], [[Dark Riders]]",
        "citizenship": "[[Attilan]]",
        "education": "Royal tutors of Attilan",
        "aliases": "Crys, Exquisite Elemental",
        "relatives": "Quelin (father), Ambur (mother), [[Medusa]] (sister), [[Gorgon (Inhuman)|Gorgon]], [[Karnak]], [[Triton]]  (cousins), [[Black Bolt]] (cousin, brother-in-law), Pietro Maximoff ([[Quicksilver]]) (estranged husband), Luna (daughter), Ahura (nephew), extensive extended family",
        "height": "5'6\"",
        "weight": "110 lbs.",
        "eyes": "Green",
        "hair": "Red",
        "abilities": "",
        "weapons": "",
        "paraphernalia": "When necessary, Crystal periodically ingests a serum (invented by [[Mister_Fantastic|Reed Richards]] of the [[Fantastic Four]]) that allows her to tolerate environmental impurities.",
        "powers": "Crystal can animate and manipulate the four basic \"elemental\" substances: earth, air, fire, and water, either individually or in various combinations. She is also in superior physical condition due to her Inhuman physiology, though she is abnormally vulnerable to pollutants.",
        "debut": "Fantastic Four #45 (1965)",
        "origin": "",
        "significant_issues": "",
        "main_image": "Crystal_442.jpg",
        "bio_text": "Crystal was born into the royal family of the [[Inhumans]], a hidden race preoccupied with genetics. The Inhumans developed the Terrigan Mists, a mutagenic compound routinely applied to Inhuman children, as with Crystal, who was exposed in infancy.",
        "bio": "Crystal was born into the royal family of the [[Inhumans]], a hidden race preoccupied with genetics. The Inhumans developed the Terrigan Mists, a mutagenic compound routinely applied to Inhuman children, as with Crystal, who was exposed in infancy.\n\nWhen Crystal's sister [[Medusa]] disappeared, Crystal and other Inhuman royalty searched the globe for her, ultimately finding her and returning to Attilan with the aid of the [[Fantastic Four]]. Along the way, a passionate romance blossomed between Crystal and the [[Human Torch (Johnny Storm)|Human Torch]]. Though they were at first kept apart by her Inhuman family, and later a Negative Zone barrier that [[Maximus]] created around [[Attilan]]. But after [[Black Bolt]] used his powerful voice to destroy the barrier, the Inhuman's Council of Elders soon made the decision to split up the royal family while the city was being rebuilt. Then Crystal and her cousins left their sanctuary, with Black Bolt's agreement. Crystal was finally free to pursue Johnny, and with Black Bolt's approval, she rejoined him. Together with the Fantastic Four, she helped fight the newly escaped [[Blastaar]], and continued to assist them, though she was usually restrained from active participation by an overly concerned Johnny Storm. Eventually, when the [[Invisible Woman|Invisible Girl]] gave birth to her first child, Crystal made herself a Fantastic Four uniform and announced that she would be her replacement. Skeptical, [[Mister Fantastic]] agreed to think about it, but after stopping the newest series of attacks from the criminal, [[Wizard]], Crystal earned her place on the Marvel Universe's first family. Crystal was later captured by Maximus, using a controlled Lockjaw, after he had retaken the Inhuman throne. But Black Bolt once again used his destructive voice to free them and send Maximus scurrying to a hidden rocket. Crystal first had to leave the Fantastic Four when Black Bolt injured himself in a radiation experiment, and he needed her to use her powers to vibrate his heart until [[Gorgon (Inhuman)|Gorgon]] could return with medicine. Crystal was finally forced to leave the team when she passed out and Reed discovered that Earth's pollutants were slowly killing her. Johnny took it badly, but Reed stopped him before he could jump into Lockjaw's teleportation field.\n\nEn route to Attilan, Crystal rescued and tended the wounded [[Quicksilver]]. A whirlwind romance ensued, and by the time Quicksilver had recovered, they were engaged. Crystal and Quicksilver were married and settled down in Attilan, the first-ever Inhuman marriage to a non-Inhuman. At first, Crystal and Pietro were very happy together, especially after Crystal gave birth to their daughter Luna; but serious tensions arose. Pietro wanted to expose Luna to the Terrigan Mists rather than have her remain an ordinary girl, but Crystal forbade it. Quicksilver immersed himself in his role as commander of the Inhuman militia, while a lonely and bored Crystal had an affair with a real estate salesman Norm Webster. When Pietro found out, he went mad and fled Attilan. Crystal rejoined the Fantastic Four, trying unsuccessfully to rekindle her old romance with Johnny.\n\nPietro eventually recovered from his breakdown, and he and Crystal have made several attempts at reconciliation, including a period during which they served together as [[Avengers]]. Crystal joined their ranks as her way of atoning for her various personal failures. However, Crystal's romantic link to the team's [[Black Knight (Dane Whitman)|Black Knight]] helped sour the marriage yet again, and the couple have been separated as of late.",
        "categories": [
            "Heroes",
            "Women",
            "Avengers",
            "Fantastic Four"
        ]
    }
}