{
    "id": 1009179,
    "name": "Beetle",
    "description": "",
    "modified": "1969-12-31T19:00:00-0500",
    "thumbnail": {
        "path": "http://i.annihil.us/u/prod/marvel/i/mg/b/40/image_not_available",
        "extension": "jpg"
    },
    "resourceURI": "http://gateway.marvel.com/v1/public/characters/1009179",
    "comics": {
        "available": 13,
        "collectionURI": "http://gateway.marvel.com/v1/public/characters/1009179/comics",
        "items": [
            {
                "resourceURI": "http://gateway.marvel.com/v1/public/comics/13151",
                "name": "Fantastic Four (1961) #330"
            },
            {
                "resourceURI": "http://gateway.marvel.com/v1/public/comics/13155",
                "name": "Fantastic Four (1961) #334"
            },
            {
                "resourceURI": "http://gateway.marvel.com/v1/public/comics/13535",
                "name": "Fantastic Four Visionaries: Walter Simonson Vol. 1 (Trade Paperback)"
            },
            {
                "resourceURI": "http://gateway.marvel.com/v1/public/comics/19930",
                "name": "Iron Man (1998) #55"
            },
            {
                "resourceURI": "http://gateway.marvel.com/v1/public/comics/9471",
                "name": "Iron Man (1968) #229"
            },
            {
                "resourceURI": "http://gateway.marvel.com/v1/public/comics/9533",
                "name": "Iron Man (1968) #285"
            },
            {
                "resourceURI": "http://gateway.marvel.com/v1/public/comics/5872",
                "name": "Iron Man: Armor Wars (Trade Paperback)"
            },
            {
                "resourceURI": "http://gateway.marvel.com/v1/public/comics/19571",
                "name": "Marvel Two-in-One (1974) #96"
            },
            {
                "resourceURI": "http://gateway.marvel.com/v1/public/comics/14609",
                "name": "Peter Parker, the Spectacular Spider-Man (1976) #16"
            },
            {
                "resourceURI": "http://gateway.marvel.com/v1/public/comics/14760",
                "name": "Peter Parker, the Spectacular Spider-Man (1976) #59"
            },
            {
                "resourceURI": "http://gateway.marvel.com/v1/public/comics/14614",
                "name": "Peter Parker, the Spectacular Spider-Man (1976) #164"
            },
            {
                "resourceURI": "http://gateway.marvel.com/v1/public/comics/15339",
                "name": "Thunderbolts (1997) #35"
            },
            {
                "resourceURI": "http://gateway.marvel.com/v1/public/comics/14025",
                "name": "Webspinners: Tales of Spider-Man (1999) #17"
            }
        ],
        "returned": 13
    },
    "series": {
        "available": 9,
        "collectionURI": "http://gateway.marvel.com/v1/public/characters/1009179/series",
        "items": [
            {
                "resourceURI": "http://gateway.marvel.com/v1/public/series/2121",
                "name": "Fantastic Four (1961 - 1998)"
            },
            {
                "resourceURI": "http://gateway.marvel.com/v1/public/series/2254",
                "name": "Fantastic Four Visionaries: Walter Simonson Vol. 1 (2007)"
            },
            {
                "resourceURI": "http://gateway.marvel.com/v1/public/series/2572",
                "name": "Iron Man (1998 - 2004)"
            },
            {
                "resourceURI": "http://gateway.marvel.com/v1/public/series/2029",
                "name": "Iron Man (1968 - 1996)"
            },
            {
                "resourceURI": "http://gateway.marvel.com/v1/public/series/1846",
                "name": "Iron Man: Armor Wars (2007)"
            },
            {
                "resourceURI": "http://gateway.marvel.com/v1/public/series/3715",
                "name": "Marvel Two-in-One (1974 - 1983)"
            },
            {
                "resourceURI": "http://gateway.marvel.com/v1/public/series/2271",
                "name": "Peter Parker, the Spectacular Spider-Man (1976 - 1998)"
            },
            {
                "resourceURI": "http://gateway.marvel.com/v1/public/series/2296",
                "name": "Thunderbolts (1997 - 2003)"
            },
            {
                "resourceURI": "http://gateway.marvel.com/v1/public/series/2093",
                "name": "Webspinners: Tales of Spider-Man (1999 - 2000)"
            }
        ],
        "returned": 9
    },
    "stories": {
        "available": 15,
        "collectionURI": "http://gateway.marvel.com/v1/public/characters/1009179/stories",
        "items": [
            {
                "resourceURI": "http://gateway.marvel.com/v1/public/stories/12952",
                "name": "Good Dreams!",
                "type": "interiorStory"
            },
            {
                "resourceURI": "http://gateway.marvel.com/v1/public/stories/12961",
                "name": "Shadows of Alarm..!",
                "type": "interiorStory"
            },
            {
                "resourceURI": "http://gateway.marvel.com/v1/public/stories/19423",
                "name": "Stark Wars Chapter 5: Red Snow",
                "type": "interiorStory"
            },
            {
                "resourceURI": "http://gateway.marvel.com/v1/public/stories/19544",
                "name": "Carnage at Stark Enterprises!",
                "type": "cover"
            },
            {
                "resourceURI": "http://gateway.marvel.com/v1/public/stories/19545",
                "name": "Ashes to Ashes",
                "type": "interiorStory"
            },
            {
                "resourceURI": "http://gateway.marvel.com/v1/public/stories/25745",
                "name": "Cover #25745",
                "type": "cover"
            },
            {
                "resourceURI": "http://gateway.marvel.com/v1/public/stories/28527",
                "name": "Cover #28527",
                "type": "cover"
            },
            {
                "resourceURI": "http://gateway.marvel.com/v1/public/stories/29662",
                "name": "Cover #29662",
                "type": "cover"
            },
            {
                "resourceURI": "http://gateway.marvel.com/v1/public/stories/29673",
                "name": "Cover #29673",
                "type": "cover"
            },
            {
                "resourceURI": "http://gateway.marvel.com/v1/public/stories/29674",
                "name": "Bugged",
                "type": "interiorStory"
            },
            {
                "resourceURI": "http://gateway.marvel.com/v1/public/stories/30097",
                "name": "Cover #30097",
                "type": "cover"
            },
            {
                "resourceURI": "http://gateway.marvel.com/v1/public/stories/31076",
                "name": "Cover #31076",
                "type": "cover"
            },
            {
                "resourceURI": "http://gateway.marvel.com/v1/public/stories/31079",
                "name": "Rap Sheet",
                "type": "letters"
            },
            {
                "resourceURI": "http://gateway.marvel.com/v1/public/stories/41504",
                "name": "Visiting Hours!",
                "type": "interiorStory"
            },
            {
                "resourceURI": "http://gateway.marvel.com/v1/public/stories/42729",
                "name": "Iron Man Gallery",
                "type": "pinup"
            }
        ],
        "returned": 15
    },
    "events": {
        "available": 2,
        "collectionURI": "http://gateway.marvel.com/v1/public/characters/1009179/events",
        "items": [
            {
                "resourceURI": "http://gateway.marvel.com/v1/public/events/116",
                "name": "Acts of Vengeance!"
            },
            {
                "resourceURI": "http://gateway.marvel.com/v1/public/events/231",
                "name": "Armor Wars"
            }
        ],
        "returned": 2
    },
    "urls": [
        {
            "type": "detail",
            "url": "http://marvel.com/comics/characters/1009179/beetle?utm_campaign=apiRef&utm_source=35410e46c72ea769348ceb6ba8cc90fd"
        }
    ]
}