{
    "id": 1009250,
    "name": "Countess",
    "description": "",
    "modified": "1969-12-31T19:00:00-0500",
    "thumbnail": {
        "path": "http://i.annihil.us/u/prod/marvel/i/mg/b/40/image_not_available",
        "extension": "jpg"
    },
    "resourceURI": "http://gateway.marvel.com/v1/public/characters/1009250",
    "comics": {
        "available": 2,
        "collectionURI": "http://gateway.marvel.com/v1/public/characters/1009250/comics",
        "items": [
            {
                "resourceURI": "http://gateway.marvel.com/v1/public/comics/13317",
                "name": "Fantastic Four (1996) #2"
            },
            {
                "resourceURI": "http://gateway.marvel.com/v1/public/comics/5280",
                "name": "Heroes Reborn: Fantastic Four (Trade Paperback)"
            }
        ],
        "returned": 2
    },
    "series": {
        "available": 2,
        "collectionURI": "http://gateway.marvel.com/v1/public/characters/1009250/series",
        "items": [
            {
                "resourceURI": "http://gateway.marvel.com/v1/public/series/2123",
                "name": "Fantastic Four (1996 - 1997)"
            },
            {
                "resourceURI": "http://gateway.marvel.com/v1/public/series/1812",
                "name": "Heroes Reborn: Fantastic Four (2006)"
            }
        ],
        "returned": 2
    },
    "stories": {
        "available": 1,
        "collectionURI": "http://gateway.marvel.com/v1/public/characters/1009250/stories",
        "items": [
            {
                "resourceURI": "http://gateway.marvel.com/v1/public/stories/25847",
                "name": "Repercussions",
                "type": "interiorStory"
            }
        ],
        "returned": 1
    },
    "events": {
        "available": 0,
        "collectionURI": "http://gateway.marvel.com/v1/public/characters/1009250/events",
        "items": [],
        "returned": 0
    },
    "urls": [
        {
            "type": "detail",
            "url": "http://marvel.com/comics/characters/1009250/countess?utm_campaign=apiRef&utm_source=35410e46c72ea769348ceb6ba8cc90fd"
        }
    ]
}