{
    "id": 1009291,
    "name": "Empath",
    "description": "",
    "modified": "1969-12-31T19:00:00-0500",
    "thumbnail": {
        "path": "http://i.annihil.us/u/prod/marvel/i/mg/f/60/4ce59faf350ea",
        "extension": "jpg"
    },
    "resourceURI": "http://gateway.marvel.com/v1/public/characters/1009291",
    "comics": {
        "available": 9,
        "collectionURI": "http://gateway.marvel.com/v1/public/characters/1009291/comics",
        "items": [
            {
                "resourceURI": "http://gateway.marvel.com/v1/public/comics/10368",
                "name": "New Mutants (1983) #31"
            },
            {
                "resourceURI": "http://gateway.marvel.com/v1/public/comics/37592",
                "name": "New Mutants Classic Vol. 6 (Trade Paperback)"
            },
            {
                "resourceURI": "http://gateway.marvel.com/v1/public/comics/13734",
                "name": "Uncanny X-Men (1963) #193"
            },
            {
                "resourceURI": "http://gateway.marvel.com/v1/public/comics/13822",
                "name": "Uncanny X-Men (1963) #281"
            },
            {
                "resourceURI": "http://gateway.marvel.com/v1/public/comics/17997",
                "name": "X-Force (1991) #32"
            },
            {
                "resourceURI": "http://gateway.marvel.com/v1/public/comics/17998",
                "name": "X-Force (1991) #33"
            },
            {
                "resourceURI": "http://gateway.marvel.com/v1/public/comics/17999",
                "name": "X-Force (1991) #34"
            },
            {
                "resourceURI": "http://gateway.marvel.com/v1/public/comics/15035",
                "name": "X-Treme X-Men (2001) #31"
            },
            {
                "resourceURI": "http://gateway.marvel.com/v1/public/comics/17489",
                "name": "X-Treme X-Men Vol. 6: Intifada (0000)"
            }
        ],
        "returned": 9
    },
    "series": {
        "available": 6,
        "collectionURI": "http://gateway.marvel.com/v1/public/characters/1009291/series",
        "items": [
            {
                "resourceURI": "http://gateway.marvel.com/v1/public/series/2055",
                "name": "New Mutants (1983 - 1991)"
            },
            {
                "resourceURI": "http://gateway.marvel.com/v1/public/series/13519",
                "name": "New Mutants Classic Vol. 6 (2010 - Present)"
            },
            {
                "resourceURI": "http://gateway.marvel.com/v1/public/series/2258",
                "name": "Uncanny X-Men (1963 - 2011)"
            },
            {
                "resourceURI": "http://gateway.marvel.com/v1/public/series/3633",
                "name": "X-Force (1991 - 2004)"
            },
            {
                "resourceURI": "http://gateway.marvel.com/v1/public/series/646",
                "name": "X-Treme X-Men (2001 - 2004)"
            },
            {
                "resourceURI": "http://gateway.marvel.com/v1/public/series/3321",
                "name": "X-Treme X-Men Vol. 6: Intifada (0000 - Present)"
            }
        ],
        "returned": 6
    },
    "stories": {
        "available": 9,
        "collectionURI": "http://gateway.marvel.com/v1/public/characters/1009291/stories",
        "items": [
            {
                "resourceURI": "http://gateway.marvel.com/v1/public/stories/21437",
                "name": "Empath",
                "type": "pin-up"
            },
            {
                "resourceURI": "http://gateway.marvel.com/v1/public/stories/27895",
                "name": "Cover #27895",
                "type": "cover"
            },
            {
                "resourceURI": "http://gateway.marvel.com/v1/public/stories/27896",
                "name": "Warhunt 2",
                "type": "interiorStory"
            },
            {
                "resourceURI": "http://gateway.marvel.com/v1/public/stories/28072",
                "name": "Fresh Upstart",
                "type": "interiorStory"
            },
            {
                "resourceURI": "http://gateway.marvel.com/v1/public/stories/30585",
                "name": "Intifada Part 1: This is the Way the World Ends",
                "type": "interiorStory"
            },
            {
                "resourceURI": "http://gateway.marvel.com/v1/public/stories/38273",
                "name": "Child's Play Part 1: First Move With a Roll of the Dice",
                "type": "interiorStory"
            },
            {
                "resourceURI": "http://gateway.marvel.com/v1/public/stories/38275",
                "name": "Child's Play Part 3: Rules Were Made to Be Broken",
                "type": "interiorStory"
            },
            {
                "resourceURI": "http://gateway.marvel.com/v1/public/stories/38277",
                "name": "Guns and Poses",
                "type": "interiorStory"
            },
            {
                "resourceURI": "http://gateway.marvel.com/v1/public/stories/83111",
                "name": "Interior #83111",
                "type": "interiorStory"
            }
        ],
        "returned": 9
    },
    "events": {
        "available": 0,
        "collectionURI": "http://gateway.marvel.com/v1/public/characters/1009291/events",
        "items": [],
        "returned": 0
    },
    "urls": [
        {
            "type": "detail",
            "url": "http://marvel.com/comics/characters/1009291/empath?utm_campaign=apiRef&utm_source=35410e46c72ea769348ceb6ba8cc90fd"
        }
    ]
}