{
    "id": 1009582,
    "name": "Shinobi Shaw",
    "description": "Shinobi Shaw is the illegitimate son of Sebastian Shaw, who was rejected and abandoned by his father at an early age and grew tired of waiting to inherit his father's wealth and wearied of the elder Shaw's contempt for his decadent lifestyle.",
    "modified": "1969-12-31T19:00:00-0500",
    "thumbnail": {
        "path": "http://i.annihil.us/u/prod/marvel/i/mg/b/a0/4c003c1bbf29f",
        "extension": "jpg"
    },
    "resourceURI": "http://gateway.marvel.com/v1/public/characters/1009582",
    "comics": {
        "available": 2,
        "collectionURI": "http://gateway.marvel.com/v1/public/characters/1009582/comics",
        "items": [
            {
                "resourceURI": "http://gateway.marvel.com/v1/public/comics/17997",
                "name": "X-Force (1991) #32"
            },
            {
                "resourceURI": "http://gateway.marvel.com/v1/public/comics/17998",
                "name": "X-Force (1991) #33"
            }
        ],
        "returned": 2
    },
    "series": {
        "available": 1,
        "collectionURI": "http://gateway.marvel.com/v1/public/characters/1009582/series",
        "items": [
            {
                "resourceURI": "http://gateway.marvel.com/v1/public/series/3633",
                "name": "X-Force (1991 - 2004)"
            }
        ],
        "returned": 1
    },
    "stories": {
        "available": 2,
        "collectionURI": "http://gateway.marvel.com/v1/public/characters/1009582/stories",
        "items": [
            {
                "resourceURI": "http://gateway.marvel.com/v1/public/stories/38273",
                "name": "Child's Play Part 1: First Move With a Roll of the Dice",
                "type": "interiorStory"
            },
            {
                "resourceURI": "http://gateway.marvel.com/v1/public/stories/38275",
                "name": "Child's Play Part 3: Rules Were Made to Be Broken",
                "type": "interiorStory"
            }
        ],
        "returned": 2
    },
    "events": {
        "available": 0,
        "collectionURI": "http://gateway.marvel.com/v1/public/characters/1009582/events",
        "items": [],
        "returned": 0
    },
    "urls": [
        {
            "type": "detail",
            "url": "http://marvel.com/comics/characters/1009582/shinobi_shaw?utm_campaign=apiRef&utm_source=35410e46c72ea769348ceb6ba8cc90fd"
        },
        {
            "type": "wiki",
            "url": "http://marvel.com/universe/Shaw%2C_Shinobi?utm_campaign=apiRef&utm_source=35410e46c72ea769348ceb6ba8cc90fd"
        }
    ],
    "wiki": {
        "universe": "[[Marvel Universe]]",
        "real_name": "Shinobi Shaw",
        "occupation": "None",
        "identity": "No dual identity",
        "place_of_birth": "Unrevealed",
        "groups": "Formerly [[Hellfire Club]], [[Upstarts]]",
        "citizenship": "U.S.A.",
        "education": "Unrevealed",
        "aliases": "Black King",
        "relatives": "[[Shaw, Sebastian|Sebastian Shaw]] (father), unidentified mother",
        "height": "5'11\"",
        "weight": "165 lbs.",
        "eyes": "Blue",
        "hair": "Black",
        "powers": "Able to alter the molecular density of his body, allowing him to become intangible. He is able to molecularly disrupt an object or a person he touches while he is phased.",
        "debut": "X-Factor #67 (1991)",
        "origin": "",
        "significant_issues": "",
        "main_image": "shino_shaw.jpg",
        "bio_text": "Shinobi Shaw is the illegitimate son of [[Shaw, Sebastian|Sebastian Shaw]]. Rejected and abandoned by his father at an early age, Shinobi grew tired of waiting to inherit his father's wealth and wearied of the elder Shaw's contempt for his decadent lifestyle. When his own mutant powers manifested after puberty, he discovered they closely resembled those of his \"uncle,\" Harry Leland. Believing himself to be Leland's son rather than Shaw's, the last vestiges of Shinobi's loyalty to Sebastian Shaw vanished. He soon became involved with the mysterious group of hedonists and power-seekers known as the [[Upstarts]].",
        "bio": "Shinobi Shaw is the illegitimate son of [[Shaw, Sebastian|Sebastian Shaw]]. Rejected and abandoned by his father at an early age, Shinobi grew tired of waiting to inherit his father's wealth and wearied of the elder Shaw's contempt for his decadent lifestyle. When his own mutant powers manifested after puberty, he discovered they closely resembled those of his \"uncle,\" Harry Leland. Believing himself to be Leland's son rather than Shaw's, the last vestiges of Shinobi's loyalty to Sebastian Shaw vanished. He soon became involved with the mysterious group of hedonists and power-seekers known as the [[Upstarts]].\n\nUsing his own business skills, Shinobi amassed a private fortune of his own and bought out Shaw Industries from under his father's feet. Confronting Sebastian Shaw with this coup at his father’s retreat in Interlaken, Switzerland, Shinobi drove his father into a rage before using his mutant abilities to slay his father. Taking Shaw's ring as the symbol of his victory, he announced his triumph and claimed his father's place as Black King of the Inner Circle of the [[Hellfire Club]]. \n\nShinobi quickly took control of Shaw's resources, and began assembling a personal guard of [[Sentinels|Sentinel]]-class robots and mercenaries. But Shinobi soon found himself in a deadly game with another rival for control of the club, fellow Upstart and mutant, [[Trevor Fitzroy]]. With his own Sentinels, Fitzroy separately defeated Inner Circle members [[Pierce, Donald|Donald Pierce]], [[Frost, Emma|Emma Frost]], and finally Shinobi himself. Shinobi suffered the humiliation of having Fitzroy cut Shaw's ring from his finger and was left to bleed to death. But Shinobi's personal Sentinels reached him more swiftly than Fitzroy had expected, and they acted quickly to reattach the finger. The operation was successful, although Shinobi still feels a little stiffness.\n\nMarshaling his organization's power, Shinobi prepared for vengeance against Fitzroy, who was later confronted and forced to flee by the [[X-Men]] and their ally, [[Bishop (Lucas Bishop)|Bishop]]. Shinobi sent his men to Fitzroy's hideout, secretly mined the base with powerful explosive charges, and placed Fitzroy under surveillance.\n\nWhen the X-Men and Bishop soon attacked Fitzroy's lair, the X-Men tried to retrieve [[Phoenix (Jean Grey)|Jean Grey]], whom Fitzroy had captured while Bishop was in pursuit of mutant criminals entering our reality through Fitzroy's time-portal. Fitzroy tried to escape when he realized he was outmatched, but Shinobi's minions were waiting and they took Fitzroy captive. Shinobi retrieved his father's ring, then ordered the explosives detonated to kill the X-Men and destroy Fitzroy's base, although everyone escaped the blast.\n\nShinobi continued to engage in frequent violent conflicts with other superhumans, but this ultimately resulted in his failure to establish himself as his father's successor. Once he learned that his father was alive, Shinobi, presumably in fear of retaliation for his assassination attempt, deserted all of his inherited positions and returned to a more secretive mode of life.",
        "categories": [
            "X-Men",
            "Villains",
            "Mutants"
        ]
    }
}