{
    "id": 1009471,
    "name": "Nick Fury",
    "description": "",
    "modified": "2013-10-18T17:26:42-0400",
    "thumbnail": {
        "path": "http://i.annihil.us/u/prod/marvel/i/mg/3/c0/5261a745e658d",
        "extension": "jpg"
    },
    "resourceURI": "http://gateway.marvel.com/v1/public/characters/1009471",
    "comics": {
        "available": 281,
        "collectionURI": "http://gateway.marvel.com/v1/public/characters/1009471/comics",
        "items": [
            {
                "id": 41338,
                "resourceURI": "http://gateway.marvel.com/v1/public/comics/41338",
                "name": "Marvel's The Avengers Prelude: Fury's Big Week (2011) #1"
            },
            {
                "id": 42117,
                "resourceURI": "http://gateway.marvel.com/v1/public/comics/42117",
                "name": "Point One (2011) #1 (Bradshaw Variant)"
            },
            {
                "id": 41351,
                "resourceURI": "http://gateway.marvel.com/v1/public/comics/41351",
                "name": "Battle Scars (2011) #1"
            },
            {
                "id": 42118,
                "resourceURI": "http://gateway.marvel.com/v1/public/comics/42118",
                "name": "Point One (2011) #1 (Bradshaw Inked Variant)"
            },
            {
                "id": 40357,
                "resourceURI": "http://gateway.marvel.com/v1/public/comics/40357",
                "name": "Avengers 1959 (2011) #3"
            },
            {
                "id": 40360,
                "resourceURI": "http://gateway.marvel.com/v1/public/comics/40360",
                "name": "Avengers 1959 (2011) #1"
            },
            {
                "id": 38373,
                "resourceURI": "http://gateway.marvel.com/v1/public/comics/38373",
                "name": "Wolverine: Debt of Death (2011) #1"
            },
            {
                "id": 40019,
                "resourceURI": "http://gateway.marvel.com/v1/public/comics/40019",
                "name": "Secret Warriors (2008) #28 (I Am Captain America Variant)"
            },
            {
                "id": 36494,
                "resourceURI": "http://gateway.marvel.com/v1/public/comics/36494",
                "name": "Secret Warriors (2008) #28"
            },
            {
                "id": 38922,
                "resourceURI": "http://gateway.marvel.com/v1/public/comics/38922",
                "name": "Fear Itself (2010) #4 (Immonen Variant)"
            },
            {
                "id": 38042,
                "resourceURI": "http://gateway.marvel.com/v1/public/comics/38042",
                "name": "Fear Itself (2010) #4"
            },
            {
                "id": 38927,
                "resourceURI": "http://gateway.marvel.com/v1/public/comics/38927",
                "name": "Fear Itself (2010) #4 (Dodson Variant)"
            },
            {
                "id": 30964,
                "resourceURI": "http://gateway.marvel.com/v1/public/comics/30964",
                "name": "Secret Warriors Vol. 5 (Hardcover)"
            },
            {
                "id": 35261,
                "resourceURI": "http://gateway.marvel.com/v1/public/comics/35261",
                "name": "New Avengers (2010) #13"
            },
            {
                "id": 37580,
                "resourceURI": "http://gateway.marvel.com/v1/public/comics/37580",
                "name": "Captain America by Dan Jurgens Vol. 1 (Trade Paperback)"
            },
            {
                "id": 36493,
                "resourceURI": "http://gateway.marvel.com/v1/public/comics/36493",
                "name": "Secret Warriors (2008) #27"
            },
            {
                "id": 28927,
                "resourceURI": "http://gateway.marvel.com/v1/public/comics/28927",
                "name": "The Marvels Project (Trade Paperback)"
            },
            {
                "id": 38711,
                "resourceURI": "http://gateway.marvel.com/v1/public/comics/38711",
                "name": "New Avengers (2010) #11 (THOR HOLLYWOOD VARIANT)"
            },
            {
                "id": 32706,
                "resourceURI": "http://gateway.marvel.com/v1/public/comics/32706",
                "name": "New Avengers (2010) #11"
            },
            {
                "id": 30962,
                "resourceURI": "http://gateway.marvel.com/v1/public/comics/30962",
                "name": "Secret Warriors Vol. 4: Last Ride of the Howling Commandos (Trade Paperback)"
            },
            {
                "id": 39521,
                "resourceURI": "http://gateway.marvel.com/v1/public/comics/39521",
                "name": "Essential Captain America Vol. 6 (Trade Paperback)"
            },
            {
                "id": 32704,
                "resourceURI": "http://gateway.marvel.com/v1/public/comics/32704",
                "name": "New Avengers (2010) #10"
            },
            {
                "id": 36492,
                "resourceURI": "http://gateway.marvel.com/v1/public/comics/36492",
                "name": "Secret Warriors (2008) #25"
            },
            {
                "id": 29474,
                "resourceURI": "http://gateway.marvel.com/v1/public/comics/29474",
                "name": "Thor by Walter Simonson (Hardcover)"
            },
            {
                "id": 32725,
                "resourceURI": "http://gateway.marvel.com/v1/public/comics/32725",
                "name": "New Avengers (2010) #9"
            },
            {
                "id": 30184,
                "resourceURI": "http://gateway.marvel.com/v1/public/comics/30184",
                "name": "Secret Warriors (2008) #24"
            },
            {
                "id": 36229,
                "resourceURI": "http://gateway.marvel.com/v1/public/comics/36229",
                "name": "Captain America: Hail Hydra (2010) #1"
            },
            {
                "id": 30183,
                "resourceURI": "http://gateway.marvel.com/v1/public/comics/30183",
                "name": "Secret Warriors (2008) #23"
            },
            {
                "id": 30182,
                "resourceURI": "http://gateway.marvel.com/v1/public/comics/30182",
                "name": "Secret Warriors (2008) #22"
            },
            {
                "id": 29883,
                "resourceURI": "http://gateway.marvel.com/v1/public/comics/29883",
                "name": "Hawkeye & Mockingbird (2010) #6"
            },
            {
                "id": 30181,
                "resourceURI": "http://gateway.marvel.com/v1/public/comics/30181",
                "name": "Secret Warriors (2008) #21"
            },
            {
                "id": 30180,
                "resourceURI": "http://gateway.marvel.com/v1/public/comics/30180",
                "name": "Secret Warriors (2008) #20"
            },
            {
                "id": 36442,
                "resourceURI": "http://gateway.marvel.com/v1/public/comics/36442",
                "name": "Iron Man 2: Agents of S.H.I.E.L.D. (2010) #1"
            },
            {
                "id": 30012,
                "resourceURI": "http://gateway.marvel.com/v1/public/comics/30012",
                "name": "Hawkeye & Mockingbird (2010) #2"
            },
            {
                "id": 30714,
                "resourceURI": "http://gateway.marvel.com/v1/public/comics/30714",
                "name": "Secret Warriors (2008) #17"
            },
            {
                "id": 30273,
                "resourceURI": "http://gateway.marvel.com/v1/public/comics/30273",
                "name": "X-Men Forever Giant-Size (2010) #1"
            },
            {
                "id": 32930,
                "resourceURI": "http://gateway.marvel.com/v1/public/comics/32930",
                "name": "Siege: Secret Warriors (2010) #1"
            },
            {
                "id": 32559,
                "resourceURI": "http://gateway.marvel.com/v1/public/comics/32559",
                "name": "Secret Warriors (2008) #15"
            },
            {
                "id": 30272,
                "resourceURI": "http://gateway.marvel.com/v1/public/comics/30272",
                "name": "X-Men Forever Annual (2010) #1"
            },
            {
                "id": 30175,
                "resourceURI": "http://gateway.marvel.com/v1/public/comics/30175",
                "name": "Secret Warriors (2008) #14"
            },
            {
                "id": 26284,
                "resourceURI": "http://gateway.marvel.com/v1/public/comics/26284",
                "name": "Secret Warriors (2008) #11"
            },
            {
                "id": 26283,
                "resourceURI": "http://gateway.marvel.com/v1/public/comics/26283",
                "name": "Secret Warriors (2008) #10"
            },
            {
                "id": 26291,
                "resourceURI": "http://gateway.marvel.com/v1/public/comics/26291",
                "name": "Secret Warriors (2008) #9"
            },
            {
                "id": 26290,
                "resourceURI": "http://gateway.marvel.com/v1/public/comics/26290",
                "name": "Secret Warriors (2008) #8"
            },
            {
                "id": 24514,
                "resourceURI": "http://gateway.marvel.com/v1/public/comics/24514",
                "name": "Astonishing X-Men by Joss Whedon & John Cassaday (Hardcover)"
            },
            {
                "id": 26289,
                "resourceURI": "http://gateway.marvel.com/v1/public/comics/26289",
                "name": "Secret Warriors (2008) #7"
            },
            {
                "id": 26288,
                "resourceURI": "http://gateway.marvel.com/v1/public/comics/26288",
                "name": "Secret Warriors (2008) #6"
            },
            {
                "id": 24824,
                "resourceURI": "http://gateway.marvel.com/v1/public/comics/24824",
                "name": "Immortal Weapons (2009) #1"
            },
            {
                "id": 26287,
                "resourceURI": "http://gateway.marvel.com/v1/public/comics/26287",
                "name": "Secret Warriors (2008) #5"
            },
            {
                "id": 24208,
                "resourceURI": "http://gateway.marvel.com/v1/public/comics/24208",
                "name": "Secret Warriors (2008) #4"
            },
            {
                "id": 24265,
                "resourceURI": "http://gateway.marvel.com/v1/public/comics/24265",
                "name": "Howling Commandos (2009) #1"
            },
            {
                "id": 24002,
                "resourceURI": "http://gateway.marvel.com/v1/public/comics/24002",
                "name": "Secret Warriors (2008) #3"
            },
            {
                "id": 23812,
                "resourceURI": "http://gateway.marvel.com/v1/public/comics/23812",
                "name": "Secret Warriors (2008) #2"
            },
            {
                "id": 22618,
                "resourceURI": "http://gateway.marvel.com/v1/public/comics/22618",
                "name": "Marvel Masterworks: The Invincible Iron Man Vol. 5 (Hardcover)"
            },
            {
                "id": 22617,
                "resourceURI": "http://gateway.marvel.com/v1/public/comics/22617",
                "name": "Marvel Masterworks: The Invincible Iron Man Vol. 5 (Hardcover)"
            },
            {
                "id": 22433,
                "resourceURI": "http://gateway.marvel.com/v1/public/comics/22433",
                "name": "Annihilation Classic (Hardcover)"
            },
            {
                "id": 21975,
                "resourceURI": "http://gateway.marvel.com/v1/public/comics/21975",
                "name": "Avengers: The Initiative (2007) #17"
            },
            {
                "id": 21969,
                "resourceURI": "http://gateway.marvel.com/v1/public/comics/21969",
                "name": "Mighty Avengers (2007) #18"
            },
            {
                "id": 21741,
                "resourceURI": "http://gateway.marvel.com/v1/public/comics/21741",
                "name": "Avengers: The Initiative (2007) #16"
            },
            {
                "id": 21761,
                "resourceURI": "http://gateway.marvel.com/v1/public/comics/21761",
                "name": "Avengers/Invaders (2008) #4"
            },
            {
                "id": 21565,
                "resourceURI": "http://gateway.marvel.com/v1/public/comics/21565",
                "name": "Avengers/Invaders (2008) #3"
            },
            {
                "id": 21248,
                "resourceURI": "http://gateway.marvel.com/v1/public/comics/21248",
                "name": "Avengers/Invaders (2008) #1 (FINCH VARIANT)"
            },
            {
                "id": 21211,
                "resourceURI": "http://gateway.marvel.com/v1/public/comics/21211",
                "name": "Mighty Avengers (2007) #13"
            },
            {
                "id": 21001,
                "resourceURI": "http://gateway.marvel.com/v1/public/comics/21001",
                "name": "Mighty Avengers (2007) #12"
            },
            {
                "id": 20936,
                "resourceURI": "http://gateway.marvel.com/v1/public/comics/20936",
                "name": "Marvel Masterworks: Captain America Vol. 4 (Hardcover)"
            },
            {
                "id": 20937,
                "resourceURI": "http://gateway.marvel.com/v1/public/comics/20937",
                "name": "Marvel Masterworks: Captain America Vol. 4 (Hardcover)"
            },
            {
                "id": 20946,
                "resourceURI": "http://gateway.marvel.com/v1/public/comics/20946",
                "name": "Cable Classic Vol. 1 (Trade Paperback)"
            },
            {
                "id": 15902,
                "resourceURI": "http://gateway.marvel.com/v1/public/comics/15902",
                "name": "Paradise X Vol. 1 (Trade Paperback)"
            },
            {
                "id": 15895,
                "resourceURI": "http://gateway.marvel.com/v1/public/comics/15895",
                "name": "Bullet Points (Trade Paperback)"
            },
            {
                "id": 13530,
                "resourceURI": "http://gateway.marvel.com/v1/public/comics/13530",
                "name": "Marvel Masterworks: The Incredible Hulk Vol. 4 (Hardcover)"
            },
            {
                "id": 5933,
                "resourceURI": "http://gateway.marvel.com/v1/public/comics/5933",
                "name": "Iron Man: Execute Program (Trade Paperback)"
            },
            {
                "id": 5781,
                "resourceURI": "http://gateway.marvel.com/v1/public/comics/5781",
                "name": "Bullet Points (2006) #3"
            },
            {
                "id": 5705,
                "resourceURI": "http://gateway.marvel.com/v1/public/comics/5705",
                "name": "Heroes Reborn: Avengers (Trade Paperback)"
            },
            {
                "id": 5453,
                "resourceURI": "http://gateway.marvel.com/v1/public/comics/5453",
                "name": "Heroes Reborn: Captain America (Trade Paperback)"
            },
            {
                "id": 5589,
                "resourceURI": "http://gateway.marvel.com/v1/public/comics/5589",
                "name": "Heroes Reborn: Iron Man (Trade Paperback)"
            },
            {
                "id": 5280,
                "resourceURI": "http://gateway.marvel.com/v1/public/comics/5280",
                "name": "Heroes Reborn: Fantastic Four (Trade Paperback)"
            },
            {
                "id": 5236,
                "resourceURI": "http://gateway.marvel.com/v1/public/comics/5236",
                "name": "Wolverine: Enemy of the State - The Complete Edition (Hardcover)"
            },
            {
                "id": 5195,
                "resourceURI": "http://gateway.marvel.com/v1/public/comics/5195",
                "name": "Captain America: Winter Soldier Vol. 2 (Trade Paperback)"
            },
            {
                "id": 4241,
                "resourceURI": "http://gateway.marvel.com/v1/public/comics/4241",
                "name": "Earth X (New (Trade Paperback)"
            },
            {
                "id": 4018,
                "resourceURI": "http://gateway.marvel.com/v1/public/comics/4018",
                "name": "Iron Man (2004) #7"
            },
            {
                "id": 4021,
                "resourceURI": "http://gateway.marvel.com/v1/public/comics/4021",
                "name": "Astonishing X-Men Vol. 1 (Hardcover)"
            },
            {
                "id": 3916,
                "resourceURI": "http://gateway.marvel.com/v1/public/comics/3916",
                "name": "Captain America: Winter Soldier Vol. 1 (Trade Paperback)"
            },
            {
                "id": 3557,
                "resourceURI": "http://gateway.marvel.com/v1/public/comics/3557",
                "name": "Marvel Masterworks: Sgt. Fury Vol. (Hardcover)"
            },
            {
                "id": 3440,
                "resourceURI": "http://gateway.marvel.com/v1/public/comics/3440",
                "name": "Marvel Visionaries: Roy Thomas (Hardcover)"
            },
            {
                "id": 3156,
                "resourceURI": "http://gateway.marvel.com/v1/public/comics/3156",
                "name": "Captain America & the Falcon: Secret Empire (Trade Paperback)"
            },
            {
                "id": 2422,
                "resourceURI": "http://gateway.marvel.com/v1/public/comics/2422",
                "name": "Captain America (2004) #12"
            },
            {
                "id": 16248,
                "resourceURI": "http://gateway.marvel.com/v1/public/comics/16248",
                "name": "Cap Transport (2005) #9"
            },
            {
                "id": 2820,
                "resourceURI": "http://gateway.marvel.com/v1/public/comics/2820",
                "name": "Marvel Masterworks: Doctor Strange Vol. (Hardcover)"
            },
            {
                "id": 2319,
                "resourceURI": "http://gateway.marvel.com/v1/public/comics/2319",
                "name": "Marvel Masterworks: Doctor Strange Vol. (Hardcover)"
            },
            {
                "id": 2308,
                "resourceURI": "http://gateway.marvel.com/v1/public/comics/2308",
                "name": "Captain America (2004) #9"
            },
            {
                "id": 2190,
                "resourceURI": "http://gateway.marvel.com/v1/public/comics/2190",
                "name": "Captain America (2004) #8"
            },
            {
                "id": 2110,
                "resourceURI": "http://gateway.marvel.com/v1/public/comics/2110",
                "name": "Marvel Masterworks: Captain America Vol. (Hardcover)"
            },
            {
                "id": 2001,
                "resourceURI": "http://gateway.marvel.com/v1/public/comics/2001",
                "name": "Marvel Masterworks: The Invincible Iron Man Vol. (Hardcover)"
            },
            {
                "id": 1870,
                "resourceURI": "http://gateway.marvel.com/v1/public/comics/1870",
                "name": "Captain America (2004) #6"
            },
            {
                "id": 1960,
                "resourceURI": "http://gateway.marvel.com/v1/public/comics/1960",
                "name": "Punisher Max Vol. 3: Mother Russia (Trade Paperback)"
            },
            {
                "id": 16244,
                "resourceURI": "http://gateway.marvel.com/v1/public/comics/16244",
                "name": "Cap Transport (2005) #5"
            },
            {
                "id": 14985,
                "resourceURI": "http://gateway.marvel.com/v1/public/comics/14985",
                "name": "Punisher (2004) #18"
            },
            {
                "id": 1764,
                "resourceURI": "http://gateway.marvel.com/v1/public/comics/1764",
                "name": "Captain America (2004) #5"
            },
            {
                "id": 1844,
                "resourceURI": "http://gateway.marvel.com/v1/public/comics/1844",
                "name": "Black Widow: Homecoming (Trade Paperback)"
            },
            {
                "id": 1822,
                "resourceURI": "http://gateway.marvel.com/v1/public/comics/1822",
                "name": "Wolverine (2003) #27"
            },
            {
                "id": 14984,
                "resourceURI": "http://gateway.marvel.com/v1/public/comics/14984",
                "name": "Punisher (2004) #17"
            },
            {
                "id": 14983,
                "resourceURI": "http://gateway.marvel.com/v1/public/comics/14983",
                "name": "Punisher (2004) #16"
            },
            {
                "id": 1627,
                "resourceURI": "http://gateway.marvel.com/v1/public/comics/1627",
                "name": "Black Widow (2004) #6"
            },
            {
                "id": 1617,
                "resourceURI": "http://gateway.marvel.com/v1/public/comics/1617",
                "name": "Wolverine (2003) #25"
            },
            {
                "id": 14982,
                "resourceURI": "http://gateway.marvel.com/v1/public/comics/14982",
                "name": "Punisher (2004) #15"
            },
            {
                "id": 14981,
                "resourceURI": "http://gateway.marvel.com/v1/public/comics/14981",
                "name": "Punisher (2004) #14"
            },
            {
                "id": 12120,
                "resourceURI": "http://gateway.marvel.com/v1/public/comics/12120",
                "name": "Wha...Huh? (2005) #1"
            },
            {
                "id": 14980,
                "resourceURI": "http://gateway.marvel.com/v1/public/comics/14980",
                "name": "Punisher (2004) #13"
            },
            {
                "id": 1492,
                "resourceURI": "http://gateway.marvel.com/v1/public/comics/1492",
                "name": "Captain America (2004) #2"
            },
            {
                "id": 1456,
                "resourceURI": "http://gateway.marvel.com/v1/public/comics/1456",
                "name": "Astonishing X-Men Vol. 1: Gifted (Trade Paperback)"
            },
            {
                "id": 39,
                "resourceURI": "http://gateway.marvel.com/v1/public/comics/39",
                "name": "Black Widow (2004) #3"
            },
            {
                "id": 91,
                "resourceURI": "http://gateway.marvel.com/v1/public/comics/91",
                "name": "Captain America (2004) #1"
            },
            {
                "id": 531,
                "resourceURI": "http://gateway.marvel.com/v1/public/comics/531",
                "name": "Astonishing X-Men (2004) #3"
            },
            {
                "id": 1207,
                "resourceURI": "http://gateway.marvel.com/v1/public/comics/1207",
                "name": "Spider-Man Legends Vol. IV: Spider-Man & Wolverine (Trade Paperback)"
            },
            {
                "id": 1194,
                "resourceURI": "http://gateway.marvel.com/v1/public/comics/1194",
                "name": "Captain America Vol. I: The New Deal (Trade Paperback)"
            },
            {
                "id": 18829,
                "resourceURI": "http://gateway.marvel.com/v1/public/comics/18829",
                "name": "Spider-Man & Wolverine (2003) #3"
            },
            {
                "id": 1164,
                "resourceURI": "http://gateway.marvel.com/v1/public/comics/1164",
                "name": "Marvel Masterworks: The Silver Surfer Vol. 2 (Hardcover)"
            },
            {
                "id": 1169,
                "resourceURI": "http://gateway.marvel.com/v1/public/comics/1169",
                "name": "Marvel Masterworks: Doctor Strange Vol. 1 (Hardcover)"
            },
            {
                "id": 19945,
                "resourceURI": "http://gateway.marvel.com/v1/public/comics/19945",
                "name": "Iron Man (1998) #69"
            },
            {
                "id": 1130,
                "resourceURI": "http://gateway.marvel.com/v1/public/comics/1130",
                "name": "Marvel Masterworks: Captain America Vol. 1 - 2nd Edition (Hardcover)"
            },
            {
                "id": 19943,
                "resourceURI": "http://gateway.marvel.com/v1/public/comics/19943",
                "name": "Iron Man (1998) #67"
            },
            {
                "id": 19942,
                "resourceURI": "http://gateway.marvel.com/v1/public/comics/19942",
                "name": "Iron Man (1998) #66"
            },
            {
                "id": 19941,
                "resourceURI": "http://gateway.marvel.com/v1/public/comics/19941",
                "name": "Iron Man (1998) #65"
            },
            {
                "id": 1098,
                "resourceURI": "http://gateway.marvel.com/v1/public/comics/1098",
                "name": "Avengers Vol. 1: World Trust (Trade Paperback)"
            },
            {
                "id": 1033,
                "resourceURI": "http://gateway.marvel.com/v1/public/comics/1033",
                "name": "Avengers Legends Vol. I: Avengers Forever (Trade Paperback)"
            },
            {
                "id": 1079,
                "resourceURI": "http://gateway.marvel.com/v1/public/comics/1079",
                "name": "X-Men Visionaries: Jim Lee (Trade Paperback)"
            },
            {
                "id": 17543,
                "resourceURI": "http://gateway.marvel.com/v1/public/comics/17543",
                "name": "Avengers (1998) #58"
            },
            {
                "id": 12844,
                "resourceURI": "http://gateway.marvel.com/v1/public/comics/12844",
                "name": "Captain America (2002) #5"
            },
            {
                "id": 12843,
                "resourceURI": "http://gateway.marvel.com/v1/public/comics/12843",
                "name": "Captain America (2002) #4"
            },
            {
                "id": 12828,
                "resourceURI": "http://gateway.marvel.com/v1/public/comics/12828",
                "name": "Captain America (2002) #2"
            },
            {
                "id": 12817,
                "resourceURI": "http://gateway.marvel.com/v1/public/comics/12817",
                "name": "Captain America (2002) #1"
            },
            {
                "id": 10492,
                "resourceURI": "http://gateway.marvel.com/v1/public/comics/10492",
                "name": "Paradise X (2002)"
            },
            {
                "id": 19920,
                "resourceURI": "http://gateway.marvel.com/v1/public/comics/19920",
                "name": "Iron Man (1998) #46"
            },
            {
                "id": 14110,
                "resourceURI": "http://gateway.marvel.com/v1/public/comics/14110",
                "name": "Wolverine (1988) #166"
            },
            {
                "id": 14109,
                "resourceURI": "http://gateway.marvel.com/v1/public/comics/14109",
                "name": "Wolverine (1988) #165"
            },
            {
                "id": 14108,
                "resourceURI": "http://gateway.marvel.com/v1/public/comics/14108",
                "name": "Wolverine (1988) #164"
            },
            {
                "id": 14107,
                "resourceURI": "http://gateway.marvel.com/v1/public/comics/14107",
                "name": "Wolverine (1988) #163"
            },
            {
                "id": 14811,
                "resourceURI": "http://gateway.marvel.com/v1/public/comics/14811",
                "name": "Black Widow: Breakdown (2001) #3"
            },
            {
                "id": 12798,
                "resourceURI": "http://gateway.marvel.com/v1/public/comics/12798",
                "name": "Captain America (1998) #38"
            },
            {
                "id": 14810,
                "resourceURI": "http://gateway.marvel.com/v1/public/comics/14810",
                "name": "Black Widow: Breakdown (2001) #2"
            },
            {
                "id": 14809,
                "resourceURI": "http://gateway.marvel.com/v1/public/comics/14809",
                "name": "Black Widow: Breakdown (2001) #1"
            },
            {
                "id": 19909,
                "resourceURI": "http://gateway.marvel.com/v1/public/comics/19909",
                "name": "Iron Man (1998) #36"
            },
            {
                "id": 12796,
                "resourceURI": "http://gateway.marvel.com/v1/public/comics/12796",
                "name": "Captain America (1998) #36"
            },
            {
                "id": 12795,
                "resourceURI": "http://gateway.marvel.com/v1/public/comics/12795",
                "name": "Captain America (1998) #35"
            },
            {
                "id": 16065,
                "resourceURI": "http://gateway.marvel.com/v1/public/comics/16065",
                "name": "Marvel Knights (2000) #5"
            },
            {
                "id": 14419,
                "resourceURI": "http://gateway.marvel.com/v1/public/comics/14419",
                "name": "Incredible Hulk (1999) #19"
            },
            {
                "id": 12794,
                "resourceURI": "http://gateway.marvel.com/v1/public/comics/12794",
                "name": "Captain America (1998) #34"
            },
            {
                "id": 16064,
                "resourceURI": "http://gateway.marvel.com/v1/public/comics/16064",
                "name": "Marvel Knights (2000) #4"
            },
            {
                "id": 12792,
                "resourceURI": "http://gateway.marvel.com/v1/public/comics/12792",
                "name": "Captain America (1998) #32"
            },
            {
                "id": 14416,
                "resourceURI": "http://gateway.marvel.com/v1/public/comics/14416",
                "name": "Incredible Hulk (1999) #16"
            },
            {
                "id": 12787,
                "resourceURI": "http://gateway.marvel.com/v1/public/comics/12787",
                "name": "Captain America (1998) #28"
            },
            {
                "id": 12786,
                "resourceURI": "http://gateway.marvel.com/v1/public/comics/12786",
                "name": "Captain America (1998) #27"
            },
            {
                "id": 12785,
                "resourceURI": "http://gateway.marvel.com/v1/public/comics/12785",
                "name": "Captain America (1998) #26"
            },
            {
                "id": 12784,
                "resourceURI": "http://gateway.marvel.com/v1/public/comics/12784",
                "name": "Captain America (1998) #25"
            },
            {
                "id": 1023,
                "resourceURI": "http://gateway.marvel.com/v1/public/comics/1023",
                "name": "Wolverine/Deadpool: Weapon X (Trade Paperback)"
            },
            {
                "id": 940,
                "resourceURI": "http://gateway.marvel.com/v1/public/comics/940",
                "name": "Black Window Vol. I (Trade Paperback)"
            },
            {
                "id": 8557,
                "resourceURI": "http://gateway.marvel.com/v1/public/comics/8557",
                "name": "Earth X (1999) #7"
            },
            {
                "id": 12780,
                "resourceURI": "http://gateway.marvel.com/v1/public/comics/12780",
                "name": "Captain America (1998) #21"
            },
            {
                "id": 12779,
                "resourceURI": "http://gateway.marvel.com/v1/public/comics/12779",
                "name": "Captain America (1998) #20"
            },
            {
                "id": 13912,
                "resourceURI": "http://gateway.marvel.com/v1/public/comics/13912",
                "name": "Uncanny X-Men (1963) #371"
            },
            {
                "id": 14385,
                "resourceURI": "http://gateway.marvel.com/v1/public/comics/14385",
                "name": "X-Men (1991) #91"
            },
            {
                "id": 12410,
                "resourceURI": "http://gateway.marvel.com/v1/public/comics/12410",
                "name": "Avengers Forever (1998) #7"
            },
            {
                "id": 12115,
                "resourceURI": "http://gateway.marvel.com/v1/public/comics/12115",
                "name": "Webspinners: Tales of Spider-Man (1999) #5"
            },
            {
                "id": 12114,
                "resourceURI": "http://gateway.marvel.com/v1/public/comics/12114",
                "name": "Webspinners: Tales of Spider-Man (1999) #4"
            },
            {
                "id": 13903,
                "resourceURI": "http://gateway.marvel.com/v1/public/comics/13903",
                "name": "Uncanny X-Men (1963) #362"
            },
            {
                "id": 7440,
                "resourceURI": "http://gateway.marvel.com/v1/public/comics/7440",
                "name": "Cable (1993) #62"
            },
            {
                "id": 13316,
                "resourceURI": "http://gateway.marvel.com/v1/public/comics/13316",
                "name": "Fantastic Four (1996) #13"
            },
            {
                "id": 17754,
                "resourceURI": "http://gateway.marvel.com/v1/public/comics/17754",
                "name": "Avengers (1996) #12"
            },
            {
                "id": 13315,
                "resourceURI": "http://gateway.marvel.com/v1/public/comics/13315",
                "name": "Fantastic Four (1996) #12"
            },
            {
                "id": 16331,
                "resourceURI": "http://gateway.marvel.com/v1/public/comics/16331",
                "name": "Iron Man (1996) #12"
            },
            {
                "id": 17752,
                "resourceURI": "http://gateway.marvel.com/v1/public/comics/17752",
                "name": "Avengers (1996) #10"
            },
            {
                "id": 14035,
                "resourceURI": "http://gateway.marvel.com/v1/public/comics/14035",
                "name": "Wolverine (1988)"
            },
            {
                "id": 17763,
                "resourceURI": "http://gateway.marvel.com/v1/public/comics/17763",
                "name": "Avengers (1996) #9"
            },
            {
                "id": 17762,
                "resourceURI": "http://gateway.marvel.com/v1/public/comics/17762",
                "name": "Avengers (1996) #8"
            },
            {
                "id": 17761,
                "resourceURI": "http://gateway.marvel.com/v1/public/comics/17761",
                "name": "Avengers (1996) #7"
            },
            {
                "id": 17760,
                "resourceURI": "http://gateway.marvel.com/v1/public/comics/17760",
                "name": "Avengers (1996) #6"
            },
            {
                "id": 16337,
                "resourceURI": "http://gateway.marvel.com/v1/public/comics/16337",
                "name": "Iron Man (1996) #6"
            },
            {
                "id": 17759,
                "resourceURI": "http://gateway.marvel.com/v1/public/comics/17759",
                "name": "Avengers (1996) #5"
            },
            {
                "id": 17757,
                "resourceURI": "http://gateway.marvel.com/v1/public/comics/17757",
                "name": "Avengers (1996) #3"
            },
            {
                "id": 13318,
                "resourceURI": "http://gateway.marvel.com/v1/public/comics/13318",
                "name": "Fantastic Four (1996) #3"
            },
            {
                "id": 7841,
                "resourceURI": "http://gateway.marvel.com/v1/public/comics/7841",
                "name": "Captain America (1996) #2"
            },
            {
                "id": 17756,
                "resourceURI": "http://gateway.marvel.com/v1/public/comics/17756",
                "name": "Avengers (1996) #2"
            },
            {
                "id": 13317,
                "resourceURI": "http://gateway.marvel.com/v1/public/comics/13317",
                "name": "Fantastic Four (1996) #2"
            },
            {
                "id": 17751,
                "resourceURI": "http://gateway.marvel.com/v1/public/comics/17751",
                "name": "Avengers (1996) #1"
            },
            {
                "id": 18396,
                "resourceURI": "http://gateway.marvel.com/v1/public/comics/18396",
                "name": "What If? (1989) #89"
            },
            {
                "id": 20247,
                "resourceURI": "http://gateway.marvel.com/v1/public/comics/20247",
                "name": "Doctor Strange, Sorcerer Supreme (1988) #81"
            },
            {
                "id": 22240,
                "resourceURI": "http://gateway.marvel.com/v1/public/comics/22240",
                "name": "Punisher War Journal (1988) #80"
            },
            {
                "id": 13229,
                "resourceURI": "http://gateway.marvel.com/v1/public/comics/13229",
                "name": "Fantastic Four (1961) #400"
            },
            {
                "id": 10629,
                "resourceURI": "http://gateway.marvel.com/v1/public/comics/10629",
                "name": "The Punisher: War Zone (1992) #38"
            },
            {
                "id": 22120,
                "resourceURI": "http://gateway.marvel.com/v1/public/comics/22120",
                "name": "Strange Tales (1994) #1"
            },
            {
                "id": 12184,
                "resourceURI": "http://gateway.marvel.com/v1/public/comics/12184",
                "name": "X-Factor (1986) #108"
            },
            {
                "id": 9557,
                "resourceURI": "http://gateway.marvel.com/v1/public/comics/9557",
                "name": "Iron Man (1968) #306"
            },
            {
                "id": 8321,
                "resourceURI": "http://gateway.marvel.com/v1/public/comics/8321",
                "name": "Daredevil (1963) #322"
            },
            {
                "id": 14313,
                "resourceURI": "http://gateway.marvel.com/v1/public/comics/14313",
                "name": "X-Men (1991) #26"
            },
            {
                "id": 8320,
                "resourceURI": "http://gateway.marvel.com/v1/public/comics/8320",
                "name": "Daredevil (1963) #321"
            },
            {
                "id": 17991,
                "resourceURI": "http://gateway.marvel.com/v1/public/comics/17991",
                "name": "X-Force (1991) #27"
            },
            {
                "id": 14312,
                "resourceURI": "http://gateway.marvel.com/v1/public/comics/14312",
                "name": "X-Men (1991) #25"
            },
            {
                "id": 7415,
                "resourceURI": "http://gateway.marvel.com/v1/public/comics/7415",
                "name": "Cable (1993) #4"
            },
            {
                "id": 15516,
                "resourceURI": "http://gateway.marvel.com/v1/public/comics/15516",
                "name": "Marvel Super-Heroes (1992) #14"
            },
            {
                "id": 17986,
                "resourceURI": "http://gateway.marvel.com/v1/public/comics/17986",
                "name": "X-Force (1991) #22"
            },
            {
                "id": 17985,
                "resourceURI": "http://gateway.marvel.com/v1/public/comics/17985",
                "name": "X-Force (1991) #21"
            },
            {
                "id": 17984,
                "resourceURI": "http://gateway.marvel.com/v1/public/comics/17984",
                "name": "X-Force (1991) #20"
            },
            {
                "id": 14187,
                "resourceURI": "http://gateway.marvel.com/v1/public/comics/14187",
                "name": "Wolverine (1988) #65"
            },
            {
                "id": 14183,
                "resourceURI": "http://gateway.marvel.com/v1/public/comics/14183",
                "name": "Wolverine (1988) #61"
            },
            {
                "id": 18016,
                "resourceURI": "http://gateway.marvel.com/v1/public/comics/18016",
                "name": "X-Force (1991) #5"
            },
            {
                "id": 8293,
                "resourceURI": "http://gateway.marvel.com/v1/public/comics/8293",
                "name": "Daredevil (1963) #298"
            },
            {
                "id": 13181,
                "resourceURI": "http://gateway.marvel.com/v1/public/comics/13181",
                "name": "Fantastic Four (1961) #358"
            },
            {
                "id": 12291,
                "resourceURI": "http://gateway.marvel.com/v1/public/comics/12291",
                "name": "X-Factor (1986) #70"
            },
            {
                "id": 17942,
                "resourceURI": "http://gateway.marvel.com/v1/public/comics/17942",
                "name": "X-Force (1991) #1"
            },
            {
                "id": 14162,
                "resourceURI": "http://gateway.marvel.com/v1/public/comics/14162",
                "name": "Wolverine (1988) #42"
            },
            {
                "id": 15522,
                "resourceURI": "http://gateway.marvel.com/v1/public/comics/15522",
                "name": "Marvel Super-Heroes (1992) #6"
            },
            {
                "id": 13815,
                "resourceURI": "http://gateway.marvel.com/v1/public/comics/13815",
                "name": "Uncanny X-Men (1963) #274"
            },
            {
                "id": 15520,
                "resourceURI": "http://gateway.marvel.com/v1/public/comics/15520",
                "name": "Marvel Super-Heroes (1992) #4"
            },
            {
                "id": 13802,
                "resourceURI": "http://gateway.marvel.com/v1/public/comics/13802",
                "name": "Uncanny X-Men (1963) #261"
            },
            {
                "id": 13799,
                "resourceURI": "http://gateway.marvel.com/v1/public/comics/13799",
                "name": "Uncanny X-Men (1963) #258"
            },
            {
                "id": 13793,
                "resourceURI": "http://gateway.marvel.com/v1/public/comics/13793",
                "name": "Uncanny X-Men (1963) #252"
            },
            {
                "id": 20256,
                "resourceURI": "http://gateway.marvel.com/v1/public/comics/20256",
                "name": "Doctor Strange, Sorcerer Supreme (1988) #9"
            },
            {
                "id": 18895,
                "resourceURI": "http://gateway.marvel.com/v1/public/comics/18895",
                "name": "Quasar (1989) #1"
            },
            {
                "id": 23407,
                "resourceURI": "http://gateway.marvel.com/v1/public/comics/23407",
                "name": "Quasar (1999) #1"
            },
            {
                "id": 18331,
                "resourceURI": "http://gateway.marvel.com/v1/public/comics/18331",
                "name": "What If? (1989) #3"
            },
            {
                "id": 20168,
                "resourceURI": "http://gateway.marvel.com/v1/public/comics/20168",
                "name": "Doctor Strange, Sorcerer Supreme (1988) #1"
            },
            {
                "id": 13108,
                "resourceURI": "http://gateway.marvel.com/v1/public/comics/13108",
                "name": "Fantastic Four (1961) #292"
            },
            {
                "id": 13107,
                "resourceURI": "http://gateway.marvel.com/v1/public/comics/13107",
                "name": "Fantastic Four (1961) #291"
            },
            {
                "id": 13106,
                "resourceURI": "http://gateway.marvel.com/v1/public/comics/13106",
                "name": "Fantastic Four (1961) #290"
            },
            {
                "id": 13104,
                "resourceURI": "http://gateway.marvel.com/v1/public/comics/13104",
                "name": "Fantastic Four (1961) #289"
            },
            {
                "id": 11669,
                "resourceURI": "http://gateway.marvel.com/v1/public/comics/11669",
                "name": "Thor (1966) #341"
            },
            {
                "id": 12367,
                "resourceURI": "http://gateway.marvel.com/v1/public/comics/12367",
                "name": "X-Men Annual (1970) #7"
            },
            {
                "id": 12148,
                "resourceURI": "http://gateway.marvel.com/v1/public/comics/12148",
                "name": "What If? (1977) #34"
            },
            {
                "id": 15417,
                "resourceURI": "http://gateway.marvel.com/v1/public/comics/15417",
                "name": "Marvel Super-Heroes (1967) #100"
            },
            {
                "id": 9374,
                "resourceURI": "http://gateway.marvel.com/v1/public/comics/9374",
                "name": "Iron Man (1968) #141"
            },
            {
                "id": 7619,
                "resourceURI": "http://gateway.marvel.com/v1/public/comics/7619",
                "name": "Captain America (1968) #238"
            },
            {
                "id": 19522,
                "resourceURI": "http://gateway.marvel.com/v1/public/comics/19522",
                "name": "Marvel Two-in-One (1974) #51"
            },
            {
                "id": 7607,
                "resourceURI": "http://gateway.marvel.com/v1/public/comics/7607",
                "name": "Captain America (1968) #226"
            },
            {
                "id": 10982,
                "resourceURI": "http://gateway.marvel.com/v1/public/comics/10982",
                "name": "Spider-Woman (1978) #7"
            },
            {
                "id": 23372,
                "resourceURI": "http://gateway.marvel.com/v1/public/comics/23372",
                "name": "Nova (1976) #18"
            },
            {
                "id": 23371,
                "resourceURI": "http://gateway.marvel.com/v1/public/comics/23371",
                "name": "Nova (1976) #17"
            },
            {
                "id": 23370,
                "resourceURI": "http://gateway.marvel.com/v1/public/comics/23370",
                "name": "Nova (1976) #16"
            },
            {
                "id": 19499,
                "resourceURI": "http://gateway.marvel.com/v1/public/comics/19499",
                "name": "Marvel Two-in-One (1974) #30"
            },
            {
                "id": 20355,
                "resourceURI": "http://gateway.marvel.com/v1/public/comics/20355",
                "name": "Defenders (1972) #46"
            },
            {
                "id": 19750,
                "resourceURI": "http://gateway.marvel.com/v1/public/comics/19750",
                "name": "Marvel Spotlight (1971) #32"
            },
            {
                "id": 8999,
                "resourceURI": "http://gateway.marvel.com/v1/public/comics/8999",
                "name": "Incredible Hulk (1962) #188"
            },
            {
                "id": 8998,
                "resourceURI": "http://gateway.marvel.com/v1/public/comics/8998",
                "name": "Incredible Hulk (1962) #187"
            },
            {
                "id": 8097,
                "resourceURI": "http://gateway.marvel.com/v1/public/comics/8097",
                "name": "Daredevil (1963) #120"
            },
            {
                "id": 7554,
                "resourceURI": "http://gateway.marvel.com/v1/public/comics/7554",
                "name": "Captain America (1968) #173"
            },
            {
                "id": 8975,
                "resourceURI": "http://gateway.marvel.com/v1/public/comics/8975",
                "name": "Incredible Hulk (1962) #164"
            },
            {
                "id": 9589,
                "resourceURI": "http://gateway.marvel.com/v1/public/comics/9589",
                "name": "Iron Man (1968) #36"
            },
            {
                "id": 9588,
                "resourceURI": "http://gateway.marvel.com/v1/public/comics/9588",
                "name": "Iron Man (1968) #35"
            },
            {
                "id": 8424,
                "resourceURI": "http://gateway.marvel.com/v1/public/comics/8424",
                "name": "Daredevil (1963) #73"
            },
            {
                "id": 9583,
                "resourceURI": "http://gateway.marvel.com/v1/public/comics/9583",
                "name": "Iron Man (1968) #33"
            },
            {
                "id": 7505,
                "resourceURI": "http://gateway.marvel.com/v1/public/comics/7505",
                "name": "Captain America (1968) #124"
            },
            {
                "id": 10734,
                "resourceURI": "http://gateway.marvel.com/v1/public/comics/10734",
                "name": "Sgt. Fury and His Howling Commandos (1963) #72"
            },
            {
                "id": 9328,
                "resourceURI": "http://gateway.marvel.com/v1/public/comics/9328",
                "name": "Iron Man (1968) #10"
            },
            {
                "id": 8919,
                "resourceURI": "http://gateway.marvel.com/v1/public/comics/8919",
                "name": "Incredible Hulk (1962) #108"
            },
            {
                "id": 27771,
                "resourceURI": "http://gateway.marvel.com/v1/public/comics/27771",
                "name": "Nick Fury, Agent of Shield (1968) #4"
            },
            {
                "id": 11346,
                "resourceURI": "http://gateway.marvel.com/v1/public/comics/11346",
                "name": "Tales of Suspense (1959) #99"
            },
            {
                "id": 16439,
                "resourceURI": "http://gateway.marvel.com/v1/public/comics/16439",
                "name": "Tales of Suspsnse Transport (1959) #99"
            },
            {
                "id": 11345,
                "resourceURI": "http://gateway.marvel.com/v1/public/comics/11345",
                "name": "Tales of Suspense (1959) #98"
            },
            {
                "id": 16438,
                "resourceURI": "http://gateway.marvel.com/v1/public/comics/16438",
                "name": "Tales of Suspsnse Transport (1959) #98"
            },
            {
                "id": 11089,
                "resourceURI": "http://gateway.marvel.com/v1/public/comics/11089",
                "name": "Strange Tales (1951) #165"
            },
            {
                "id": 11087,
                "resourceURI": "http://gateway.marvel.com/v1/public/comics/11087",
                "name": "Strange Tales (1951) #163"
            },
            {
                "id": 11343,
                "resourceURI": "http://gateway.marvel.com/v1/public/comics/11343",
                "name": "Tales of Suspense (1959) #96"
            },
            {
                "id": 16436,
                "resourceURI": "http://gateway.marvel.com/v1/public/comics/16436",
                "name": "Tales of Suspsnse Transport (1959) #96"
            },
            {
                "id": 11085,
                "resourceURI": "http://gateway.marvel.com/v1/public/comics/11085",
                "name": "Strange Tales (1951) #161"
            },
            {
                "id": 11082,
                "resourceURI": "http://gateway.marvel.com/v1/public/comics/11082",
                "name": "Strange Tales (1951) #159"
            },
            {
                "id": 11339,
                "resourceURI": "http://gateway.marvel.com/v1/public/comics/11339",
                "name": "Tales of Suspense (1959) #92"
            },
            {
                "id": 16432,
                "resourceURI": "http://gateway.marvel.com/v1/public/comics/16432",
                "name": "Tales of Suspsnse Transport (1959) #92"
            },
            {
                "id": 11080,
                "resourceURI": "http://gateway.marvel.com/v1/public/comics/11080",
                "name": "Strange Tales (1951) #157"
            },
            {
                "id": 11078,
                "resourceURI": "http://gateway.marvel.com/v1/public/comics/11078",
                "name": "Strange Tales (1951) #155"
            },
            {
                "id": 11076,
                "resourceURI": "http://gateway.marvel.com/v1/public/comics/11076",
                "name": "Strange Tales (1951) #153"
            },
            {
                "id": 11074,
                "resourceURI": "http://gateway.marvel.com/v1/public/comics/11074",
                "name": "Strange Tales (1951) #151"
            },
            {
                "id": 11069,
                "resourceURI": "http://gateway.marvel.com/v1/public/comics/11069",
                "name": "Strange Tales (1951) #147"
            },
            {
                "id": 11323,
                "resourceURI": "http://gateway.marvel.com/v1/public/comics/11323",
                "name": "Tales of Suspense (1959) #78"
            },
            {
                "id": 16416,
                "resourceURI": "http://gateway.marvel.com/v1/public/comics/16416",
                "name": "Tales of Suspsnse Transport (1959) #78"
            },
            {
                "id": 11067,
                "resourceURI": "http://gateway.marvel.com/v1/public/comics/11067",
                "name": "Strange Tales (1951) #145"
            },
            {
                "id": 11066,
                "resourceURI": "http://gateway.marvel.com/v1/public/comics/11066",
                "name": "Strange Tales (1951) #144"
            },
            {
                "id": 11065,
                "resourceURI": "http://gateway.marvel.com/v1/public/comics/11065",
                "name": "Strange Tales (1951) #143"
            },
            {
                "id": 11064,
                "resourceURI": "http://gateway.marvel.com/v1/public/comics/11064",
                "name": "Strange Tales (1951) #142"
            },
            {
                "id": 11063,
                "resourceURI": "http://gateway.marvel.com/v1/public/comics/11063",
                "name": "Strange Tales (1951) #141"
            },
            {
                "id": 11060,
                "resourceURI": "http://gateway.marvel.com/v1/public/comics/11060",
                "name": "Strange Tales (1951) #139"
            },
            {
                "id": 11059,
                "resourceURI": "http://gateway.marvel.com/v1/public/comics/11059",
                "name": "Strange Tales (1951) #138"
            },
            {
                "id": 10644,
                "resourceURI": "http://gateway.marvel.com/v1/public/comics/10644",
                "name": "Sgt. Fury and His Howling Commandos (1963) #1"
            }
        ],
        "returned": 281
    },
    "series": {
        "available": 122,
        "collectionURI": "http://gateway.marvel.com/v1/public/characters/1009471/series",
        "items": [
            {
                "resourceURI": "http://gateway.marvel.com/v1/public/series/6056",
                "name": "Annihilation Classic (2008)"
            },
            {
                "resourceURI": "http://gateway.marvel.com/v1/public/series/744",
                "name": "Astonishing X-Men (2004 - Present)"
            },
            {
                "resourceURI": "http://gateway.marvel.com/v1/public/series/7576",
                "name": "Astonishing X-Men by Joss Whedon & John Cassaday (2009 - Present)"
            },
            {
                "resourceURI": "http://gateway.marvel.com/v1/public/series/1464",
                "name": "Astonishing X-Men Vol. 1 (2006)"
            },
            {
                "resourceURI": "http://gateway.marvel.com/v1/public/series/1298",
                "name": "Astonishing X-Men Vol. 1: Gifted (2004)"
            },
            {
                "resourceURI": "http://gateway.marvel.com/v1/public/series/354",
                "name": "Avengers (1998 - 2004)"
            },
            {
                "resourceURI": "http://gateway.marvel.com/v1/public/series/3621",
                "name": "Avengers (1996 - 1997)"
            },
            {
                "resourceURI": "http://gateway.marvel.com/v1/public/series/14985",
                "name": "Avengers 1959 (2011 - 2012)"
            },
            {
                "resourceURI": "http://gateway.marvel.com/v1/public/series/2111",
                "name": "Avengers Forever (1998 - 2001)"
            },
            {
                "resourceURI": "http://gateway.marvel.com/v1/public/series/93",
                "name": "Avengers Legends Vol. I: Avengers Forever (2002)"
            },
            {
                "resourceURI": "http://gateway.marvel.com/v1/public/series/158",
                "name": "Avengers Vol. 1: World Trust (2003)"
            },
            {
                "resourceURI": "http://gateway.marvel.com/v1/public/series/4864",
                "name": "Avengers/Invaders (2008 - 2009)"
            },
            {
                "resourceURI": "http://gateway.marvel.com/v1/public/series/1945",
                "name": "Avengers: The Initiative (2007 - 2010)"
            },
            {
                "resourceURI": "http://gateway.marvel.com/v1/public/series/15370",
                "name": "Battle Scars (2011 - 2012)"
            },
            {
                "resourceURI": "http://gateway.marvel.com/v1/public/series/758",
                "name": "Black Widow (2004 - 2005)"
            },
            {
                "resourceURI": "http://gateway.marvel.com/v1/public/series/2272",
                "name": "Black Widow: Breakdown (2001)"
            },
            {
                "resourceURI": "http://gateway.marvel.com/v1/public/series/1270",
                "name": "Black Widow: Homecoming (2005)"
            },
            {
                "resourceURI": "http://gateway.marvel.com/v1/public/series/5",
                "name": "Black Window Vol. I (1999)"
            },
            {
                "resourceURI": "http://gateway.marvel.com/v1/public/series/2424",
                "name": "Bullet Points (2007)"
            },
            {
                "resourceURI": "http://gateway.marvel.com/v1/public/series/994",
                "name": "Bullet Points (2006 - 2007)"
            }
        ],
        "returned": 20
    },
    "stories": {
        "available": 265,
        "collectionURI": "http://gateway.marvel.com/v1/public/characters/1009471/stories",
        "items": [
            {
                "resourceURI": "http://gateway.marvel.com/v1/public/stories/2190",
                "name": "6 of 6 - Enemy of the State",
                "type": "cover"
            },
            {
                "resourceURI": "http://gateway.marvel.com/v1/public/stories/2196",
                "name": "2 of 6 - Agent of S.H.I.E.L.D.",
                "type": "cover"
            },
            {
                "resourceURI": "http://gateway.marvel.com/v1/public/stories/3308",
                "name": "Interior #3308",
                "type": "interiorStory"
            },
            {
                "resourceURI": "http://gateway.marvel.com/v1/public/stories/3535",
                "name": "Black Widow (2004) #3",
                "type": "interiorStory"
            },
            {
                "resourceURI": "http://gateway.marvel.com/v1/public/stories/3545",
                "name": "Black Widow (2004) #6",
                "type": "interiorStory"
            },
            {
                "resourceURI": "http://gateway.marvel.com/v1/public/stories/4227",
                "name": "Cover for Captain America (2004) #1, Cover #4227",
                "type": "cover"
            },
            {
                "resourceURI": "http://gateway.marvel.com/v1/public/stories/4230",
                "name": "2 of 8 - Out of Time",
                "type": "interiorStory"
            },
            {
                "resourceURI": "http://gateway.marvel.com/v1/public/stories/4236",
                "name": "5 of 8 - Out of Time",
                "type": "interiorStory"
            },
            {
                "resourceURI": "http://gateway.marvel.com/v1/public/stories/4238",
                "name": "6 of 6 - Out of Time",
                "type": "interiorStory"
            },
            {
                "resourceURI": "http://gateway.marvel.com/v1/public/stories/4242",
                "name": "1 of 6 - Winter Soldier",
                "type": "interiorStory"
            },
            {
                "resourceURI": "http://gateway.marvel.com/v1/public/stories/4243",
                "name": "2 of 6 - Winter Soldier",
                "type": "cover"
            },
            {
                "resourceURI": "http://gateway.marvel.com/v1/public/stories/4244",
                "name": "2 of 6 - Winter Soldier",
                "type": "interiorStory"
            },
            {
                "resourceURI": "http://gateway.marvel.com/v1/public/stories/4250",
                "name": "4 of 6 - Winter Soldier",
                "type": "interiorStory"
            },
            {
                "resourceURI": "http://gateway.marvel.com/v1/public/stories/4289",
                "name": "1 of 6 - The List",
                "type": "cover"
            },
            {
                "resourceURI": "http://gateway.marvel.com/v1/public/stories/5616",
                "name": "3 of 5 - Story A - 5XLS",
                "type": "cover"
            },
            {
                "resourceURI": "http://gateway.marvel.com/v1/public/stories/10221",
                "name": "Cover #10221",
                "type": "cover"
            },
            {
                "resourceURI": "http://gateway.marvel.com/v1/public/stories/10224",
                "name": "Cover #10224",
                "type": "cover"
            },
            {
                "resourceURI": "http://gateway.marvel.com/v1/public/stories/10237",
                "name": "Cover #10237",
                "type": "cover"
            },
            {
                "resourceURI": "http://gateway.marvel.com/v1/public/stories/10240",
                "name": "Cover #10240",
                "type": "cover"
            },
            {
                "resourceURI": "http://gateway.marvel.com/v1/public/stories/10243",
                "name": "Cover #10243",
                "type": "cover"
            }
        ],
        "returned": 20
    },
    "events": {
        "available": 9,
        "collectionURI": "http://gateway.marvel.com/v1/public/characters/1009471/events",
        "items": [
            {
                "resourceURI": "http://gateway.marvel.com/v1/public/events/116",
                "name": "Acts of Vengeance!"
            },
            {
                "resourceURI": "http://gateway.marvel.com/v1/public/events/318",
                "name": "Dark Reign"
            },
            {
                "resourceURI": "http://gateway.marvel.com/v1/public/events/245",
                "name": "Enemy of the State"
            },
            {
                "resourceURI": "http://gateway.marvel.com/v1/public/events/249",
                "name": "Fatal Attractions"
            },
            {
                "resourceURI": "http://gateway.marvel.com/v1/public/events/302",
                "name": "Fear Itself"
            },
            {
                "resourceURI": "http://gateway.marvel.com/v1/public/events/37",
                "name": "Maximum Security"
            },
            {
                "resourceURI": "http://gateway.marvel.com/v1/public/events/269",
                "name": "Secret Invasion"
            },
            {
                "resourceURI": "http://gateway.marvel.com/v1/public/events/309",
                "name": "Shattered Heroes"
            },
            {
                "resourceURI": "http://gateway.marvel.com/v1/public/events/273",
                "name": "Siege"
            }
        ],
        "returned": 9
    },
    "urls": [
        {
            "type": "detail",
            "url": "http://marvel.com/comics/characters/1009471/nick_fury?utm_campaign=apiRef&utm_source=35410e46c72ea769348ceb6ba8cc90fd"
        },
        {
            "type": "wiki",
            "url": "http://marvel.com/universe/Fury%2C_Nick?utm_campaign=apiRef&utm_source=35410e46c72ea769348ceb6ba8cc90fd"
        }
    ],
    "wiki": {
        "universe": "[[Marvel Universe]]",
        "real_name": "Nicholas Joseph Fury",
        "identity": "No dual identity",
        "occupation": "Insurgent; former director of SHIELD, SHIELD agent, intelligence agent, soldier, commando leader, parachuting instructor, stunt flier",
        "place_of_birth": "Clinton, New York City, New York",
        "groups": "Howling Commandos PMC, Secret Warriors; formerly [[S.H.I.E.L.D.]], [[Team Valkyrie]], [[Howling Commandos]], CIA, liaison to MI5, OSS, US Army, Sky Devils",
        "citizenship": "U.S.A.",
        "education": "High school, possibly unfinished; extensive military and intelligence training",
        "aliases": "Mr. Anger, Doyle, the Man in the Mystery Mask, Patch, various others used in espionage; impersonated Scorpio",
        "relatives": "Jack Fury (father, deceased), Katherine Fury (mother, presumed deceased), Jacob \"Jake\" Fury ([[Scorpio (Jacob Fury)|Scorpio]], brother,deceased), Dawn Fury (sister), Mikel Fury ([[Scorpio (Mikel Fury)|Scorpio]], son), Rex Fury (alleged ancestor, deceased)",
        "height": "6'1\"",
        "weight": "221 lbs.",
        "eyes": "Brown",
        "hair": "Brown, white temples",
        "powers": "Fury ages very slowly, provided by the [[Glossary:I#Infinity Formula|Infinity Formula]], retaining the appearance and vitality of a man less than half his age.",
        "abilities": "Nick Fury has trained as a paratrooper, Ranger, demolitions expert and vehicle specialist. He holds an unlimited-tonnage, all-seas license as a commander of ocean-going vessels. Fury has completed Green and Black Beret Special Forces training, and has been an agent of the O.S.S. (Office of Special Services) and a liaison of the MI-5 (British Secret Intelligence). He is a seasoned unarmed- and armed-combat expert, was a heavyweight boxer in the Army, and holds a black belt in Tae Kwan Do and a brown belt in Jiu Jitsu. Fury has honed his fighting skills sparring with [[Captain America]], perhaps the world's finest unarmed-combat expert. In his youth, Fury learned to fly planes and wing walking.",
        "paraphernalia": "As director of S.H.I.E.L.D., Nick Fury had access to some of the most advanced technology on Earth; he often wears a bulletproof, fireproof uniform of Kevlar and [[Beta Cloth]]. He is 95% blind in his left eye and customarily wears an eye patch.",
        "weapons": "Fury always carries some form of firearm.",
        "debut": "Sgt. Fury and His Howling Commandos #1 (1963)",
        "main_image": "NickFury_Main.jpg",
        "bio_text": "Son of World War I pilot Jack Fury, Nick Fury became a legendary hero in the early years of World War II, taking missions into Europe alongside his friend Red Hargrove, under the command of Lt. Samuel Sawyer. During a mission in Holland, Fury, Hargrove and Sawyer befriended circus strongman [[Dugan, Dum-Dum|Timothy \"Dum-Dum\" Dugan]] who became a close friend. Hargrove was killed in the attack on Pearl Harbor that led the US to officially enter the war on December 7, 1941, Fury fought the Nazis in Northern Africa, then was reunited with Captain Sawyer, who made Sgt. Fury the leader of the US Rangers’ First Attack Squad, soon nicknamed the “Howling Commandos” for their boisterous battle cry. Dugan served as Fury’s second-in-command and became his closest friend. The Howlers occasionally worked alongside [[Captain America (Steve Rogers)]] and [[Winter Soldier|Bucky (James Barnes)]], who became significant allies. During one mission, Fury’s left eye was damaged by a grenade and his lack of medical care eventually aggravated the wound. At one point, Professor Berthold Sternberg gave Fury the “Infinity Formula,” which retarded Fury’s aging process, although it required him to take regular injections to stay alive. Late in the war, Fury joined the OSS and with the war’s end joined their post-war CIA agency.",
        "bio": "Son of World War I pilot Jack Fury, Nick Fury became a legendary hero in the early years of World War II, taking missions into Europe alongside his friend Red Hargrove, under the command of Lt. Samuel Sawyer. During a mission in Holland, Fury, Hargrove and Sawyer befriended circus strongman [[Dugan, Dum-Dum|Timothy \"Dum-Dum\" Dugan]] who became a close friend. Hargrove was killed in the attack on Pearl Harbor that led the US to officially enter the war on December 7, 1941, Fury fought the Nazis in Northern Africa, then was reunited with Captain Sawyer, who made Sgt. Fury the leader of the US Rangers’ First Attack Squad, soon nicknamed the “Howling Commandos” for their boisterous battle cry. Dugan served as Fury’s second-in-command and became his closest friend. The Howlers occasionally worked alongside [[Captain America (Steve Rogers)]] and [[Winter Soldier|Bucky (James Barnes)]], who became significant allies. During one mission, Fury’s left eye was damaged by a grenade and his lack of medical care eventually aggravated the wound. At one point, Professor Berthold Sternberg gave Fury the “Infinity Formula,” which retarded Fury’s aging process, although it required him to take regular injections to stay alive. Late in the war, Fury joined the OSS and with the war’s end joined their post-war CIA agency.\n\n\n[[image: nickfury03.jpg|left|thumb|200px]]In recent years, Fury was selected as director of [[S.H.I.E.L.D.|SHIELD]], an international intelligence agency equipped with state-of-the-art technology by [[Iron Man (Anthony Stark)|Tony Stark]]. Fury recruited many of the Howlers to the organization, notably Dum Dum. As leader of SHIELD, Fury faced the likes of Hydra, AIM, [[Scorpio]] (his own brother Jacob) and the [[Hate-Monger]] (Adolf Hitler’s clone). Fury was reunited with Captain America, who survived years in suspended animation, and the two rekindled their friendship. When SHIELD was beset by a conspiracy at its highest level by the Deltite, Fury allowed the organization to disband and later rebuilt it as a smaller unit he could more closely monitor. Fury also discovered he had a son, Mikel, who took the identity of Scorpio at first, but later joined SHIELD. When Fury learned of a conspiracy by Latverian Prime Minister Lucia von Bardas to equip super villains with specialized weaponry, he led a team of super heroes into Latveria for a first strike. Von Bardas survived the attack and in retaliation assaulted Manhattan with an army of super villains whose combined technology created an anti-matter bomb, which Fury’s superhuman protégé [[Johnson, Daisy|Quake (Daisy Johnson)]] stopped. Disgraced for his actions, Fury went into hiding and soon learned of a Skrull invasion which had infiltrated even the ranks of Earth’s heroes. Needing people he could trust, Fury recruited Quake and various other young superhumans into his Secret Warriors and helped defeat the [[Skrulls]]. In the battle’s aftermath, [[Osborn, Norman|Norman Osborn]] gained mastery of SHIELD and replaced it with his own agency, HAMMER. Fury kept his Secret Warriors together to combat HAMMER and uncovered data alleging SHIELD had been a pawn of Hydra since its inception. Dum Dum gathered many of the ex-SHIELD agents loyal to Fury into the Howling Commandos Private Military Company and Fury helped set them up as his personal army.",
        "categories": [
            "Heroes",
            "Marvel Knights",
            "Civil War",
            "Golden Age"
        ]
    }
}