{
    "id": 1009361,
    "name": "Hyperion (Earth-712)",
    "description": "",
    "modified": "1969-12-31T19:00:00-0500",
    "thumbnail": {
        "path": "http://i.annihil.us/u/prod/marvel/i/mg/b/40/image_not_available",
        "extension": "jpg"
    },
    "resourceURI": "http://gateway.marvel.com/v1/public/characters/1009361",
    "comics": {
        "available": 32,
        "collectionURI": "http://gateway.marvel.com/v1/public/characters/1009361/comics",
        "items": [
            {
                "id": 16209,
                "resourceURI": "http://gateway.marvel.com/v1/public/comics/16209",
                "name": "Paradise X Vol. 2 (New Printing) (Trade Paperback)"
            },
            {
                "id": 15902,
                "resourceURI": "http://gateway.marvel.com/v1/public/comics/15902",
                "name": "Paradise X Vol. 1 (Trade Paperback)"
            },
            {
                "id": 16022,
                "resourceURI": "http://gateway.marvel.com/v1/public/comics/16022",
                "name": "Squadron Supreme: Hyperion Vs. Nighthawk (Trade Paperback)"
            },
            {
                "id": 15898,
                "resourceURI": "http://gateway.marvel.com/v1/public/comics/15898",
                "name": "Thunderbolts: Guardian Protocols (Trade Paperback)"
            },
            {
                "id": 6013,
                "resourceURI": "http://gateway.marvel.com/v1/public/comics/6013",
                "name": "Squadron Supreme: Hyperion Vs. Nighthawk (2007) #2"
            },
            {
                "id": 5877,
                "resourceURI": "http://gateway.marvel.com/v1/public/comics/5877",
                "name": "Ultimate Power (2006) #1"
            },
            {
                "id": 5425,
                "resourceURI": "http://gateway.marvel.com/v1/public/comics/5425",
                "name": "Squadron Supreme Vol. 1: The Pre-War Years Premiere (Hardcover)"
            },
            {
                "id": 5289,
                "resourceURI": "http://gateway.marvel.com/v1/public/comics/5289",
                "name": "Ultimate Power (2006) #1"
            },
            {
                "id": 5249,
                "resourceURI": "http://gateway.marvel.com/v1/public/comics/5249",
                "name": "Thunderbolts (2006) #107"
            },
            {
                "id": 4038,
                "resourceURI": "http://gateway.marvel.com/v1/public/comics/4038",
                "name": "Squadron Supreme (2006) #2"
            },
            {
                "id": 3908,
                "resourceURI": "http://gateway.marvel.com/v1/public/comics/3908",
                "name": "Squadron Supreme (2006) #1"
            },
            {
                "id": 3391,
                "resourceURI": "http://gateway.marvel.com/v1/public/comics/3391",
                "name": "Supreme Power: Hyperion (2005) #5"
            },
            {
                "id": 2550,
                "resourceURI": "http://gateway.marvel.com/v1/public/comics/2550",
                "name": "Supreme Power: Hyperion (2005) #1"
            },
            {
                "id": 2426,
                "resourceURI": "http://gateway.marvel.com/v1/public/comics/2426",
                "name": "Exiles Vol. 11: Time Breakers (Trade Paperback)"
            },
            {
                "id": 2085,
                "resourceURI": "http://gateway.marvel.com/v1/public/comics/2085",
                "name": "Exiles (2001) #65"
            },
            {
                "id": 1311,
                "resourceURI": "http://gateway.marvel.com/v1/public/comics/1311",
                "name": "Avengers Assemble (Hardcover)"
            },
            {
                "id": 10505,
                "resourceURI": "http://gateway.marvel.com/v1/public/comics/10505",
                "name": "Paradise X (2002)"
            },
            {
                "id": 10495,
                "resourceURI": "http://gateway.marvel.com/v1/public/comics/10495",
                "name": "Paradise X (2002) #11"
            },
            {
                "id": 10494,
                "resourceURI": "http://gateway.marvel.com/v1/public/comics/10494",
                "name": "Paradise X (2002) #10"
            },
            {
                "id": 10504,
                "resourceURI": "http://gateway.marvel.com/v1/public/comics/10504",
                "name": "Paradise X (2002) #9"
            },
            {
                "id": 10503,
                "resourceURI": "http://gateway.marvel.com/v1/public/comics/10503",
                "name": "Paradise X (2002) #8"
            },
            {
                "id": 10501,
                "resourceURI": "http://gateway.marvel.com/v1/public/comics/10501",
                "name": "Paradise X (2002) #6"
            },
            {
                "id": 10499,
                "resourceURI": "http://gateway.marvel.com/v1/public/comics/10499",
                "name": "Paradise X (2002) #4"
            },
            {
                "id": 10497,
                "resourceURI": "http://gateway.marvel.com/v1/public/comics/10497",
                "name": "Paradise X (2002) #2"
            },
            {
                "id": 10493,
                "resourceURI": "http://gateway.marvel.com/v1/public/comics/10493",
                "name": "Paradise X (2002) #1"
            },
            {
                "id": 18820,
                "resourceURI": "http://gateway.marvel.com/v1/public/comics/18820",
                "name": "Squadron Supreme: New World Order (1999) #1"
            },
            {
                "id": 17545,
                "resourceURI": "http://gateway.marvel.com/v1/public/comics/17545",
                "name": "Avengers (1998) #6"
            },
            {
                "id": 17534,
                "resourceURI": "http://gateway.marvel.com/v1/public/comics/17534",
                "name": "Avengers (1998) #5"
            },
            {
                "id": 20181,
                "resourceURI": "http://gateway.marvel.com/v1/public/comics/20181",
                "name": "Doctor Strange, Sorcerer Supreme (1988) #21"
            },
            {
                "id": 18819,
                "resourceURI": "http://gateway.marvel.com/v1/public/comics/18819",
                "name": "Squadron Supreme: Death of a Universe (1999)"
            },
            {
                "id": 20279,
                "resourceURI": "http://gateway.marvel.com/v1/public/comics/20279",
                "name": "Defenders (1972) #114"
            },
            {
                "id": 7339,
                "resourceURI": "http://gateway.marvel.com/v1/public/comics/7339",
                "name": "Avengers (1963) #86"
            }
        ],
        "returned": 32
    },
    "series": {
        "available": 20,
        "collectionURI": "http://gateway.marvel.com/v1/public/characters/1009361/series",
        "items": [
            {
                "resourceURI": "http://gateway.marvel.com/v1/public/series/1991",
                "name": "Avengers (1963 - 1996)"
            },
            {
                "resourceURI": "http://gateway.marvel.com/v1/public/series/354",
                "name": "Avengers (1998 - 2004)"
            },
            {
                "resourceURI": "http://gateway.marvel.com/v1/public/series/1340",
                "name": "Avengers Assemble (2004)"
            },
            {
                "resourceURI": "http://gateway.marvel.com/v1/public/series/3743",
                "name": "Defenders (1972 - 1986)"
            },
            {
                "resourceURI": "http://gateway.marvel.com/v1/public/series/3741",
                "name": "Doctor Strange, Sorcerer Supreme (1988 - 1996)"
            },
            {
                "resourceURI": "http://gateway.marvel.com/v1/public/series/479",
                "name": "Exiles (2001 - 2008)"
            },
            {
                "resourceURI": "http://gateway.marvel.com/v1/public/series/1462",
                "name": "Exiles Vol. 11: Time Breakers (2005)"
            },
            {
                "resourceURI": "http://gateway.marvel.com/v1/public/series/2059",
                "name": "Paradise X (2002 - 2003)"
            },
            {
                "resourceURI": "http://gateway.marvel.com/v1/public/series/2431",
                "name": "Paradise X Vol. 1 (2007)"
            },
            {
                "resourceURI": "http://gateway.marvel.com/v1/public/series/2702",
                "name": "Paradise X Vol. 2 (New Printing) (2007)"
            },
            {
                "resourceURI": "http://gateway.marvel.com/v1/public/series/944",
                "name": "Squadron Supreme (2006)"
            },
            {
                "resourceURI": "http://gateway.marvel.com/v1/public/series/1791",
                "name": "Squadron Supreme Vol. 1: The Pre-War Years Premiere (2006)"
            },
            {
                "resourceURI": "http://gateway.marvel.com/v1/public/series/3684",
                "name": "Squadron Supreme: Death of a Universe (1999)"
            },
            {
                "resourceURI": "http://gateway.marvel.com/v1/public/series/1136",
                "name": "Squadron Supreme: Hyperion Vs. Nighthawk (2007)"
            },
            {
                "resourceURI": "http://gateway.marvel.com/v1/public/series/2554",
                "name": "Squadron Supreme: Hyperion Vs. Nighthawk (2007)"
            },
            {
                "resourceURI": "http://gateway.marvel.com/v1/public/series/3685",
                "name": "Squadron Supreme: New World Order (1999)"
            },
            {
                "resourceURI": "http://gateway.marvel.com/v1/public/series/942",
                "name": "Supreme Power: Hyperion (2005 - 2006)"
            },
            {
                "resourceURI": "http://gateway.marvel.com/v1/public/series/18527",
                "name": "Thunderbolts (2006 - 2012)"
            },
            {
                "resourceURI": "http://gateway.marvel.com/v1/public/series/2427",
                "name": "Thunderbolts: Guardian Protocols (2007)"
            },
            {
                "resourceURI": "http://gateway.marvel.com/v1/public/series/1124",
                "name": "Ultimate Power (2006 - 2008)"
            }
        ],
        "returned": 20
    },
    "stories": {
        "available": 30,
        "collectionURI": "http://gateway.marvel.com/v1/public/characters/1009361/stories",
        "items": [
            {
                "resourceURI": "http://gateway.marvel.com/v1/public/stories/1542",
                "name": "4 of 4 - Time Breakers",
                "type": "cover"
            },
            {
                "resourceURI": "http://gateway.marvel.com/v1/public/stories/3918",
                "name": "2 of 3 - Guardian Protocols",
                "type": "cover"
            },
            {
                "resourceURI": "http://gateway.marvel.com/v1/public/stories/5227",
                "name": "1 of 5 - 5XLS",
                "type": "cover"
            },
            {
                "resourceURI": "http://gateway.marvel.com/v1/public/stories/5235",
                "name": "5 of 5 - 5XLS",
                "type": "cover"
            },
            {
                "resourceURI": "http://gateway.marvel.com/v1/public/stories/5249",
                "name": "1 of 6 - The Pre-War Years",
                "type": "cover"
            },
            {
                "resourceURI": "http://gateway.marvel.com/v1/public/stories/5251",
                "name": "2 of 6 - The Pre-War Years",
                "type": "cover"
            },
            {
                "resourceURI": "http://gateway.marvel.com/v1/public/stories/6184",
                "name": "1 of 9 XLS",
                "type": "cover"
            },
            {
                "resourceURI": "http://gateway.marvel.com/v1/public/stories/6190",
                "name": "Cover #6190",
                "type": "cover"
            },
            {
                "resourceURI": "http://gateway.marvel.com/v1/public/stories/7900",
                "name": "2 of 4 - 4 XLS",
                "type": "cover"
            },
            {
                "resourceURI": "http://gateway.marvel.com/v1/public/stories/15241",
                "name": "Brain-Child to the Dark Tower Came",
                "type": "interiorStory"
            },
            {
                "resourceURI": "http://gateway.marvel.com/v1/public/stories/26018",
                "name": "Paradise X Issue 1",
                "type": "interiorStory"
            },
            {
                "resourceURI": "http://gateway.marvel.com/v1/public/stories/26020",
                "name": "Paradise X Issue 10",
                "type": "interiorStory"
            },
            {
                "resourceURI": "http://gateway.marvel.com/v1/public/stories/26021",
                "name": "Cover #26021",
                "type": "cover"
            },
            {
                "resourceURI": "http://gateway.marvel.com/v1/public/stories/26022",
                "name": "Paradise X Issue 11",
                "type": "interiorStory"
            },
            {
                "resourceURI": "http://gateway.marvel.com/v1/public/stories/26026",
                "name": "Paradise X Issue 2",
                "type": "interiorStory"
            },
            {
                "resourceURI": "http://gateway.marvel.com/v1/public/stories/26030",
                "name": "Paradise X Chapter 4",
                "type": "interiorStory"
            },
            {
                "resourceURI": "http://gateway.marvel.com/v1/public/stories/26034",
                "name": "Paradise X Issue 6",
                "type": "interiorStory"
            },
            {
                "resourceURI": "http://gateway.marvel.com/v1/public/stories/26038",
                "name": "Paradise X Issue 8",
                "type": "interiorStory"
            },
            {
                "resourceURI": "http://gateway.marvel.com/v1/public/stories/26040",
                "name": "Paradise X Issue 9",
                "type": "interiorStory"
            },
            {
                "resourceURI": "http://gateway.marvel.com/v1/public/stories/26042",
                "name": "Paradise X Issue X",
                "type": "interiorStory"
            }
        ],
        "returned": 20
    },
    "events": {
        "available": 0,
        "collectionURI": "http://gateway.marvel.com/v1/public/characters/1009361/events",
        "items": [],
        "returned": 0
    },
    "urls": [
        {
            "type": "detail",
            "url": "http://marvel.com/comics/characters/1009361/hyperion_earth-712?utm_campaign=apiRef&utm_source=35410e46c72ea769348ceb6ba8cc90fd"
        },
        {
            "type": "wiki",
            "url": "http://marvel.com/universe/Hyperion%20(Earth-712)?utm_campaign=apiRef&utm_source=35410e46c72ea769348ceb6ba8cc90fd"
        }
    ],
    "wiki": {
        "universe": "[[Earth-712]]",
        "real_name": "Unrevealed",
        "identity": "Publicly known to the people of Earth-712",
        "occupation": "Adventurer; (Formerly) Cartoonist, government agent",
        "place_of_birth": "Unrevealed",
        "groups": "[[Squadron Supreme (Earth-712)|Squadron Supreme]]; (Formerly) [[Star Masters]]; ally of [[Exiles]]",
        "citizenship": "United States of America",
        "education": "High school Graduate",
        "aliases": "Mark Milton",
        "relatives": "Mr. and Mrs. Hamilton (foster parents)",
        "height": "6'\"",
        "weight": "460 lbs.",
        "eyes": "Blue",
        "hair": "Red",
        "abilities": "Unrevealed",
        "weapons": "None",
        "paraphernalia": "While he was blind, Hyperion wore a special pair of goggles that granted him a sense of spatial awareness through radar.",
        "powers": "Hyperion possesses immeasurable strength and supersonic flight. He can easily press lift over 100 tons. He also possesses an amazing durability and have highly enhanced senses. Hyperion can also shoot atomic beams from his eyes. However Hyperion is weakened when he is near argonite.",
        "debut": "Avengers #86 (1971)",
        "origin": "Squadron Supreme #1 (1985)",
        "significant_issues": "",
        "main_image": "Hyperion(Earth-712) Head.jpg",
        "bio_text": "",
        "bio": "",
        "categories": [
            "Heroes",
            "Avengers",
            "Exiles",
            "Squadron Supreme"
        ]
    }
}