{
    "id": 1009600,
    "name": "Skullbuster (Cylla Markham)",
    "description": "",
    "modified": "1969-12-31T19:00:00-0500",
    "thumbnail": {
        "path": "http://i.annihil.us/u/prod/marvel/i/mg/5/b0/4c003c072eb58",
        "extension": "jpg"
    },
    "resourceURI": "http://gateway.marvel.com/v1/public/characters/1009600",
    "comics": {
        "available": 4,
        "collectionURI": "http://gateway.marvel.com/v1/public/characters/1009600/comics",
        "items": [
            {
                "resourceURI": "http://gateway.marvel.com/v1/public/comics/13770",
                "name": "Uncanny X-Men (1963) #229"
            },
            {
                "resourceURI": "http://gateway.marvel.com/v1/public/comics/13789",
                "name": "Uncanny X-Men (1963) #248"
            },
            {
                "resourceURI": "http://gateway.marvel.com/v1/public/comics/1079",
                "name": "X-Men Visionaries: Jim Lee (Trade Paperback)"
            },
            {
                "resourceURI": "http://gateway.marvel.com/v1/public/comics/15057",
                "name": "X-Treme X-Men (2001)"
            }
        ],
        "returned": 4
    },
    "series": {
        "available": 3,
        "collectionURI": "http://gateway.marvel.com/v1/public/characters/1009600/series",
        "items": [
            {
                "resourceURI": "http://gateway.marvel.com/v1/public/series/2258",
                "name": "Uncanny X-Men (1963 - 2011)"
            },
            {
                "resourceURI": "http://gateway.marvel.com/v1/public/series/139",
                "name": "X-Men Visionaries: Jim Lee (2002)"
            },
            {
                "resourceURI": "http://gateway.marvel.com/v1/public/series/646",
                "name": "X-Treme X-Men (2001 - 2004)"
            }
        ],
        "returned": 3
    },
    "stories": {
        "available": 3,
        "collectionURI": "http://gateway.marvel.com/v1/public/characters/1009600/stories",
        "items": [
            {
                "resourceURI": "http://gateway.marvel.com/v1/public/stories/27968",
                "name": "Down Under",
                "type": "interiorStory"
            },
            {
                "resourceURI": "http://gateway.marvel.com/v1/public/stories/28006",
                "name": "The Cradle Will Fall",
                "type": "interiorStory"
            },
            {
                "resourceURI": "http://gateway.marvel.com/v1/public/stories/30620",
                "name": "Queen of Shadows",
                "type": "interiorStory"
            }
        ],
        "returned": 3
    },
    "events": {
        "available": 0,
        "collectionURI": "http://gateway.marvel.com/v1/public/characters/1009600/events",
        "items": [],
        "returned": 0
    },
    "urls": [
        {
            "type": "detail",
            "url": "http://marvel.com/comics/characters/1009600/skullbuster_cylla_markham?utm_campaign=apiRef&utm_source=35410e46c72ea769348ceb6ba8cc90fd"
        },
        {
            "type": "wiki",
            "url": "http://marvel.com/universe/Skullbuster%20(Cylla%20Markham)?utm_campaign=apiRef&utm_source=35410e46c72ea769348ceb6ba8cc90fd"
        }
    ]
}