{
    "id": 1009583,
    "name": "She-Hulk (Jennifer Walters)",
    "description": "Seriously wounded, young lawyer Jennifer Walters was given a blood transfusion by her cousin Bruce Banner. Usually in better control of her powers and temper than the Hulk, She-Hulk has been a high profile New York lawyer as well as an upstanding member of both the Avengers and Fantastic Four.",
    "modified": "2014-01-24T18:10:30-0500",
    "thumbnail": {
        "path": "http://i.annihil.us/u/prod/marvel/i/mg/7/20/527bb5d64599e",
        "extension": "jpg"
    },
    "resourceURI": "http://gateway.marvel.com/v1/public/characters/1009583",
    "comics": {
        "available": 300,
        "collectionURI": "http://gateway.marvel.com/v1/public/characters/1009583/comics",
        "items": [
            {
                "id": 49597,
                "resourceURI": "http://gateway.marvel.com/v1/public/comics/49597",
                "name": "She-Hulk (2014) #1 (Stegman Variant)"
            },
            {
                "id": 40841,
                "resourceURI": "http://gateway.marvel.com/v1/public/comics/40841",
                "name": "X-Men Legacy (2008) #266"
            },
            {
                "id": 38860,
                "resourceURI": "http://gateway.marvel.com/v1/public/comics/38860",
                "name": "Fear Itself: Fearsome Four (2011) #4"
            },
            {
                "id": 38863,
                "resourceURI": "http://gateway.marvel.com/v1/public/comics/38863",
                "name": "Fear Itself: Fearsome Four (2011) #3"
            },
            {
                "id": 38984,
                "resourceURI": "http://gateway.marvel.com/v1/public/comics/38984",
                "name": "Vengeance (2011) #2"
            },
            {
                "id": 38862,
                "resourceURI": "http://gateway.marvel.com/v1/public/comics/38862",
                "name": "Fear Itself: Fearsome Four (2011) #2"
            },
            {
                "id": 38861,
                "resourceURI": "http://gateway.marvel.com/v1/public/comics/38861",
                "name": "Fear Itself: Fearsome Four (2011) #1"
            },
            {
                "id": 36044,
                "resourceURI": "http://gateway.marvel.com/v1/public/comics/36044",
                "name": "Incredible Hulks (2009) #630"
            },
            {
                "id": 38305,
                "resourceURI": "http://gateway.marvel.com/v1/public/comics/38305",
                "name": "Super Hero Squad Vol. 3 GN-TPB (Graphic Novel)"
            },
            {
                "id": 37488,
                "resourceURI": "http://gateway.marvel.com/v1/public/comics/37488",
                "name": "Sensational She-Hulk by John Byrne Vol. 1 (Trade Paperback)"
            },
            {
                "id": 39890,
                "resourceURI": "http://gateway.marvel.com/v1/public/comics/39890",
                "name": "Heralds (Trade Paperback)"
            },
            {
                "id": 37446,
                "resourceURI": "http://gateway.marvel.com/v1/public/comics/37446",
                "name": "Thing Classic Vol. 1 (Trade Paperback)"
            },
            {
                "id": 29322,
                "resourceURI": "http://gateway.marvel.com/v1/public/comics/29322",
                "name": "Atlantis Attacks (DM Only) (2011)"
            },
            {
                "id": 38412,
                "resourceURI": "http://gateway.marvel.com/v1/public/comics/38412",
                "name": "Hulk Vol. 2: Red & Green (Reprint) (Trade Paperback)"
            },
            {
                "id": 29321,
                "resourceURI": "http://gateway.marvel.com/v1/public/comics/29321",
                "name": "Atlantis Attacks (2011) #1"
            },
            {
                "id": 34462,
                "resourceURI": "http://gateway.marvel.com/v1/public/comics/34462",
                "name": "She-Hulks (2010) #4"
            },
            {
                "id": 34460,
                "resourceURI": "http://gateway.marvel.com/v1/public/comics/34460",
                "name": "She-Hulks (2010) #3"
            },
            {
                "id": 31374,
                "resourceURI": "http://gateway.marvel.com/v1/public/comics/31374",
                "name": "She-Hulk Sensational (2010) #1"
            },
            {
                "id": 29541,
                "resourceURI": "http://gateway.marvel.com/v1/public/comics/29541",
                "name": "Incredible Hulks (2009) #602 (SHS VARIANT)"
            },
            {
                "id": 24348,
                "resourceURI": "http://gateway.marvel.com/v1/public/comics/24348",
                "name": "Adam: Legend of the Blue Marvel (Trade Paperback)"
            },
            {
                "id": 24252,
                "resourceURI": "http://gateway.marvel.com/v1/public/comics/24252",
                "name": "All-New Savage She-Hulk (2009) #2"
            },
            {
                "id": 24068,
                "resourceURI": "http://gateway.marvel.com/v1/public/comics/24068",
                "name": "Hulk Vol. 2: Red & Green (Hardcover)"
            },
            {
                "id": 24053,
                "resourceURI": "http://gateway.marvel.com/v1/public/comics/24053",
                "name": "All-New Savage She-Hulk (2009) #1"
            },
            {
                "id": 23588,
                "resourceURI": "http://gateway.marvel.com/v1/public/comics/23588",
                "name": "She-Hulk (2005) #38"
            },
            {
                "id": 23095,
                "resourceURI": "http://gateway.marvel.com/v1/public/comics/23095",
                "name": "She-Hulk (2005) #37"
            },
            {
                "id": 22885,
                "resourceURI": "http://gateway.marvel.com/v1/public/comics/22885",
                "name": "She-Hulk (2005) #36"
            },
            {
                "id": 23057,
                "resourceURI": "http://gateway.marvel.com/v1/public/comics/23057",
                "name": "Avengers: First to Last Premiere (Hardcover)"
            },
            {
                "id": 23060,
                "resourceURI": "http://gateway.marvel.com/v1/public/comics/23060",
                "name": "Avengers: First to Last (Hardcover)"
            },
            {
                "id": 22486,
                "resourceURI": "http://gateway.marvel.com/v1/public/comics/22486",
                "name": "She-Hulk (2005) #35"
            },
            {
                "id": 22461,
                "resourceURI": "http://gateway.marvel.com/v1/public/comics/22461",
                "name": "Adam: Legend of the Blue Marvel (2008) #1"
            },
            {
                "id": 22422,
                "resourceURI": "http://gateway.marvel.com/v1/public/comics/22422",
                "name": "X-Men: Longshot Premiere (Hardcover)"
            },
            {
                "id": 22276,
                "resourceURI": "http://gateway.marvel.com/v1/public/comics/22276",
                "name": "She-Hulk (2005) #34"
            },
            {
                "id": 21949,
                "resourceURI": "http://gateway.marvel.com/v1/public/comics/21949",
                "name": "She-Hulk (2005) #33"
            },
            {
                "id": 21721,
                "resourceURI": "http://gateway.marvel.com/v1/public/comics/21721",
                "name": "She-Hulk (2005) #32"
            },
            {
                "id": 21521,
                "resourceURI": "http://gateway.marvel.com/v1/public/comics/21521",
                "name": "She-Hulk (2005) #31"
            },
            {
                "id": 21629,
                "resourceURI": "http://gateway.marvel.com/v1/public/comics/21629",
                "name": "Fantastic Four: Lost Adventures by Stan Lee Premiere (Hardcover)"
            },
            {
                "id": 21636,
                "resourceURI": "http://gateway.marvel.com/v1/public/comics/21636",
                "name": "Counter X Vol. 1 (Trade Paperback)"
            },
            {
                "id": 21341,
                "resourceURI": "http://gateway.marvel.com/v1/public/comics/21341",
                "name": "She-Hulk (2005) #30"
            },
            {
                "id": 21190,
                "resourceURI": "http://gateway.marvel.com/v1/public/comics/21190",
                "name": "She-Hulk (2005) #29"
            },
            {
                "id": 20982,
                "resourceURI": "http://gateway.marvel.com/v1/public/comics/20982",
                "name": "She-Hulk (2005) #28"
            },
            {
                "id": 20848,
                "resourceURI": "http://gateway.marvel.com/v1/public/comics/20848",
                "name": "She-Hulk (2005) #27"
            },
            {
                "id": 20900,
                "resourceURI": "http://gateway.marvel.com/v1/public/comics/20900",
                "name": "The Last Defenders (2008) #1"
            },
            {
                "id": 20655,
                "resourceURI": "http://gateway.marvel.com/v1/public/comics/20655",
                "name": "She-Hulk (2005) #26"
            },
            {
                "id": 17685,
                "resourceURI": "http://gateway.marvel.com/v1/public/comics/17685",
                "name": "Thor Visionaries: Walter Simonson Vol. 5 (Trade Paperback)"
            },
            {
                "id": 17686,
                "resourceURI": "http://gateway.marvel.com/v1/public/comics/17686",
                "name": "Hulk Visionaries: Peter David Vol. 5 (Trade Paperback)"
            },
            {
                "id": 17605,
                "resourceURI": "http://gateway.marvel.com/v1/public/comics/17605",
                "name": "She-Hulk (2005) #25"
            },
            {
                "id": 17367,
                "resourceURI": "http://gateway.marvel.com/v1/public/comics/17367",
                "name": "She-Hulk (2005) #24"
            },
            {
                "id": 17449,
                "resourceURI": "http://gateway.marvel.com/v1/public/comics/17449",
                "name": "Fantastic Four Visionaries: John Byrne Vol. 8 (Trade Paperback)"
            },
            {
                "id": 17232,
                "resourceURI": "http://gateway.marvel.com/v1/public/comics/17232",
                "name": "She-Hulk (2005) #23"
            },
            {
                "id": 21884,
                "resourceURI": "http://gateway.marvel.com/v1/public/comics/21884",
                "name": "She-Hulk (2005) #22 (Zombie Variant)"
            },
            {
                "id": 16486,
                "resourceURI": "http://gateway.marvel.com/v1/public/comics/16486",
                "name": "She-Hulk (2005) #22"
            },
            {
                "id": 16630,
                "resourceURI": "http://gateway.marvel.com/v1/public/comics/16630",
                "name": "She-Hulk Vol. 5: Planet Without a Hulk (Trade Paperback)"
            },
            {
                "id": 21885,
                "resourceURI": "http://gateway.marvel.com/v1/public/comics/21885",
                "name": "She-Hulk (2005) #22 (McGuinness Variant)"
            },
            {
                "id": 15946,
                "resourceURI": "http://gateway.marvel.com/v1/public/comics/15946",
                "name": "She-Hulk (2005) #21"
            },
            {
                "id": 15829,
                "resourceURI": "http://gateway.marvel.com/v1/public/comics/15829",
                "name": "She-Hulk (2005) #20"
            },
            {
                "id": 15984,
                "resourceURI": "http://gateway.marvel.com/v1/public/comics/15984",
                "name": "World War Hulk (2007) #2"
            },
            {
                "id": 15983,
                "resourceURI": "http://gateway.marvel.com/v1/public/comics/15983",
                "name": "World War Hulk (2007) #2 (John Romita Jr.)"
            },
            {
                "id": 15902,
                "resourceURI": "http://gateway.marvel.com/v1/public/comics/15902",
                "name": "Paradise X Vol. 1 (Trade Paperback)"
            },
            {
                "id": 13445,
                "resourceURI": "http://gateway.marvel.com/v1/public/comics/13445",
                "name": "She-Hulk (2005) #19"
            },
            {
                "id": 15917,
                "resourceURI": "http://gateway.marvel.com/v1/public/comics/15917",
                "name": "Fantastic Four Visionaries: John Byrne Vol. 7 (Trade Paperback)"
            },
            {
                "id": 15858,
                "resourceURI": "http://gateway.marvel.com/v1/public/comics/15858",
                "name": "Avengers Classic (2007) #1"
            },
            {
                "id": 6333,
                "resourceURI": "http://gateway.marvel.com/v1/public/comics/6333",
                "name": "She-Hulk (2005) #18"
            },
            {
                "id": 6153,
                "resourceURI": "http://gateway.marvel.com/v1/public/comics/6153",
                "name": "She-Hulk (2005) #17"
            },
            {
                "id": 6232,
                "resourceURI": "http://gateway.marvel.com/v1/public/comics/6232",
                "name": "Avengers: The Initiative (2007) #1 (Variant Cover)"
            },
            {
                "id": 6146,
                "resourceURI": "http://gateway.marvel.com/v1/public/comics/6146",
                "name": "Spider-Man: Birth of Venom (Trade Paperback)"
            },
            {
                "id": 5959,
                "resourceURI": "http://gateway.marvel.com/v1/public/comics/5959",
                "name": "She-Hulk Vol. 4: Laws of Attraction (Trade Paperback)"
            },
            {
                "id": 6006,
                "resourceURI": "http://gateway.marvel.com/v1/public/comics/6006",
                "name": "She-Hulk (2005) #16"
            },
            {
                "id": 5844,
                "resourceURI": "http://gateway.marvel.com/v1/public/comics/5844",
                "name": "Avengers Assemble Vol. 4 (Hardcover)"
            },
            {
                "id": 5853,
                "resourceURI": "http://gateway.marvel.com/v1/public/comics/5853",
                "name": "She-Hulk (2005) #15"
            },
            {
                "id": 5717,
                "resourceURI": "http://gateway.marvel.com/v1/public/comics/5717",
                "name": "She-Hulk (2005) #14"
            },
            {
                "id": 5589,
                "resourceURI": "http://gateway.marvel.com/v1/public/comics/5589",
                "name": "Heroes Reborn: Iron Man (Trade Paperback)"
            },
            {
                "id": 5294,
                "resourceURI": "http://gateway.marvel.com/v1/public/comics/5294",
                "name": "She-Hulk (2005) #13"
            },
            {
                "id": 5280,
                "resourceURI": "http://gateway.marvel.com/v1/public/comics/5280",
                "name": "Heroes Reborn: Fantastic Four (Trade Paperback)"
            },
            {
                "id": 5084,
                "resourceURI": "http://gateway.marvel.com/v1/public/comics/5084",
                "name": "She-Hulk (2005) #12"
            },
            {
                "id": 5081,
                "resourceURI": "http://gateway.marvel.com/v1/public/comics/5081",
                "name": "Fantastic Four Visionaries: John Byrne Vol. 6 (Trade Paperback)"
            },
            {
                "id": 4796,
                "resourceURI": "http://gateway.marvel.com/v1/public/comics/4796",
                "name": "She-Hulk (2005) #11"
            },
            {
                "id": 4737,
                "resourceURI": "http://gateway.marvel.com/v1/public/comics/4737",
                "name": "The Thing: Idol of Millions (Trade Paperback)"
            },
            {
                "id": 4802,
                "resourceURI": "http://gateway.marvel.com/v1/public/comics/4802",
                "name": "Women of Marvel (Trade Paperback)"
            },
            {
                "id": 4480,
                "resourceURI": "http://gateway.marvel.com/v1/public/comics/4480",
                "name": "She-Hulk (2005) #10"
            },
            {
                "id": 4324,
                "resourceURI": "http://gateway.marvel.com/v1/public/comics/4324",
                "name": "She-Hulk (2005) #9"
            },
            {
                "id": 4514,
                "resourceURI": "http://gateway.marvel.com/v1/public/comics/4514",
                "name": "Civil War (2006) #1 (sketch variant)"
            },
            {
                "id": 4461,
                "resourceURI": "http://gateway.marvel.com/v1/public/comics/4461",
                "name": "Avengers Assemble Vol. 3 (Hardcover)"
            },
            {
                "id": 4272,
                "resourceURI": "http://gateway.marvel.com/v1/public/comics/4272",
                "name": "The Thing (2005) #8"
            },
            {
                "id": 4241,
                "resourceURI": "http://gateway.marvel.com/v1/public/comics/4241",
                "name": "Earth X (New (Trade Paperback)"
            },
            {
                "id": 4346,
                "resourceURI": "http://gateway.marvel.com/v1/public/comics/4346",
                "name": "Essential Savage She-Hulk (Trade Paperback)"
            },
            {
                "id": 4257,
                "resourceURI": "http://gateway.marvel.com/v1/public/comics/4257",
                "name": "She-Hulk Vol. 3: Time Trials (Trade Paperback)"
            },
            {
                "id": 4225,
                "resourceURI": "http://gateway.marvel.com/v1/public/comics/4225",
                "name": "She-Hulk (2005) #8"
            },
            {
                "id": 4117,
                "resourceURI": "http://gateway.marvel.com/v1/public/comics/4117",
                "name": "She-Hulk (2005) #7"
            },
            {
                "id": 4216,
                "resourceURI": "http://gateway.marvel.com/v1/public/comics/4216",
                "name": "Civil War (2006) #1"
            },
            {
                "id": 4217,
                "resourceURI": "http://gateway.marvel.com/v1/public/comics/4217",
                "name": "Civil War (2006) #1 (Turner Variant)"
            },
            {
                "id": 4205,
                "resourceURI": "http://gateway.marvel.com/v1/public/comics/4205",
                "name": "Hulk Visionaries: Peter David Vol. 3 (Trade Paperback)"
            },
            {
                "id": 3951,
                "resourceURI": "http://gateway.marvel.com/v1/public/comics/3951",
                "name": "She-Hulk (2005) #6"
            },
            {
                "id": 3545,
                "resourceURI": "http://gateway.marvel.com/v1/public/comics/3545",
                "name": "She-Hulk (2005) #5"
            },
            {
                "id": 3428,
                "resourceURI": "http://gateway.marvel.com/v1/public/comics/3428",
                "name": "She-Hulk (2005) #4"
            },
            {
                "id": 3216,
                "resourceURI": "http://gateway.marvel.com/v1/public/comics/3216",
                "name": "She-Hulk (2005) #3"
            },
            {
                "id": 1773,
                "resourceURI": "http://gateway.marvel.com/v1/public/comics/1773",
                "name": "Fantastic Four Visionaries: John Byrne Vol. 5 (Trade Paperback)"
            },
            {
                "id": 3115,
                "resourceURI": "http://gateway.marvel.com/v1/public/comics/3115",
                "name": "Marvel Team-Up Vol. 2: Master of the Ring (Trade Paperback)"
            },
            {
                "id": 3032,
                "resourceURI": "http://gateway.marvel.com/v1/public/comics/3032",
                "name": "She-Hulk (2005) #2"
            },
            {
                "id": 2469,
                "resourceURI": "http://gateway.marvel.com/v1/public/comics/2469",
                "name": "She-Hulk (2005) #1"
            },
            {
                "id": 2270,
                "resourceURI": "http://gateway.marvel.com/v1/public/comics/2270",
                "name": "Secret Wars (Trade Paperback)"
            },
            {
                "id": 2556,
                "resourceURI": "http://gateway.marvel.com/v1/public/comics/2556",
                "name": "Marvel Team-Up (2004) #13"
            },
            {
                "id": 2276,
                "resourceURI": "http://gateway.marvel.com/v1/public/comics/2276",
                "name": "Thing: Freakshow (Trade Paperback)"
            },
            {
                "id": 2005,
                "resourceURI": "http://gateway.marvel.com/v1/public/comics/2005",
                "name": "Best of the Fantastic Four Vol. 1 (Hardcover)"
            },
            {
                "id": 1849,
                "resourceURI": "http://gateway.marvel.com/v1/public/comics/1849",
                "name": "She-Hulk Vol. 2: Superhuman Law (Trade Paperback)"
            },
            {
                "id": 1648,
                "resourceURI": "http://gateway.marvel.com/v1/public/comics/1648",
                "name": "She-Hulk (2004) #12"
            },
            {
                "id": 1559,
                "resourceURI": "http://gateway.marvel.com/v1/public/comics/1559",
                "name": "She-Hulk (2004) #11"
            },
            {
                "id": 12120,
                "resourceURI": "http://gateway.marvel.com/v1/public/comics/12120",
                "name": "Wha...Huh? (2005) #1"
            },
            {
                "id": 1466,
                "resourceURI": "http://gateway.marvel.com/v1/public/comics/1466",
                "name": "She-Hulk (2004) #10"
            },
            {
                "id": 33,
                "resourceURI": "http://gateway.marvel.com/v1/public/comics/33",
                "name": "She-Hulk Vol. 1: Single Green Female (Trade Paperback)"
            },
            {
                "id": 68,
                "resourceURI": "http://gateway.marvel.com/v1/public/comics/68",
                "name": "She-Hulk (2004) #9"
            },
            {
                "id": 883,
                "resourceURI": "http://gateway.marvel.com/v1/public/comics/883",
                "name": "She-Hulk (2004) #8"
            },
            {
                "id": 812,
                "resourceURI": "http://gateway.marvel.com/v1/public/comics/812",
                "name": "She-Hulk (2004) #7"
            },
            {
                "id": 520,
                "resourceURI": "http://gateway.marvel.com/v1/public/comics/520",
                "name": "She-Hulk (2004) #6"
            },
            {
                "id": 1311,
                "resourceURI": "http://gateway.marvel.com/v1/public/comics/1311",
                "name": "Avengers Assemble (Hardcover)"
            },
            {
                "id": 551,
                "resourceURI": "http://gateway.marvel.com/v1/public/comics/551",
                "name": "She-Hulk (2004) #5"
            },
            {
                "id": 713,
                "resourceURI": "http://gateway.marvel.com/v1/public/comics/713",
                "name": "She-Hulk (2004) #4"
            },
            {
                "id": 636,
                "resourceURI": "http://gateway.marvel.com/v1/public/comics/636",
                "name": "She-Hulk (2004) #3"
            },
            {
                "id": 472,
                "resourceURI": "http://gateway.marvel.com/v1/public/comics/472",
                "name": "She-Hulk (2004) #2"
            },
            {
                "id": 409,
                "resourceURI": "http://gateway.marvel.com/v1/public/comics/409",
                "name": "She-Hulk (2004) #1"
            },
            {
                "id": 1214,
                "resourceURI": "http://gateway.marvel.com/v1/public/comics/1214",
                "name": "Avengers Vol. II: Red Zone (Trade Paperback)"
            },
            {
                "id": 1170,
                "resourceURI": "http://gateway.marvel.com/v1/public/comics/1170",
                "name": "Avengers Vol. 2: Red Zone (Trade Paperback)"
            },
            {
                "id": 1165,
                "resourceURI": "http://gateway.marvel.com/v1/public/comics/1165",
                "name": "Thor Legends Vol. 2: Walt Simonson Book II (Trade Paperback)"
            },
            {
                "id": 17554,
                "resourceURI": "http://gateway.marvel.com/v1/public/comics/17554",
                "name": "Avengers (1998) #68"
            },
            {
                "id": 17553,
                "resourceURI": "http://gateway.marvel.com/v1/public/comics/17553",
                "name": "Avengers (1998) #67"
            },
            {
                "id": 17552,
                "resourceURI": "http://gateway.marvel.com/v1/public/comics/17552",
                "name": "Avengers (1998) #66"
            },
            {
                "id": 17551,
                "resourceURI": "http://gateway.marvel.com/v1/public/comics/17551",
                "name": "Avengers (1998) #65"
            },
            {
                "id": 1113,
                "resourceURI": "http://gateway.marvel.com/v1/public/comics/1113",
                "name": "Thor Vol. 3: Gods on Earth (Trade Paperback)"
            },
            {
                "id": 1098,
                "resourceURI": "http://gateway.marvel.com/v1/public/comics/1098",
                "name": "Avengers Vol. 1: World Trust (Trade Paperback)"
            },
            {
                "id": 17549,
                "resourceURI": "http://gateway.marvel.com/v1/public/comics/17549",
                "name": "Avengers (1998) #63"
            },
            {
                "id": 17547,
                "resourceURI": "http://gateway.marvel.com/v1/public/comics/17547",
                "name": "Avengers (1998) #61"
            },
            {
                "id": 17546,
                "resourceURI": "http://gateway.marvel.com/v1/public/comics/17546",
                "name": "Avengers (1998) #60"
            },
            {
                "id": 17544,
                "resourceURI": "http://gateway.marvel.com/v1/public/comics/17544",
                "name": "Avengers (1998) #59"
            },
            {
                "id": 1038,
                "resourceURI": "http://gateway.marvel.com/v1/public/comics/1038",
                "name": "Avengers: The Kang Dynasty (Trade Paperback)"
            },
            {
                "id": 17543,
                "resourceURI": "http://gateway.marvel.com/v1/public/comics/17543",
                "name": "Avengers (1998) #58"
            },
            {
                "id": 17542,
                "resourceURI": "http://gateway.marvel.com/v1/public/comics/17542",
                "name": "Avengers (1998) #57"
            },
            {
                "id": 17541,
                "resourceURI": "http://gateway.marvel.com/v1/public/comics/17541",
                "name": "Avengers (1998) #56"
            },
            {
                "id": 17540,
                "resourceURI": "http://gateway.marvel.com/v1/public/comics/17540",
                "name": "Avengers (1998) #55"
            },
            {
                "id": 17539,
                "resourceURI": "http://gateway.marvel.com/v1/public/comics/17539",
                "name": "Avengers (1998) #54"
            },
            {
                "id": 18716,
                "resourceURI": "http://gateway.marvel.com/v1/public/comics/18716",
                "name": "Thing & She-Hulk: Long Night (2002) #1"
            },
            {
                "id": 17536,
                "resourceURI": "http://gateway.marvel.com/v1/public/comics/17536",
                "name": "Avengers (1998) #51"
            },
            {
                "id": 10492,
                "resourceURI": "http://gateway.marvel.com/v1/public/comics/10492",
                "name": "Paradise X (2002)"
            },
            {
                "id": 15572,
                "resourceURI": "http://gateway.marvel.com/v1/public/comics/15572",
                "name": "Fantastic Four (1998) #50"
            },
            {
                "id": 17530,
                "resourceURI": "http://gateway.marvel.com/v1/public/comics/17530",
                "name": "Avengers (1998) #46"
            },
            {
                "id": 14432,
                "resourceURI": "http://gateway.marvel.com/v1/public/comics/14432",
                "name": "Incredible Hulk (1999) #32"
            },
            {
                "id": 17528,
                "resourceURI": "http://gateway.marvel.com/v1/public/comics/17528",
                "name": "Avengers (1998) #44"
            },
            {
                "id": 15565,
                "resourceURI": "http://gateway.marvel.com/v1/public/comics/15565",
                "name": "Fantastic Four (1998) #44"
            },
            {
                "id": 17527,
                "resourceURI": "http://gateway.marvel.com/v1/public/comics/17527",
                "name": "Avengers (1998) #43"
            },
            {
                "id": 15564,
                "resourceURI": "http://gateway.marvel.com/v1/public/comics/15564",
                "name": "Fantastic Four (1998) #43"
            },
            {
                "id": 15563,
                "resourceURI": "http://gateway.marvel.com/v1/public/comics/15563",
                "name": "Fantastic Four (1998) #42"
            },
            {
                "id": 10286,
                "resourceURI": "http://gateway.marvel.com/v1/public/comics/10286",
                "name": "Maximum Security (2000) #3"
            },
            {
                "id": 17517,
                "resourceURI": "http://gateway.marvel.com/v1/public/comics/17517",
                "name": "Avengers (1998) #34"
            },
            {
                "id": 17515,
                "resourceURI": "http://gateway.marvel.com/v1/public/comics/17515",
                "name": "Avengers (1998) #32"
            },
            {
                "id": 17514,
                "resourceURI": "http://gateway.marvel.com/v1/public/comics/17514",
                "name": "Avengers (1998) #31"
            },
            {
                "id": 17513,
                "resourceURI": "http://gateway.marvel.com/v1/public/comics/17513",
                "name": "Avengers (1998) #30"
            },
            {
                "id": 17511,
                "resourceURI": "http://gateway.marvel.com/v1/public/comics/17511",
                "name": "Avengers (1998) #29"
            },
            {
                "id": 23498,
                "resourceURI": "http://gateway.marvel.com/v1/public/comics/23498",
                "name": "X-51 (1999) #10"
            },
            {
                "id": 17510,
                "resourceURI": "http://gateway.marvel.com/v1/public/comics/17510",
                "name": "Avengers (1998) #28"
            },
            {
                "id": 14025,
                "resourceURI": "http://gateway.marvel.com/v1/public/comics/14025",
                "name": "Webspinners: Tales of Spider-Man (1999) #17"
            },
            {
                "id": 7458,
                "resourceURI": "http://gateway.marvel.com/v1/public/comics/7458",
                "name": "Cable (1993) #79"
            },
            {
                "id": 19900,
                "resourceURI": "http://gateway.marvel.com/v1/public/comics/19900",
                "name": "Iron Man (1998) #28"
            },
            {
                "id": 17946,
                "resourceURI": "http://gateway.marvel.com/v1/public/comics/17946",
                "name": "X-Force (1991) #102"
            },
            {
                "id": 17509,
                "resourceURI": "http://gateway.marvel.com/v1/public/comics/17509",
                "name": "Avengers (1998) #27"
            },
            {
                "id": 954,
                "resourceURI": "http://gateway.marvel.com/v1/public/comics/954",
                "name": "Daredevil Vol. II: Parts of a Hole (Trade Paperback)"
            },
            {
                "id": 8558,
                "resourceURI": "http://gateway.marvel.com/v1/public/comics/8558",
                "name": "Earth X (1999) #8"
            },
            {
                "id": 15541,
                "resourceURI": "http://gateway.marvel.com/v1/public/comics/15541",
                "name": "Fantastic Four (1998) #22"
            },
            {
                "id": 8557,
                "resourceURI": "http://gateway.marvel.com/v1/public/comics/8557",
                "name": "Earth X (1999) #7"
            },
            {
                "id": 17523,
                "resourceURI": "http://gateway.marvel.com/v1/public/comics/17523",
                "name": "Avengers (1998) #4"
            },
            {
                "id": 17512,
                "resourceURI": "http://gateway.marvel.com/v1/public/comics/17512",
                "name": "Avengers (1998) #3"
            },
            {
                "id": 17501,
                "resourceURI": "http://gateway.marvel.com/v1/public/comics/17501",
                "name": "Avengers (1998) #2"
            },
            {
                "id": 17490,
                "resourceURI": "http://gateway.marvel.com/v1/public/comics/17490",
                "name": "Avengers (1998) #1"
            },
            {
                "id": 16331,
                "resourceURI": "http://gateway.marvel.com/v1/public/comics/16331",
                "name": "Iron Man (1996) #12"
            },
            {
                "id": 16330,
                "resourceURI": "http://gateway.marvel.com/v1/public/comics/16330",
                "name": "Iron Man (1996) #11"
            },
            {
                "id": 13322,
                "resourceURI": "http://gateway.marvel.com/v1/public/comics/13322",
                "name": "Fantastic Four (1996) #7"
            },
            {
                "id": 9252,
                "resourceURI": "http://gateway.marvel.com/v1/public/comics/9252",
                "name": "Incredible Hulk (1962) #441"
            },
            {
                "id": 23314,
                "resourceURI": "http://gateway.marvel.com/v1/public/comics/23314",
                "name": "The Last Avengers Story (1995) #2"
            },
            {
                "id": 23313,
                "resourceURI": "http://gateway.marvel.com/v1/public/comics/23313",
                "name": "The Last Avengers Story (1995) #1"
            },
            {
                "id": 13229,
                "resourceURI": "http://gateway.marvel.com/v1/public/comics/13229",
                "name": "Fantastic Four (1961) #400"
            },
            {
                "id": 13222,
                "resourceURI": "http://gateway.marvel.com/v1/public/comics/13222",
                "name": "Fantastic Four (1961) #395"
            },
            {
                "id": 13221,
                "resourceURI": "http://gateway.marvel.com/v1/public/comics/13221",
                "name": "Fantastic Four (1961) #394"
            },
            {
                "id": 13220,
                "resourceURI": "http://gateway.marvel.com/v1/public/comics/13220",
                "name": "Fantastic Four (1961) #393"
            },
            {
                "id": 13217,
                "resourceURI": "http://gateway.marvel.com/v1/public/comics/13217",
                "name": "Fantastic Four (1961) #390"
            },
            {
                "id": 16877,
                "resourceURI": "http://gateway.marvel.com/v1/public/comics/16877",
                "name": "Incredible Hulk Annual (1976) #20"
            },
            {
                "id": 12668,
                "resourceURI": "http://gateway.marvel.com/v1/public/comics/12668",
                "name": "Alpha Flight (1983) #127"
            },
            {
                "id": 10040,
                "resourceURI": "http://gateway.marvel.com/v1/public/comics/10040",
                "name": "Marvel Comics Presents (1988) #126"
            },
            {
                "id": 10039,
                "resourceURI": "http://gateway.marvel.com/v1/public/comics/10039",
                "name": "Marvel Comics Presents (1988) #125"
            },
            {
                "id": 10037,
                "resourceURI": "http://gateway.marvel.com/v1/public/comics/10037",
                "name": "Marvel Comics Presents (1988) #123"
            },
            {
                "id": 18453,
                "resourceURI": "http://gateway.marvel.com/v1/public/comics/18453",
                "name": "Warlock and the Infinity Watch (1992) #8"
            },
            {
                "id": 13192,
                "resourceURI": "http://gateway.marvel.com/v1/public/comics/13192",
                "name": "Fantastic Four (1961) #368"
            },
            {
                "id": 12651,
                "resourceURI": "http://gateway.marvel.com/v1/public/comics/12651",
                "name": "Alpha Flight (1983) #111"
            },
            {
                "id": 13181,
                "resourceURI": "http://gateway.marvel.com/v1/public/comics/13181",
                "name": "Fantastic Four (1961) #358"
            },
            {
                "id": 20194,
                "resourceURI": "http://gateway.marvel.com/v1/public/comics/20194",
                "name": "Doctor Strange, Sorcerer Supreme (1988) #33"
            },
            {
                "id": 12286,
                "resourceURI": "http://gateway.marvel.com/v1/public/comics/12286",
                "name": "X-Factor (1986) #66"
            },
            {
                "id": 15521,
                "resourceURI": "http://gateway.marvel.com/v1/public/comics/15521",
                "name": "Marvel Super-Heroes (1992) #5"
            },
            {
                "id": 13813,
                "resourceURI": "http://gateway.marvel.com/v1/public/comics/13813",
                "name": "Uncanny X-Men (1963) #272"
            },
            {
                "id": 19831,
                "resourceURI": "http://gateway.marvel.com/v1/public/comics/19831",
                "name": "Marvel Fanfare (1982) #54"
            },
            {
                "id": 14621,
                "resourceURI": "http://gateway.marvel.com/v1/public/comics/14621",
                "name": "Peter Parker, the Spectacular Spider-Man (1976) #170"
            },
            {
                "id": 18319,
                "resourceURI": "http://gateway.marvel.com/v1/public/comics/18319",
                "name": "What If? (1989) #19"
            },
            {
                "id": 14619,
                "resourceURI": "http://gateway.marvel.com/v1/public/comics/14619",
                "name": "Peter Parker, the Spectacular Spider-Man (1976) #169"
            },
            {
                "id": 14618,
                "resourceURI": "http://gateway.marvel.com/v1/public/comics/14618",
                "name": "Peter Parker, the Spectacular Spider-Man (1976) #168"
            },
            {
                "id": 16873,
                "resourceURI": "http://gateway.marvel.com/v1/public/comics/16873",
                "name": "Incredible Hulk Annual (1976) #16"
            },
            {
                "id": 19824,
                "resourceURI": "http://gateway.marvel.com/v1/public/comics/19824",
                "name": "Marvel Fanfare (1982) #48"
            },
            {
                "id": 13154,
                "resourceURI": "http://gateway.marvel.com/v1/public/comics/13154",
                "name": "Fantastic Four (1961) #333"
            },
            {
                "id": 10095,
                "resourceURI": "http://gateway.marvel.com/v1/public/comics/10095",
                "name": "Marvel Comics Presents (1988) #18"
            },
            {
                "id": 13141,
                "resourceURI": "http://gateway.marvel.com/v1/public/comics/13141",
                "name": "Fantastic Four (1961) #321"
            },
            {
                "id": 12249,
                "resourceURI": "http://gateway.marvel.com/v1/public/comics/12249",
                "name": "X-Factor (1986) #32"
            },
            {
                "id": 12725,
                "resourceURI": "http://gateway.marvel.com/v1/public/comics/12725",
                "name": "Alpha Flight (1983) #61"
            },
            {
                "id": 7164,
                "resourceURI": "http://gateway.marvel.com/v1/public/comics/7164",
                "name": "Avengers (1963) #290"
            },
            {
                "id": 7158,
                "resourceURI": "http://gateway.marvel.com/v1/public/comics/7158",
                "name": "Avengers (1963) #285"
            },
            {
                "id": 7157,
                "resourceURI": "http://gateway.marvel.com/v1/public/comics/7157",
                "name": "Avengers (1963) #284"
            },
            {
                "id": 7156,
                "resourceURI": "http://gateway.marvel.com/v1/public/comics/7156",
                "name": "Avengers (1963) #283"
            },
            {
                "id": 11709,
                "resourceURI": "http://gateway.marvel.com/v1/public/comics/11709",
                "name": "Thor (1966) #381"
            },
            {
                "id": 13121,
                "resourceURI": "http://gateway.marvel.com/v1/public/comics/13121",
                "name": "Fantastic Four (1961) #303"
            },
            {
                "id": 13118,
                "resourceURI": "http://gateway.marvel.com/v1/public/comics/13118",
                "name": "Fantastic Four (1961) #300"
            },
            {
                "id": 13115,
                "resourceURI": "http://gateway.marvel.com/v1/public/comics/13115",
                "name": "Fantastic Four (1961) #299"
            },
            {
                "id": 13114,
                "resourceURI": "http://gateway.marvel.com/v1/public/comics/13114",
                "name": "Fantastic Four (1961) #298"
            },
            {
                "id": 13113,
                "resourceURI": "http://gateway.marvel.com/v1/public/comics/13113",
                "name": "Fantastic Four (1961) #297"
            },
            {
                "id": 13112,
                "resourceURI": "http://gateway.marvel.com/v1/public/comics/13112",
                "name": "Fantastic Four (1961) #296"
            },
            {
                "id": 13111,
                "resourceURI": "http://gateway.marvel.com/v1/public/comics/13111",
                "name": "Fantastic Four (1961) #295"
            },
            {
                "id": 13109,
                "resourceURI": "http://gateway.marvel.com/v1/public/comics/13109",
                "name": "Fantastic Four (1961) #293"
            },
            {
                "id": 13108,
                "resourceURI": "http://gateway.marvel.com/v1/public/comics/13108",
                "name": "Fantastic Four (1961) #292"
            },
            {
                "id": 13107,
                "resourceURI": "http://gateway.marvel.com/v1/public/comics/13107",
                "name": "Fantastic Four (1961) #291"
            },
            {
                "id": 13106,
                "resourceURI": "http://gateway.marvel.com/v1/public/comics/13106",
                "name": "Fantastic Four (1961) #290"
            },
            {
                "id": 13104,
                "resourceURI": "http://gateway.marvel.com/v1/public/comics/13104",
                "name": "Fantastic Four (1961) #289"
            },
            {
                "id": 13103,
                "resourceURI": "http://gateway.marvel.com/v1/public/comics/13103",
                "name": "Fantastic Four (1961) #288"
            },
            {
                "id": 13102,
                "resourceURI": "http://gateway.marvel.com/v1/public/comics/13102",
                "name": "Fantastic Four (1961) #287"
            },
            {
                "id": 13101,
                "resourceURI": "http://gateway.marvel.com/v1/public/comics/13101",
                "name": "Fantastic Four (1961) #286"
            },
            {
                "id": 13100,
                "resourceURI": "http://gateway.marvel.com/v1/public/comics/13100",
                "name": "Fantastic Four (1961) #285"
            },
            {
                "id": 22245,
                "resourceURI": "http://gateway.marvel.com/v1/public/comics/22245",
                "name": "Longshot (1985) #4"
            },
            {
                "id": 8697,
                "resourceURI": "http://gateway.marvel.com/v1/public/comics/8697",
                "name": "Fantastic Four Annual (1963) #19"
            },
            {
                "id": 13099,
                "resourceURI": "http://gateway.marvel.com/v1/public/comics/13099",
                "name": "Fantastic Four (1961) #284"
            },
            {
                "id": 13098,
                "resourceURI": "http://gateway.marvel.com/v1/public/comics/13098",
                "name": "Fantastic Four (1961) #283"
            },
            {
                "id": 13097,
                "resourceURI": "http://gateway.marvel.com/v1/public/comics/13097",
                "name": "Fantastic Four (1961) #282"
            },
            {
                "id": 18885,
                "resourceURI": "http://gateway.marvel.com/v1/public/comics/18885",
                "name": "Secret Wars II (1985) #2"
            },
            {
                "id": 13096,
                "resourceURI": "http://gateway.marvel.com/v1/public/comics/13096",
                "name": "Fantastic Four (1961) #281"
            },
            {
                "id": 13095,
                "resourceURI": "http://gateway.marvel.com/v1/public/comics/13095",
                "name": "Fantastic Four (1961) #280"
            },
            {
                "id": 13093,
                "resourceURI": "http://gateway.marvel.com/v1/public/comics/13093",
                "name": "Fantastic Four (1961) #279"
            },
            {
                "id": 13092,
                "resourceURI": "http://gateway.marvel.com/v1/public/comics/13092",
                "name": "Fantastic Four (1961) #278"
            },
            {
                "id": 10583,
                "resourceURI": "http://gateway.marvel.com/v1/public/comics/10583",
                "name": "Secret Wars (1984) #12"
            },
            {
                "id": 13091,
                "resourceURI": "http://gateway.marvel.com/v1/public/comics/13091",
                "name": "Fantastic Four (1961) #277"
            },
            {
                "id": 11681,
                "resourceURI": "http://gateway.marvel.com/v1/public/comics/11681",
                "name": "Thor (1966) #353"
            },
            {
                "id": 10582,
                "resourceURI": "http://gateway.marvel.com/v1/public/comics/10582",
                "name": "Secret Wars (1984) #11"
            },
            {
                "id": 13090,
                "resourceURI": "http://gateway.marvel.com/v1/public/comics/13090",
                "name": "Fantastic Four (1961) #276"
            },
            {
                "id": 10581,
                "resourceURI": "http://gateway.marvel.com/v1/public/comics/10581",
                "name": "Secret Wars (1984) #10"
            },
            {
                "id": 13089,
                "resourceURI": "http://gateway.marvel.com/v1/public/comics/13089",
                "name": "Fantastic Four (1961) #275"
            },
            {
                "id": 13088,
                "resourceURI": "http://gateway.marvel.com/v1/public/comics/13088",
                "name": "Fantastic Four (1961) #274"
            },
            {
                "id": 10591,
                "resourceURI": "http://gateway.marvel.com/v1/public/comics/10591",
                "name": "Secret Wars (1984) #9"
            },
            {
                "id": 13087,
                "resourceURI": "http://gateway.marvel.com/v1/public/comics/13087",
                "name": "Fantastic Four (1961) #273"
            },
            {
                "id": 10590,
                "resourceURI": "http://gateway.marvel.com/v1/public/comics/10590",
                "name": "Secret Wars (1984) #8"
            },
            {
                "id": 7118,
                "resourceURI": "http://gateway.marvel.com/v1/public/comics/7118",
                "name": "Avengers (1963) #249"
            },
            {
                "id": 13086,
                "resourceURI": "http://gateway.marvel.com/v1/public/comics/13086",
                "name": "Fantastic Four (1961) #272"
            },
            {
                "id": 10589,
                "resourceURI": "http://gateway.marvel.com/v1/public/comics/10589",
                "name": "Secret Wars (1984) #7"
            },
            {
                "id": 13085,
                "resourceURI": "http://gateway.marvel.com/v1/public/comics/13085",
                "name": "Fantastic Four (1961) #271"
            },
            {
                "id": 10588,
                "resourceURI": "http://gateway.marvel.com/v1/public/comics/10588",
                "name": "Secret Wars (1984) #6"
            },
            {
                "id": 13084,
                "resourceURI": "http://gateway.marvel.com/v1/public/comics/13084",
                "name": "Fantastic Four (1961) #270"
            },
            {
                "id": 10587,
                "resourceURI": "http://gateway.marvel.com/v1/public/comics/10587",
                "name": "Secret Wars (1984) #5"
            },
            {
                "id": 7115,
                "resourceURI": "http://gateway.marvel.com/v1/public/comics/7115",
                "name": "Avengers (1963) #246"
            },
            {
                "id": 13082,
                "resourceURI": "http://gateway.marvel.com/v1/public/comics/13082",
                "name": "Fantastic Four (1961) #269"
            },
            {
                "id": 10586,
                "resourceURI": "http://gateway.marvel.com/v1/public/comics/10586",
                "name": "Secret Wars (1984) #4"
            },
            {
                "id": 13081,
                "resourceURI": "http://gateway.marvel.com/v1/public/comics/13081",
                "name": "Fantastic Four (1961) #268"
            },
            {
                "id": 10585,
                "resourceURI": "http://gateway.marvel.com/v1/public/comics/10585",
                "name": "Secret Wars (1984) #3"
            },
            {
                "id": 13080,
                "resourceURI": "http://gateway.marvel.com/v1/public/comics/13080",
                "name": "Fantastic Four (1961) #267"
            },
            {
                "id": 10584,
                "resourceURI": "http://gateway.marvel.com/v1/public/comics/10584",
                "name": "Secret Wars (1984) #2"
            },
            {
                "id": 13079,
                "resourceURI": "http://gateway.marvel.com/v1/public/comics/13079",
                "name": "Fantastic Four (1961) #266"
            },
            {
                "id": 10580,
                "resourceURI": "http://gateway.marvel.com/v1/public/comics/10580",
                "name": "Secret Wars (1984) #1"
            },
            {
                "id": 13078,
                "resourceURI": "http://gateway.marvel.com/v1/public/comics/13078",
                "name": "Fantastic Four (1961) #265"
            },
            {
                "id": 7100,
                "resourceURI": "http://gateway.marvel.com/v1/public/comics/7100",
                "name": "Avengers (1963) #232"
            },
            {
                "id": 7095,
                "resourceURI": "http://gateway.marvel.com/v1/public/comics/7095",
                "name": "Avengers (1963) #228"
            },
            {
                "id": 19571,
                "resourceURI": "http://gateway.marvel.com/v1/public/comics/19571",
                "name": "Marvel Two-in-One (1974) #96"
            },
            {
                "id": 7094,
                "resourceURI": "http://gateway.marvel.com/v1/public/comics/7094",
                "name": "Avengers (1963) #227"
            },
            {
                "id": 12367,
                "resourceURI": "http://gateway.marvel.com/v1/public/comics/12367",
                "name": "X-Men Annual (1970) #7"
            },
            {
                "id": 7088,
                "resourceURI": "http://gateway.marvel.com/v1/public/comics/7088",
                "name": "Avengers (1963) #221"
            },
            {
                "id": 19562,
                "resourceURI": "http://gateway.marvel.com/v1/public/comics/19562",
                "name": "Marvel Two-in-One (1974) #88"
            },
            {
                "id": 15273,
                "resourceURI": "http://gateway.marvel.com/v1/public/comics/15273",
                "name": "Savage She-Hulk (1980) #25"
            },
            {
                "id": 15272,
                "resourceURI": "http://gateway.marvel.com/v1/public/comics/15272",
                "name": "Savage She-Hulk (1980) #24"
            },
            {
                "id": 15271,
                "resourceURI": "http://gateway.marvel.com/v1/public/comics/15271",
                "name": "Savage She-Hulk (1980) #23"
            },
            {
                "id": 15270,
                "resourceURI": "http://gateway.marvel.com/v1/public/comics/15270",
                "name": "Savage She-Hulk (1980) #22"
            },
            {
                "id": 15269,
                "resourceURI": "http://gateway.marvel.com/v1/public/comics/15269",
                "name": "Savage She-Hulk (1980) #21"
            },
            {
                "id": 15268,
                "resourceURI": "http://gateway.marvel.com/v1/public/comics/15268",
                "name": "Savage She-Hulk (1980) #20"
            },
            {
                "id": 15266,
                "resourceURI": "http://gateway.marvel.com/v1/public/comics/15266",
                "name": "Savage She-Hulk (1980) #19"
            },
            {
                "id": 15265,
                "resourceURI": "http://gateway.marvel.com/v1/public/comics/15265",
                "name": "Savage She-Hulk (1980) #18"
            },
            {
                "id": 15264,
                "resourceURI": "http://gateway.marvel.com/v1/public/comics/15264",
                "name": "Savage She-Hulk (1980) #17"
            },
            {
                "id": 15263,
                "resourceURI": "http://gateway.marvel.com/v1/public/comics/15263",
                "name": "Savage She-Hulk (1980) #16"
            },
            {
                "id": 15262,
                "resourceURI": "http://gateway.marvel.com/v1/public/comics/15262",
                "name": "Savage She-Hulk (1980) #15"
            },
            {
                "id": 15261,
                "resourceURI": "http://gateway.marvel.com/v1/public/comics/15261",
                "name": "Savage She-Hulk (1980) #14"
            },
            {
                "id": 15260,
                "resourceURI": "http://gateway.marvel.com/v1/public/comics/15260",
                "name": "Savage She-Hulk (1980) #13"
            },
            {
                "id": 15259,
                "resourceURI": "http://gateway.marvel.com/v1/public/comics/15259",
                "name": "Savage She-Hulk (1980) #12"
            },
            {
                "id": 15258,
                "resourceURI": "http://gateway.marvel.com/v1/public/comics/15258",
                "name": "Savage She-Hulk (1980) #11"
            },
            {
                "id": 15257,
                "resourceURI": "http://gateway.marvel.com/v1/public/comics/15257",
                "name": "Savage She-Hulk (1980) #10"
            },
            {
                "id": 15280,
                "resourceURI": "http://gateway.marvel.com/v1/public/comics/15280",
                "name": "Savage She-Hulk (1980) #9"
            },
            {
                "id": 15279,
                "resourceURI": "http://gateway.marvel.com/v1/public/comics/15279",
                "name": "Savage She-Hulk (1980) #8"
            },
            {
                "id": 15278,
                "resourceURI": "http://gateway.marvel.com/v1/public/comics/15278",
                "name": "Savage She-Hulk (1980) #7"
            },
            {
                "id": 15277,
                "resourceURI": "http://gateway.marvel.com/v1/public/comics/15277",
                "name": "Savage She-Hulk (1980) #6"
            },
            {
                "id": 15276,
                "resourceURI": "http://gateway.marvel.com/v1/public/comics/15276",
                "name": "Savage She-Hulk (1980) #5"
            },
            {
                "id": 15275,
                "resourceURI": "http://gateway.marvel.com/v1/public/comics/15275",
                "name": "Savage She-Hulk (1980) #4"
            },
            {
                "id": 15274,
                "resourceURI": "http://gateway.marvel.com/v1/public/comics/15274",
                "name": "Savage She-Hulk (1980) #3"
            },
            {
                "id": 15267,
                "resourceURI": "http://gateway.marvel.com/v1/public/comics/15267",
                "name": "Savage She-Hulk (1980) #2"
            },
            {
                "id": 15256,
                "resourceURI": "http://gateway.marvel.com/v1/public/comics/15256",
                "name": "Savage She-Hulk (1980) #1"
            },
            {
                "id": 17457,
                "resourceURI": "http://gateway.marvel.com/v1/public/comics/17457",
                "name": "Infinity War (Trade Paperback)"
            },
            {
                "id": 17461,
                "resourceURI": "http://gateway.marvel.com/v1/public/comics/17461",
                "name": "Fantastic Four Visionaries: John Byrne Vol. 4 (Trade Paperback)"
            },
            {
                "id": 10038,
                "resourceURI": "http://gateway.marvel.com/v1/public/comics/10038",
                "name": "Marvel Comics Presents (1988) #124"
            }
        ],
        "returned": 300
    },
    "series": {
        "available": 106,
        "collectionURI": "http://gateway.marvel.com/v1/public/characters/1009583/series",
        "items": [
            {
                "resourceURI": "http://gateway.marvel.com/v1/public/series/7524",
                "name": "Adam: Legend of the Blue Marvel (2008)"
            },
            {
                "resourceURI": "http://gateway.marvel.com/v1/public/series/6079",
                "name": "Adam: Legend of the Blue Marvel (2008)"
            },
            {
                "resourceURI": "http://gateway.marvel.com/v1/public/series/7231",
                "name": "All-New Savage She-Hulk (2009)"
            },
            {
                "resourceURI": "http://gateway.marvel.com/v1/public/series/2116",
                "name": "Alpha Flight (1983 - 1994)"
            },
            {
                "resourceURI": "http://gateway.marvel.com/v1/public/series/10030",
                "name": "Atlantis Attacks (2011)"
            },
            {
                "resourceURI": "http://gateway.marvel.com/v1/public/series/10031",
                "name": "Atlantis Attacks (DM Only) (2011)"
            },
            {
                "resourceURI": "http://gateway.marvel.com/v1/public/series/1991",
                "name": "Avengers (1963 - 1996)"
            },
            {
                "resourceURI": "http://gateway.marvel.com/v1/public/series/354",
                "name": "Avengers (1998 - 2004)"
            },
            {
                "resourceURI": "http://gateway.marvel.com/v1/public/series/1340",
                "name": "Avengers Assemble (2004)"
            },
            {
                "resourceURI": "http://gateway.marvel.com/v1/public/series/1737",
                "name": "Avengers Assemble Vol. 3 (2006)"
            },
            {
                "resourceURI": "http://gateway.marvel.com/v1/public/series/1816",
                "name": "Avengers Assemble Vol. 4 (2007)"
            },
            {
                "resourceURI": "http://gateway.marvel.com/v1/public/series/2384",
                "name": "Avengers Classic (2007 - 2008)"
            },
            {
                "resourceURI": "http://gateway.marvel.com/v1/public/series/158",
                "name": "Avengers Vol. 1: World Trust (2003)"
            },
            {
                "resourceURI": "http://gateway.marvel.com/v1/public/series/227",
                "name": "Avengers Vol. 2: Red Zone (2003)"
            },
            {
                "resourceURI": "http://gateway.marvel.com/v1/public/series/271",
                "name": "Avengers Vol. II: Red Zone (2003)"
            },
            {
                "resourceURI": "http://gateway.marvel.com/v1/public/series/6476",
                "name": "Avengers: First to Last (2008 - Present)"
            },
            {
                "resourceURI": "http://gateway.marvel.com/v1/public/series/6473",
                "name": "Avengers: First to Last Premiere (2008 - Present)"
            },
            {
                "resourceURI": "http://gateway.marvel.com/v1/public/series/1945",
                "name": "Avengers: The Initiative (2007 - 2010)"
            },
            {
                "resourceURI": "http://gateway.marvel.com/v1/public/series/98",
                "name": "Avengers: The Kang Dynasty (2002)"
            },
            {
                "resourceURI": "http://gateway.marvel.com/v1/public/series/1503",
                "name": "Best of the Fantastic Four Vol. 1 (2005)"
            }
        ],
        "returned": 20
    },
    "stories": {
        "available": 348,
        "collectionURI": "http://gateway.marvel.com/v1/public/characters/1009583/stories",
        "items": [
            {
                "resourceURI": "http://gateway.marvel.com/v1/public/stories/2092",
                "name": "Interior #2092",
                "type": "interiorStory"
            },
            {
                "resourceURI": "http://gateway.marvel.com/v1/public/stories/3130",
                "name": "1 of 1 - Hercules",
                "type": "interiorStory"
            },
            {
                "resourceURI": "http://gateway.marvel.com/v1/public/stories/3132",
                "name": "Interior #3132",
                "type": "interiorStory"
            },
            {
                "resourceURI": "http://gateway.marvel.com/v1/public/stories/3134",
                "name": "Interior #3134",
                "type": "interiorStory"
            },
            {
                "resourceURI": "http://gateway.marvel.com/v1/public/stories/3136",
                "name": "Interior #3136",
                "type": "interiorStory"
            },
            {
                "resourceURI": "http://gateway.marvel.com/v1/public/stories/3138",
                "name": "Interior #3138",
                "type": "interiorStory"
            },
            {
                "resourceURI": "http://gateway.marvel.com/v1/public/stories/3140",
                "name": "Interior #3140",
                "type": "interiorStory"
            },
            {
                "resourceURI": "http://gateway.marvel.com/v1/public/stories/3142",
                "name": "\"SPACE CASES\" As a superhuman lawyer, SHE-HULK has tried some of the strangest cases on Earth... but all of that is about to cha",
                "type": "interiorStory"
            },
            {
                "resourceURI": "http://gateway.marvel.com/v1/public/stories/3144",
                "name": "\"ENGAGEMENT RING\" PART 2 (OF 2) A titanic tale of foxy boxing in outer space! Yes, FOXY BOXING! On a planet where might makes ri",
                "type": "interiorStory"
            },
            {
                "resourceURI": "http://gateway.marvel.com/v1/public/stories/3145",
                "name": "1 of 3 - Titania",
                "type": "cover"
            },
            {
                "resourceURI": "http://gateway.marvel.com/v1/public/stories/3146",
                "name": "1 of 3 - Titania",
                "type": "interiorStory"
            },
            {
                "resourceURI": "http://gateway.marvel.com/v1/public/stories/3148",
                "name": "2 of 3 - Titania",
                "type": "interiorStory"
            },
            {
                "resourceURI": "http://gateway.marvel.com/v1/public/stories/3150",
                "name": "3 of 3 - Titania",
                "type": "interiorStory"
            },
            {
                "resourceURI": "http://gateway.marvel.com/v1/public/stories/4125",
                "name": "3 of 3 - Titannus War",
                "type": "cover"
            },
            {
                "resourceURI": "http://gateway.marvel.com/v1/public/stories/4742",
                "name": "1 of 2 - Time Travel",
                "type": "cover"
            },
            {
                "resourceURI": "http://gateway.marvel.com/v1/public/stories/4743",
                "name": "1 of 2 - Time Travel",
                "type": "interiorStory"
            },
            {
                "resourceURI": "http://gateway.marvel.com/v1/public/stories/4745",
                "name": "2 of 2 - Time Travel",
                "type": "interiorStory"
            },
            {
                "resourceURI": "http://gateway.marvel.com/v1/public/stories/4747",
                "name": "1 of",
                "type": "interiorStory"
            },
            {
                "resourceURI": "http://gateway.marvel.com/v1/public/stories/4748",
                "name": "1 of 2 - I Married a Man-Wolf",
                "type": "interiorStory"
            },
            {
                "resourceURI": "http://gateway.marvel.com/v1/public/stories/4750",
                "name": "2 of 2 - I Married a Man-Wolf",
                "type": "interiorStory"
            }
        ],
        "returned": 20
    },
    "events": {
        "available": 12,
        "collectionURI": "http://gateway.marvel.com/v1/public/characters/1009583/events",
        "items": [
            {
                "resourceURI": "http://gateway.marvel.com/v1/public/events/233",
                "name": "Atlantis Attacks"
            },
            {
                "resourceURI": "http://gateway.marvel.com/v1/public/events/238",
                "name": "Civil War"
            },
            {
                "resourceURI": "http://gateway.marvel.com/v1/public/events/318",
                "name": "Dark Reign"
            },
            {
                "resourceURI": "http://gateway.marvel.com/v1/public/events/302",
                "name": "Fear Itself"
            },
            {
                "resourceURI": "http://gateway.marvel.com/v1/public/events/253",
                "name": "Infinity Gauntlet"
            },
            {
                "resourceURI": "http://gateway.marvel.com/v1/public/events/29",
                "name": "Infinity War"
            },
            {
                "resourceURI": "http://gateway.marvel.com/v1/public/events/37",
                "name": "Maximum Security"
            },
            {
                "resourceURI": "http://gateway.marvel.com/v1/public/events/269",
                "name": "Secret Invasion"
            },
            {
                "resourceURI": "http://gateway.marvel.com/v1/public/events/270",
                "name": "Secret Wars"
            },
            {
                "resourceURI": "http://gateway.marvel.com/v1/public/events/271",
                "name": "Secret Wars II"
            },
            {
                "resourceURI": "http://gateway.marvel.com/v1/public/events/277",
                "name": "World War Hulk"
            },
            {
                "resourceURI": "http://gateway.marvel.com/v1/public/events/280",
                "name": "X-Tinction Agenda"
            }
        ],
        "returned": 12
    },
    "urls": [
        {
            "type": "detail",
            "url": "http://marvel.com/comics/characters/1009583/she-hulk_jennifer_walters?utm_campaign=apiRef&utm_source=35410e46c72ea769348ceb6ba8cc90fd"
        },
        {
            "type": "wiki",
            "url": "http://marvel.com/universe/She-Hulk_(Jennifer_Walters)?utm_campaign=apiRef&utm_source=35410e46c72ea769348ceb6ba8cc90fd"
        }
    ],
    "wiki": {
        "universe": "[[Marvel Universe]]",
        "real_name": "Jennifer \"Jen\" Walters",
        "identity": "Public",
        "occupation": "Lawyer, Magistra of the [[Living Tribunal]]",
        "place_of_birth": "Los Angeles, California",
        "groups": "[[Lady Liberators]], employee of [[Goodman, Lieber, Kurtzberg, & Holliway]]; formerly [[Defenders]], [[Avengers]], [[Brides of Set]], [[Fantastic Four]], [[Fantastic Force]], [[Heroes for Hire]]",
        "citizenship": "U.S.A.",
        "education": "Degree in Criminal Law",
        "aliases": "Jade Giantess, Shulkie",
        "relatives": "Morris Walters (father), Robert Bruce Banner ([[Hulk]], cousin)",
        "height": "5'10\" (in human form) 6'7\" (as She-Hulk)",
        "weight": "140 lbs (in human form) 650 lbs (as She-Hulk)",
        "eyes": "Green",
        "hair": "Brown (in human form) Green (as She-Hulk)",
        "abilities": "",
        "weapons": "",
        "paraphernalia": "Wears a gamma-charger to help regulate her changes from She-Hulk to Jen Walters and vice-a-versa",
        "powers": "Like her cousin, Jennifer possesses great strength, durability, endurance and a healing factor. Unlike her cousin, she almost always retains her full intelligence and personality as She-Hulk. She is also able to switch from She-Hulk to Jennifer Walters, but does not always have control of her transformation. In the past, Jennifer's inability to switch forms was due to a psychological block. Jennifer has learned a Ovid body-switching technique, but rarely uses it.",
        "debut": "Savage She-Hulk #1 (1980)",
        "origin": "",
        "significant_issues": "",
        "main_image": "She_hulk.jpg",
        "bio_text": "Jennifer Walters, the meek and mousy lawyer cousin of [[Hulk (Bruce Banner)|Bruce Banner]], was the daughter of Sheriff Morris Walters. Agents of [[Trask, Nicholas|Nicholas Trask]], a crime boss who had crossed paths with her father, shot and seriously wounded her on a day when her cousin was in town. Bruce gave her a blood transfusion, as no other donors of her blood type were available; the radioactive blood mutated Jennifer as it had her cousin, transforming her into the She-Hulk.",
        "bio": "Jennifer Walters, the meek and mousy lawyer cousin of [[Hulk (Bruce Banner)|Bruce Banner]], was the daughter of Sheriff Morris Walters. Agents of [[Trask, Nicholas|Nicholas Trask]], a crime boss who had crossed paths with her father, shot and seriously wounded her on a day when her cousin was in town. Bruce gave her a blood transfusion, as no other donors of her blood type were available; the radioactive blood mutated Jennifer as it had her cousin, transforming her into the She-Hulk.\n\nAlthough Jennifer was at first savage while in her form as She-Hulk, she eventually gained the same intelligence she had as the normal Jennifer Walters. She quickly came to appreciate the confidence and assertiveness that had come with being She-Hulk. For a long time, she felt more comfortable in her form as She-Hulk than in her \"normal\" form as Jennifer. But she has gradually grown comfortable in both forms, and realized that she has much to offer the world in both her forms. After a brief solo career, she joined the [[Avengers]] and temporarily replaced the [[Thing (Benjamin Grimm)|Thing]] in the [[Fantastic Four]].\n\nDuring her tenure with the Fantastic Four, the She-Hulk had to prevent a radiation leak in a downed [[S.H.I.E.L.D.]] Helicarrier. This radiation exposure apparently mutated Jennifer to the point that she could not transform back into her original form. But this was an agreeable turn of events for her, since she preferred her She-Hulk form anyway. It was revealed much later that the \"genetic block\" was in fact purely psychological, shortly before a similar block locked her in non-Hulk form. That block proved to be temporary.\n\n[[Image:Shehulk_01.jpg|left|200px|thumb]]\nAfter the Fantastic Four , the She-Hulk rejoined the Avengers and joined the staff of District Attorney [[Tower, Blake|Blake Tower]], where she met Louise \"Weezi\" Mason, formerly the Golden Age super heroine called the [[Blonde Phantom (Louise Mason)|Blonde Phantom]]; during this period, she discovered that Mason had manipulated Towers into hiring She-Hulk so that Mason could again star in a comic book and thus avoid dying of old age. Mason's husband, also a former comic book character, had passed away three years ago, but other, more popular characters from the era, such as [[Captain America (Steve Rogers)|Captain America]] and [[Sub-Mariner|Namor the Sub-Mariner]], were still around.\n\nWhile doing some legal work for [[Heroes for Hire]], she also went on a few adventures with them and spent some time dating [[Cage, Luke|Luke Cage]]. Later She-Hulk was a member of the short lived hero group the [[Fantastic Force]].\n\nJennifer currently works as a lawyer for the Superhuman Law division of the New York law firm of [[Goodman, Lieber, Kurtzberg, & Holliway]]. Now able to change forms at will again, Jennifer is rediscovering she sometimes has wildly different views and opinions in each form, where as the She-Hulk she has come out publicly in favor of the recent Superhuman Registration Act, yet as Jennifer Walters she understands the views of those against the Act.",
        "categories": [
            "Women",
            "Heroes",
            "Hulk",
            "Civil War",
            "Avengers",
            "Fantastic Four",
            "Initiative"
        ]
    }
}