{
    "id": 1009710,
    "name": "Wendigo",
    "description": "",
    "modified": "2011-05-24T16:45:41-0400",
    "thumbnail": {
        "path": "http://i.annihil.us/u/prod/marvel/i/mg/b/70/4ce5a1fa7a013",
        "extension": "jpg"
    },
    "resourceURI": "http://gateway.marvel.com/v1/public/characters/1009710",
    "comics": {
        "available": 9,
        "collectionURI": "http://gateway.marvel.com/v1/public/characters/1009710/comics",
        "items": [
            {
                "resourceURI": "http://gateway.marvel.com/v1/public/comics/1343",
                "name": "Best of Wolverine Vol. 1 (Hardcover)"
            },
            {
                "resourceURI": "http://gateway.marvel.com/v1/public/comics/8991",
                "name": "Incredible Hulk (1962) #180"
            },
            {
                "resourceURI": "http://gateway.marvel.com/v1/public/comics/1587",
                "name": "Marvel Masterworks: The Uncanny X-Men Vol. (Hardcover)"
            },
            {
                "resourceURI": "http://gateway.marvel.com/v1/public/comics/12459",
                "name": "Uncanny X-Men (1963) #140"
            },
            {
                "resourceURI": "http://gateway.marvel.com/v1/public/comics/14069",
                "name": "Wolverine (1988) #129"
            },
            {
                "resourceURI": "http://gateway.marvel.com/v1/public/comics/14071",
                "name": "Wolverine (1988) #130"
            },
            {
                "resourceURI": "http://gateway.marvel.com/v1/public/comics/14116",
                "name": "Wolverine (1988) #171"
            },
            {
                "resourceURI": "http://gateway.marvel.com/v1/public/comics/14117",
                "name": "Wolverine (1988) #172"
            },
            {
                "resourceURI": "http://gateway.marvel.com/v1/public/comics/14121",
                "name": "Wolverine (1988) #176"
            }
        ],
        "returned": 9
    },
    "series": {
        "available": 5,
        "collectionURI": "http://gateway.marvel.com/v1/public/characters/1009710/series",
        "items": [
            {
                "resourceURI": "http://gateway.marvel.com/v1/public/series/1207",
                "name": "Best of Wolverine Vol. 1 (2004)"
            },
            {
                "resourceURI": "http://gateway.marvel.com/v1/public/series/2021",
                "name": "Incredible Hulk (1962 - 1999)"
            },
            {
                "resourceURI": "http://gateway.marvel.com/v1/public/series/1440",
                "name": "Marvel Masterworks: The Uncanny X-Men Vol. (2005)"
            },
            {
                "resourceURI": "http://gateway.marvel.com/v1/public/series/2258",
                "name": "Uncanny X-Men (1963 - 2011)"
            },
            {
                "resourceURI": "http://gateway.marvel.com/v1/public/series/2262",
                "name": "Wolverine (1988 - 2003)"
            }
        ],
        "returned": 5
    },
    "stories": {
        "available": 11,
        "collectionURI": "http://gateway.marvel.com/v1/public/characters/1009710/stories",
        "items": [
            {
                "resourceURI": "http://gateway.marvel.com/v1/public/stories/15469",
                "name": "Fist to Fist With the Savage Fury of Wen-Di-Go!",
                "type": "cover"
            },
            {
                "resourceURI": "http://gateway.marvel.com/v1/public/stories/18507",
                "name": "And the Wind Howls Wendigo",
                "type": "interiorStory"
            },
            {
                "resourceURI": "http://gateway.marvel.com/v1/public/stories/18509",
                "name": "And Now, The Wolverine",
                "type": "interiorStory"
            },
            {
                "resourceURI": "http://gateway.marvel.com/v1/public/stories/28627",
                "name": "Fury of the Wendigo",
                "type": "cover"
            },
            {
                "resourceURI": "http://gateway.marvel.com/v1/public/stories/28631",
                "name": "The Price of Survival",
                "type": "cover"
            },
            {
                "resourceURI": "http://gateway.marvel.com/v1/public/stories/28723",
                "name": "'Nuff Said",
                "type": "cover"
            },
            {
                "resourceURI": "http://gateway.marvel.com/v1/public/stories/28724",
                "name": "Stay Alive Part 2",
                "type": "interiorStory"
            },
            {
                "resourceURI": "http://gateway.marvel.com/v1/public/stories/28727",
                "name": "Stay Alive! Conclusion",
                "type": "interiorStory"
            },
            {
                "resourceURI": "http://gateway.marvel.com/v1/public/stories/28738",
                "name": "The Logan Files Epilogue",
                "type": "interiorStory"
            },
            {
                "resourceURI": "http://gateway.marvel.com/v1/public/stories/79773",
                "name": "Cover #79773",
                "type": "cover"
            },
            {
                "resourceURI": "http://gateway.marvel.com/v1/public/stories/79777",
                "name": "Incredible Hulks (2009) #631",
                "type": "cover"
            }
        ],
        "returned": 11
    },
    "events": {
        "available": 0,
        "collectionURI": "http://gateway.marvel.com/v1/public/characters/1009710/events",
        "items": [],
        "returned": 0
    },
    "urls": [
        {
            "type": "detail",
            "url": "http://marvel.com/comics/characters/1009710/wendigo?utm_campaign=apiRef&utm_source=35410e46c72ea769348ceb6ba8cc90fd"
        },
        {
            "type": "wiki",
            "url": "http://marvel.com/universe/Wendigo?utm_campaign=apiRef&utm_source=35410e46c72ea769348ceb6ba8cc90fd"
        }
    ]
}