{
    "id": 1009515,
    "name": "Punisher",
    "description": "",
    "modified": "2014-01-27T14:41:41-0500",
    "thumbnail": {
        "path": "http://i.annihil.us/u/prod/marvel/i/mg/3/90/5261675f6b22f",
        "extension": "jpg"
    },
    "resourceURI": "http://gateway.marvel.com/v1/public/characters/1009515",
    "comics": {
        "available": 386,
        "collectionURI": "http://gateway.marvel.com/v1/public/characters/1009515/comics",
        "items": [
            {
                "id": 49379,
                "resourceURI": "http://gateway.marvel.com/v1/public/comics/49379",
                "name": "The Punisher (2014) #2"
            },
            {
                "id": 44092,
                "resourceURI": "http://gateway.marvel.com/v1/public/comics/44092",
                "name": "Punisher: War Zone (2012) #2"
            },
            {
                "id": 40586,
                "resourceURI": "http://gateway.marvel.com/v1/public/comics/40586",
                "name": "Incredible Hulk (2011) #8"
            },
            {
                "id": 36513,
                "resourceURI": "http://gateway.marvel.com/v1/public/comics/36513",
                "name": "Daredevil (2011) #11"
            },
            {
                "id": 39253,
                "resourceURI": "http://gateway.marvel.com/v1/public/comics/39253",
                "name": "Avenging Spider-Man (2011) #6"
            },
            {
                "id": 35461,
                "resourceURI": "http://gateway.marvel.com/v1/public/comics/35461",
                "name": "Punishermax (2010) #19"
            },
            {
                "id": 35470,
                "resourceURI": "http://gateway.marvel.com/v1/public/comics/35470",
                "name": "Punishermax (2010) #18"
            },
            {
                "id": 38118,
                "resourceURI": "http://gateway.marvel.com/v1/public/comics/38118",
                "name": "Marvel Universe Vs. Wolverine (2011) #4"
            },
            {
                "id": 35468,
                "resourceURI": "http://gateway.marvel.com/v1/public/comics/35468",
                "name": "Punishermax (2010) #17"
            },
            {
                "id": 38854,
                "resourceURI": "http://gateway.marvel.com/v1/public/comics/38854",
                "name": "The Punisher (2011) #3"
            },
            {
                "id": 38855,
                "resourceURI": "http://gateway.marvel.com/v1/public/comics/38855",
                "name": "The Punisher (2011) #1"
            },
            {
                "id": 39428,
                "resourceURI": "http://gateway.marvel.com/v1/public/comics/39428",
                "name": "Essential Punisher Vol. 2 TPB (All-New Edition) (Trade Paperback)"
            },
            {
                "id": 35472,
                "resourceURI": "http://gateway.marvel.com/v1/public/comics/35472",
                "name": "Punishermax (2010) #15"
            },
            {
                "id": 40886,
                "resourceURI": "http://gateway.marvel.com/v1/public/comics/40886",
                "name": "Amazing Spider-Man (1999) #655 (2nd Printing Variant)"
            },
            {
                "id": 41112,
                "resourceURI": "http://gateway.marvel.com/v1/public/comics/41112",
                "name": "5 Ronin (Hardcover)"
            },
            {
                "id": 35220,
                "resourceURI": "http://gateway.marvel.com/v1/public/comics/35220",
                "name": "5 Ronin (2010) #3"
            },
            {
                "id": 35517,
                "resourceURI": "http://gateway.marvel.com/v1/public/comics/35517",
                "name": "Amazing Spider-Man (1999) #655"
            },
            {
                "id": 37189,
                "resourceURI": "http://gateway.marvel.com/v1/public/comics/37189",
                "name": "Heroes for Hire (2010) #1"
            },
            {
                "id": 32556,
                "resourceURI": "http://gateway.marvel.com/v1/public/comics/32556",
                "name": "Punisher (2008) #16 (IRON MAN BY DESIGN VARIANT)"
            },
            {
                "id": 32557,
                "resourceURI": "http://gateway.marvel.com/v1/public/comics/32557",
                "name": "Punisher (2008) #16"
            },
            {
                "id": 30507,
                "resourceURI": "http://gateway.marvel.com/v1/public/comics/30507",
                "name": "Punisher (2008) #15"
            },
            {
                "id": 27582,
                "resourceURI": "http://gateway.marvel.com/v1/public/comics/27582",
                "name": "Punisher (2008) #14"
            },
            {
                "id": 27581,
                "resourceURI": "http://gateway.marvel.com/v1/public/comics/27581",
                "name": "Punisher (2008) #13"
            },
            {
                "id": 27580,
                "resourceURI": "http://gateway.marvel.com/v1/public/comics/27580",
                "name": "Punisher (2008) #12"
            },
            {
                "id": 32013,
                "resourceURI": "http://gateway.marvel.com/v1/public/comics/32013",
                "name": "Punisher (2008) #11 (2ND PRINTING VARIANT)"
            },
            {
                "id": 27579,
                "resourceURI": "http://gateway.marvel.com/v1/public/comics/27579",
                "name": "Punisher (2008) #11"
            },
            {
                "id": 27468,
                "resourceURI": "http://gateway.marvel.com/v1/public/comics/27468",
                "name": "Punisher (2008) #10"
            },
            {
                "id": 28863,
                "resourceURI": "http://gateway.marvel.com/v1/public/comics/28863",
                "name": "Punisher (2008) #10 (REST IN PIECES VARIANT)"
            },
            {
                "id": 27470,
                "resourceURI": "http://gateway.marvel.com/v1/public/comics/27470",
                "name": "Punisher (2008) #9"
            },
            {
                "id": 28864,
                "resourceURI": "http://gateway.marvel.com/v1/public/comics/28864",
                "name": "Punisher (2008) #9 (REST IN PIECES VARIANT)"
            },
            {
                "id": 27890,
                "resourceURI": "http://gateway.marvel.com/v1/public/comics/27890",
                "name": "Punisher (2008) #8 (70TH FRAME VARIANT)"
            },
            {
                "id": 28858,
                "resourceURI": "http://gateway.marvel.com/v1/public/comics/28858",
                "name": "Punisher (2008) #8 (REST IN PIECES VARIANT)"
            },
            {
                "id": 27469,
                "resourceURI": "http://gateway.marvel.com/v1/public/comics/27469",
                "name": "Punisher (2008) #8"
            },
            {
                "id": 26155,
                "resourceURI": "http://gateway.marvel.com/v1/public/comics/26155",
                "name": "Punisher (2008) #7"
            },
            {
                "id": 26154,
                "resourceURI": "http://gateway.marvel.com/v1/public/comics/26154",
                "name": "Punisher (2008) #6"
            },
            {
                "id": 24492,
                "resourceURI": "http://gateway.marvel.com/v1/public/comics/24492",
                "name": "Astonishing Tales (2009) #5"
            },
            {
                "id": 24227,
                "resourceURI": "http://gateway.marvel.com/v1/public/comics/24227",
                "name": "Punisher (2008) #5 (MCKONE (50/50 COVER))"
            },
            {
                "id": 24228,
                "resourceURI": "http://gateway.marvel.com/v1/public/comics/24228",
                "name": "Punisher (2008) #5"
            },
            {
                "id": 24201,
                "resourceURI": "http://gateway.marvel.com/v1/public/comics/24201",
                "name": "Astonishing Tales (2009) #4"
            },
            {
                "id": 24023,
                "resourceURI": "http://gateway.marvel.com/v1/public/comics/24023",
                "name": "Punisher (2008) #4"
            },
            {
                "id": 24022,
                "resourceURI": "http://gateway.marvel.com/v1/public/comics/24022",
                "name": "Punisher (2008) #4 (MCKONE (50/50 COVER))"
            },
            {
                "id": 23996,
                "resourceURI": "http://gateway.marvel.com/v1/public/comics/23996",
                "name": "Astonishing Tales (2009) #3"
            },
            {
                "id": 26152,
                "resourceURI": "http://gateway.marvel.com/v1/public/comics/26152",
                "name": "Punisher (2008) #2 (2ND PRINTING VARIANT (DR))"
            },
            {
                "id": 23829,
                "resourceURI": "http://gateway.marvel.com/v1/public/comics/23829",
                "name": "Punisher (2008) #3 (MCKONE (50/50 COVER))"
            },
            {
                "id": 23828,
                "resourceURI": "http://gateway.marvel.com/v1/public/comics/23828",
                "name": "Punisher (2008) #3"
            },
            {
                "id": 23803,
                "resourceURI": "http://gateway.marvel.com/v1/public/comics/23803",
                "name": "Astonishing Tales (2009) #2"
            },
            {
                "id": 23645,
                "resourceURI": "http://gateway.marvel.com/v1/public/comics/23645",
                "name": "Astonishing Tales (2009) #1"
            },
            {
                "id": 23661,
                "resourceURI": "http://gateway.marvel.com/v1/public/comics/23661",
                "name": "Punisher (2008) #2"
            },
            {
                "id": 23662,
                "resourceURI": "http://gateway.marvel.com/v1/public/comics/23662",
                "name": "Punisher (2008) #2"
            },
            {
                "id": 23177,
                "resourceURI": "http://gateway.marvel.com/v1/public/comics/23177",
                "name": "Punisher (2008) #1 (MCKONE (DR, 50/50 COVER))"
            },
            {
                "id": 23178,
                "resourceURI": "http://gateway.marvel.com/v1/public/comics/23178",
                "name": "Punisher (2008) #1"
            },
            {
                "id": 22878,
                "resourceURI": "http://gateway.marvel.com/v1/public/comics/22878",
                "name": "Punisher (2004) #65"
            },
            {
                "id": 22477,
                "resourceURI": "http://gateway.marvel.com/v1/public/comics/22477",
                "name": "Punisher (2004) #64"
            },
            {
                "id": 22612,
                "resourceURI": "http://gateway.marvel.com/v1/public/comics/22612",
                "name": "Punisher: Barbarian with a Gun (Trade Paperback)"
            },
            {
                "id": 22468,
                "resourceURI": "http://gateway.marvel.com/v1/public/comics/22468",
                "name": "Amazing Spider-Man (1999) #577"
            },
            {
                "id": 22270,
                "resourceURI": "http://gateway.marvel.com/v1/public/comics/22270",
                "name": "Punisher (2004) #63"
            },
            {
                "id": 21940,
                "resourceURI": "http://gateway.marvel.com/v1/public/comics/21940",
                "name": "Punisher (2004) #62"
            },
            {
                "id": 21966,
                "resourceURI": "http://gateway.marvel.com/v1/public/comics/21966",
                "name": "Punisher War Journal (2006) #23"
            },
            {
                "id": 21828,
                "resourceURI": "http://gateway.marvel.com/v1/public/comics/21828",
                "name": "Punisher War Journal Classic Vol. 1 (Trade Paperback)"
            },
            {
                "id": 21712,
                "resourceURI": "http://gateway.marvel.com/v1/public/comics/21712",
                "name": "Punisher (2004) #61"
            },
            {
                "id": 21711,
                "resourceURI": "http://gateway.marvel.com/v1/public/comics/21711",
                "name": "Punisher (2004) #60"
            },
            {
                "id": 21509,
                "resourceURI": "http://gateway.marvel.com/v1/public/comics/21509",
                "name": "Punisher (2004) #59"
            },
            {
                "id": 21331,
                "resourceURI": "http://gateway.marvel.com/v1/public/comics/21331",
                "name": "Punisher (2004) #58"
            },
            {
                "id": 21295,
                "resourceURI": "http://gateway.marvel.com/v1/public/comics/21295",
                "name": "X-Men: The Complete Onslaught Epic Book 2 (Trade Paperback)"
            },
            {
                "id": 21181,
                "resourceURI": "http://gateway.marvel.com/v1/public/comics/21181",
                "name": "Punisher (2004) #57"
            },
            {
                "id": 21052,
                "resourceURI": "http://gateway.marvel.com/v1/public/comics/21052",
                "name": "Punisher: Circle of Blood (Hardcover)"
            },
            {
                "id": 21063,
                "resourceURI": "http://gateway.marvel.com/v1/public/comics/21063",
                "name": "Punisher: Circle of Blood (Hardcover)"
            },
            {
                "id": 20973,
                "resourceURI": "http://gateway.marvel.com/v1/public/comics/20973",
                "name": "Punisher (2004) #56"
            },
            {
                "id": 20835,
                "resourceURI": "http://gateway.marvel.com/v1/public/comics/20835",
                "name": "Punisher (2004) #55"
            },
            {
                "id": 17591,
                "resourceURI": "http://gateway.marvel.com/v1/public/comics/17591",
                "name": "Punisher (2004) #54"
            },
            {
                "id": 17622,
                "resourceURI": "http://gateway.marvel.com/v1/public/comics/17622",
                "name": "Punisher War Journal (2006) #15"
            },
            {
                "id": 17351,
                "resourceURI": "http://gateway.marvel.com/v1/public/comics/17351",
                "name": "Punisher (2004) #53"
            },
            {
                "id": 17221,
                "resourceURI": "http://gateway.marvel.com/v1/public/comics/17221",
                "name": "Punisher (2004) #52"
            },
            {
                "id": 16463,
                "resourceURI": "http://gateway.marvel.com/v1/public/comics/16463",
                "name": "Punisher (2004) #51"
            },
            {
                "id": 16514,
                "resourceURI": "http://gateway.marvel.com/v1/public/comics/16514",
                "name": "Punisher War Journal (2006) #12"
            },
            {
                "id": 16625,
                "resourceURI": "http://gateway.marvel.com/v1/public/comics/16625",
                "name": "Punisher War Journal Vol. 1: Civil War (Trade Paperback)"
            },
            {
                "id": 16209,
                "resourceURI": "http://gateway.marvel.com/v1/public/comics/16209",
                "name": "Paradise X Vol. 2 (New Printing) (Trade Paperback)"
            },
            {
                "id": 16147,
                "resourceURI": "http://gateway.marvel.com/v1/public/comics/16147",
                "name": "Punisher War Journal (2006) #10"
            },
            {
                "id": 16115,
                "resourceURI": "http://gateway.marvel.com/v1/public/comics/16115",
                "name": "Punisher (2004) #50"
            },
            {
                "id": 15902,
                "resourceURI": "http://gateway.marvel.com/v1/public/comics/15902",
                "name": "Paradise X Vol. 1 (Trade Paperback)"
            },
            {
                "id": 15962,
                "resourceURI": "http://gateway.marvel.com/v1/public/comics/15962",
                "name": "Punisher War Journal (2006) #9"
            },
            {
                "id": 15934,
                "resourceURI": "http://gateway.marvel.com/v1/public/comics/15934",
                "name": "Punisher (2004) #49"
            },
            {
                "id": 15815,
                "resourceURI": "http://gateway.marvel.com/v1/public/comics/15815",
                "name": "Punisher (2004) #48"
            },
            {
                "id": 13434,
                "resourceURI": "http://gateway.marvel.com/v1/public/comics/13434",
                "name": "Punisher (2004) #47"
            },
            {
                "id": 6311,
                "resourceURI": "http://gateway.marvel.com/v1/public/comics/6311",
                "name": "Punisher Max Vol. 7: Man of Stone (Trade Paperback)"
            },
            {
                "id": 6227,
                "resourceURI": "http://gateway.marvel.com/v1/public/comics/6227",
                "name": "Punisher (2004) #46"
            },
            {
                "id": 6092,
                "resourceURI": "http://gateway.marvel.com/v1/public/comics/6092",
                "name": "Punisher (2004) #45"
            },
            {
                "id": 5998,
                "resourceURI": "http://gateway.marvel.com/v1/public/comics/5998",
                "name": "Daredevil by Frank Miller & Klaus Janson (Hardcover)"
            },
            {
                "id": 5856,
                "resourceURI": "http://gateway.marvel.com/v1/public/comics/5856",
                "name": "Punisher (2004) #44"
            },
            {
                "id": 5831,
                "resourceURI": "http://gateway.marvel.com/v1/public/comics/5831",
                "name": "Punisher War Journal (2006) #3"
            },
            {
                "id": 5844,
                "resourceURI": "http://gateway.marvel.com/v1/public/comics/5844",
                "name": "Avengers Assemble Vol. 4 (Hardcover)"
            },
            {
                "id": 5855,
                "resourceURI": "http://gateway.marvel.com/v1/public/comics/5855",
                "name": "Punisher (2004) #43"
            },
            {
                "id": 5245,
                "resourceURI": "http://gateway.marvel.com/v1/public/comics/5245",
                "name": "Amazing Spider-Man (1999) #537"
            },
            {
                "id": 5647,
                "resourceURI": "http://gateway.marvel.com/v1/public/comics/5647",
                "name": "Punisher (2004) #42"
            },
            {
                "id": 5517,
                "resourceURI": "http://gateway.marvel.com/v1/public/comics/5517",
                "name": "Punisher (2004) #41"
            },
            {
                "id": 5437,
                "resourceURI": "http://gateway.marvel.com/v1/public/comics/5437",
                "name": "Punisher War Journal (2006) #1"
            },
            {
                "id": 5075,
                "resourceURI": "http://gateway.marvel.com/v1/public/comics/5075",
                "name": "Civil War (2006) #5"
            },
            {
                "id": 5142,
                "resourceURI": "http://gateway.marvel.com/v1/public/comics/5142",
                "name": "Civil War (2006) #5 (TURNER SKETCH VARIANT)"
            },
            {
                "id": 5077,
                "resourceURI": "http://gateway.marvel.com/v1/public/comics/5077",
                "name": "Civil War (2006) #5 (TURNER VARIANT)"
            },
            {
                "id": 5542,
                "resourceURI": "http://gateway.marvel.com/v1/public/comics/5542",
                "name": "Punisher: Very Special Holidays (Trade Paperback)"
            },
            {
                "id": 5379,
                "resourceURI": "http://gateway.marvel.com/v1/public/comics/5379",
                "name": "Punisher (2004) #40"
            },
            {
                "id": 5222,
                "resourceURI": "http://gateway.marvel.com/v1/public/comics/5222",
                "name": "Punisher (2004) #39"
            },
            {
                "id": 5069,
                "resourceURI": "http://gateway.marvel.com/v1/public/comics/5069",
                "name": "Punisher (2004) #38"
            },
            {
                "id": 5068,
                "resourceURI": "http://gateway.marvel.com/v1/public/comics/5068",
                "name": "Punisher (2004) #37"
            },
            {
                "id": 4752,
                "resourceURI": "http://gateway.marvel.com/v1/public/comics/4752",
                "name": "Punisher (2004) #36"
            },
            {
                "id": 4433,
                "resourceURI": "http://gateway.marvel.com/v1/public/comics/4433",
                "name": "Punisher (2004) #35"
            },
            {
                "id": 4251,
                "resourceURI": "http://gateway.marvel.com/v1/public/comics/4251",
                "name": "Punisher Vs. Bullseye (Trade Paperback)"
            },
            {
                "id": 4279,
                "resourceURI": "http://gateway.marvel.com/v1/public/comics/4279",
                "name": "Punisher (2004) #34"
            },
            {
                "id": 4296,
                "resourceURI": "http://gateway.marvel.com/v1/public/comics/4296",
                "name": "Marvel Comics Presents: Wolverine Vol. 3 (Trade Paperback)"
            },
            {
                "id": 4151,
                "resourceURI": "http://gateway.marvel.com/v1/public/comics/4151",
                "name": "Punisher Max Vol. 5: The Slavers (Trade Paperback)"
            },
            {
                "id": 4180,
                "resourceURI": "http://gateway.marvel.com/v1/public/comics/4180",
                "name": "Punisher (2004) #33"
            },
            {
                "id": 4067,
                "resourceURI": "http://gateway.marvel.com/v1/public/comics/4067",
                "name": "Punisher (2004) #32"
            },
            {
                "id": 3944,
                "resourceURI": "http://gateway.marvel.com/v1/public/comics/3944",
                "name": "Punisher (2004) #31"
            },
            {
                "id": 3469,
                "resourceURI": "http://gateway.marvel.com/v1/public/comics/3469",
                "name": "Punisher Vs. Bullseye (2005) #4"
            },
            {
                "id": 3501,
                "resourceURI": "http://gateway.marvel.com/v1/public/comics/3501",
                "name": "Punisher (2004) #30"
            },
            {
                "id": 3353,
                "resourceURI": "http://gateway.marvel.com/v1/public/comics/3353",
                "name": "Daredevil Vs. Punisher (Trade Paperback)"
            },
            {
                "id": 3354,
                "resourceURI": "http://gateway.marvel.com/v1/public/comics/3354",
                "name": "Punisher Vs. Bullseye (2005) #3"
            },
            {
                "id": 3389,
                "resourceURI": "http://gateway.marvel.com/v1/public/comics/3389",
                "name": "Punisher (2004) #29"
            },
            {
                "id": 3183,
                "resourceURI": "http://gateway.marvel.com/v1/public/comics/3183",
                "name": "Punisher (2004) #28"
            },
            {
                "id": 2996,
                "resourceURI": "http://gateway.marvel.com/v1/public/comics/2996",
                "name": "Punisher: River of Blood (Trade Paperback)"
            },
            {
                "id": 61,
                "resourceURI": "http://gateway.marvel.com/v1/public/comics/61",
                "name": "Punisher Max Vol. 2: Kitchen Irish (Trade Paperback)"
            },
            {
                "id": 3010,
                "resourceURI": "http://gateway.marvel.com/v1/public/comics/3010",
                "name": "Punisher Max Vol. 4: Up Is Down and Black Is White (Trade Paperback)"
            },
            {
                "id": 3081,
                "resourceURI": "http://gateway.marvel.com/v1/public/comics/3081",
                "name": "Punisher (2004) #27"
            },
            {
                "id": 2433,
                "resourceURI": "http://gateway.marvel.com/v1/public/comics/2433",
                "name": "Daredevil Vs. Punisher (2005) #5"
            },
            {
                "id": 2548,
                "resourceURI": "http://gateway.marvel.com/v1/public/comics/2548",
                "name": "Punisher (2004) #26"
            },
            {
                "id": 2837,
                "resourceURI": "http://gateway.marvel.com/v1/public/comics/2837",
                "name": "Punisher (2004) #25"
            },
            {
                "id": 14991,
                "resourceURI": "http://gateway.marvel.com/v1/public/comics/14991",
                "name": "Punisher (2004) #23"
            },
            {
                "id": 2315,
                "resourceURI": "http://gateway.marvel.com/v1/public/comics/2315",
                "name": "Punisher (2004) #24"
            },
            {
                "id": 14990,
                "resourceURI": "http://gateway.marvel.com/v1/public/comics/14990",
                "name": "Punisher (2004) #22"
            },
            {
                "id": 2203,
                "resourceURI": "http://gateway.marvel.com/v1/public/comics/2203",
                "name": "Daredevil Vs. Punisher (2005) #2"
            },
            {
                "id": 2197,
                "resourceURI": "http://gateway.marvel.com/v1/public/comics/2197",
                "name": "Punisher (2004) #23"
            },
            {
                "id": 2202,
                "resourceURI": "http://gateway.marvel.com/v1/public/comics/2202",
                "name": "Daredevil Vs. Punisher (2005) #1"
            },
            {
                "id": 14989,
                "resourceURI": "http://gateway.marvel.com/v1/public/comics/14989",
                "name": "Punisher (2004) #21"
            },
            {
                "id": 2091,
                "resourceURI": "http://gateway.marvel.com/v1/public/comics/2091",
                "name": "Punisher (2004) #22"
            },
            {
                "id": 14986,
                "resourceURI": "http://gateway.marvel.com/v1/public/comics/14986",
                "name": "Punisher (2004) #19"
            },
            {
                "id": 14988,
                "resourceURI": "http://gateway.marvel.com/v1/public/comics/14988",
                "name": "Punisher (2004) #20"
            },
            {
                "id": 1960,
                "resourceURI": "http://gateway.marvel.com/v1/public/comics/1960",
                "name": "Punisher Max Vol. 3: Mother Russia (Trade Paperback)"
            },
            {
                "id": 1985,
                "resourceURI": "http://gateway.marvel.com/v1/public/comics/1985",
                "name": "Punisher (2004) #21"
            },
            {
                "id": 14985,
                "resourceURI": "http://gateway.marvel.com/v1/public/comics/14985",
                "name": "Punisher (2004) #18"
            },
            {
                "id": 15005,
                "resourceURI": "http://gateway.marvel.com/v1/public/comics/15005",
                "name": "Punisher (2004) #4"
            },
            {
                "id": 1884,
                "resourceURI": "http://gateway.marvel.com/v1/public/comics/1884",
                "name": "Punisher (2004) #20"
            },
            {
                "id": 1903,
                "resourceURI": "http://gateway.marvel.com/v1/public/comics/1903",
                "name": "Marvel Visionaries: Steve Ditko (Hardcover)"
            },
            {
                "id": 1883,
                "resourceURI": "http://gateway.marvel.com/v1/public/comics/1883",
                "name": "Punisher (2004) #19"
            },
            {
                "id": 14984,
                "resourceURI": "http://gateway.marvel.com/v1/public/comics/14984",
                "name": "Punisher (2004) #17"
            },
            {
                "id": 1725,
                "resourceURI": "http://gateway.marvel.com/v1/public/comics/1725",
                "name": "Punisher (2004) #18"
            },
            {
                "id": 14983,
                "resourceURI": "http://gateway.marvel.com/v1/public/comics/14983",
                "name": "Punisher (2004) #16"
            },
            {
                "id": 1630,
                "resourceURI": "http://gateway.marvel.com/v1/public/comics/1630",
                "name": "Punisher (2004) #17"
            },
            {
                "id": 14982,
                "resourceURI": "http://gateway.marvel.com/v1/public/comics/14982",
                "name": "Punisher (2004) #15"
            },
            {
                "id": 1535,
                "resourceURI": "http://gateway.marvel.com/v1/public/comics/1535",
                "name": "Punisher (2004) #16"
            },
            {
                "id": 14981,
                "resourceURI": "http://gateway.marvel.com/v1/public/comics/14981",
                "name": "Punisher (2004) #14"
            },
            {
                "id": 12120,
                "resourceURI": "http://gateway.marvel.com/v1/public/comics/12120",
                "name": "Wha...Huh? (2005) #1"
            },
            {
                "id": 14980,
                "resourceURI": "http://gateway.marvel.com/v1/public/comics/14980",
                "name": "Punisher (2004) #13"
            },
            {
                "id": 1495,
                "resourceURI": "http://gateway.marvel.com/v1/public/comics/1495",
                "name": "Punisher: Red X-Mas (2004) #1"
            },
            {
                "id": 1423,
                "resourceURI": "http://gateway.marvel.com/v1/public/comics/1423",
                "name": "Punisher (2004) #15"
            },
            {
                "id": 14979,
                "resourceURI": "http://gateway.marvel.com/v1/public/comics/14979",
                "name": "Punisher (2004) #12"
            },
            {
                "id": 26,
                "resourceURI": "http://gateway.marvel.com/v1/public/comics/26",
                "name": "Punisher (2004) #14"
            },
            {
                "id": 25,
                "resourceURI": "http://gateway.marvel.com/v1/public/comics/25",
                "name": "Punisher (2004) #13"
            },
            {
                "id": 14978,
                "resourceURI": "http://gateway.marvel.com/v1/public/comics/14978",
                "name": "Punisher (2004) #11"
            },
            {
                "id": 887,
                "resourceURI": "http://gateway.marvel.com/v1/public/comics/887",
                "name": "Punisher (2004) #12"
            },
            {
                "id": 14977,
                "resourceURI": "http://gateway.marvel.com/v1/public/comics/14977",
                "name": "Punisher (2004) #10"
            },
            {
                "id": 810,
                "resourceURI": "http://gateway.marvel.com/v1/public/comics/810",
                "name": "Punisher (2004) #11"
            },
            {
                "id": 15010,
                "resourceURI": "http://gateway.marvel.com/v1/public/comics/15010",
                "name": "Punisher (2004) #9"
            },
            {
                "id": 1329,
                "resourceURI": "http://gateway.marvel.com/v1/public/comics/1329",
                "name": "Punisher Max Vol. 1: In the Beginning (Trade Paperback)"
            },
            {
                "id": 519,
                "resourceURI": "http://gateway.marvel.com/v1/public/comics/519",
                "name": "Punisher (2004) #10"
            },
            {
                "id": 15008,
                "resourceURI": "http://gateway.marvel.com/v1/public/comics/15008",
                "name": "Punisher (2004) #7"
            },
            {
                "id": 15009,
                "resourceURI": "http://gateway.marvel.com/v1/public/comics/15009",
                "name": "Punisher (2004) #8"
            },
            {
                "id": 550,
                "resourceURI": "http://gateway.marvel.com/v1/public/comics/550",
                "name": "Punisher (2004) #9"
            },
            {
                "id": 15007,
                "resourceURI": "http://gateway.marvel.com/v1/public/comics/15007",
                "name": "Punisher (2004) #6"
            },
            {
                "id": 740,
                "resourceURI": "http://gateway.marvel.com/v1/public/comics/740",
                "name": "Punisher (2004) #8"
            },
            {
                "id": 701,
                "resourceURI": "http://gateway.marvel.com/v1/public/comics/701",
                "name": "Punisher (2004) #7"
            },
            {
                "id": 15006,
                "resourceURI": "http://gateway.marvel.com/v1/public/comics/15006",
                "name": "Punisher (2004) #5"
            },
            {
                "id": 667,
                "resourceURI": "http://gateway.marvel.com/v1/public/comics/667",
                "name": "Punisher (2004) #6"
            },
            {
                "id": 499,
                "resourceURI": "http://gateway.marvel.com/v1/public/comics/499",
                "name": "Punisher (2004) #5"
            },
            {
                "id": 115,
                "resourceURI": "http://gateway.marvel.com/v1/public/comics/115",
                "name": "Punisher (2004) #3"
            },
            {
                "id": 1240,
                "resourceURI": "http://gateway.marvel.com/v1/public/comics/1240",
                "name": "Punisher Vol. VI: Confederacy of Dunces (Trade Paperback)"
            },
            {
                "id": 117,
                "resourceURI": "http://gateway.marvel.com/v1/public/comics/117",
                "name": "Punisher (2004) #2"
            },
            {
                "id": 1233,
                "resourceURI": "http://gateway.marvel.com/v1/public/comics/1233",
                "name": "Punisher Vol. III (Hardcover)"
            },
            {
                "id": 116,
                "resourceURI": "http://gateway.marvel.com/v1/public/comics/116",
                "name": "Punisher (2004) #1"
            },
            {
                "id": 97,
                "resourceURI": "http://gateway.marvel.com/v1/public/comics/97",
                "name": "Punisher (2001) #37"
            },
            {
                "id": 1212,
                "resourceURI": "http://gateway.marvel.com/v1/public/comics/1212",
                "name": "Punisher Vol. I (2nd) (Hardcover)"
            },
            {
                "id": 111,
                "resourceURI": "http://gateway.marvel.com/v1/public/comics/111",
                "name": "Punisher (2001) #36"
            },
            {
                "id": 112,
                "resourceURI": "http://gateway.marvel.com/v1/public/comics/112",
                "name": "Punisher (2001) #35"
            },
            {
                "id": 10505,
                "resourceURI": "http://gateway.marvel.com/v1/public/comics/10505",
                "name": "Paradise X (2002)"
            },
            {
                "id": 113,
                "resourceURI": "http://gateway.marvel.com/v1/public/comics/113",
                "name": "Punisher (2001) #34"
            },
            {
                "id": 114,
                "resourceURI": "http://gateway.marvel.com/v1/public/comics/114",
                "name": "Punisher (2001) #33"
            },
            {
                "id": 1154,
                "resourceURI": "http://gateway.marvel.com/v1/public/comics/1154",
                "name": "Punisher Vol. 4: Full Auto (Trade Paperback)"
            },
            {
                "id": 10495,
                "resourceURI": "http://gateway.marvel.com/v1/public/comics/10495",
                "name": "Paradise X (2002) #11"
            },
            {
                "id": 1132,
                "resourceURI": "http://gateway.marvel.com/v1/public/comics/1132",
                "name": "Punisher Vol. 2 (Hardcover)"
            },
            {
                "id": 10494,
                "resourceURI": "http://gateway.marvel.com/v1/public/comics/10494",
                "name": "Paradise X (2002) #10"
            },
            {
                "id": 1122,
                "resourceURI": "http://gateway.marvel.com/v1/public/comics/1122",
                "name": "Daredevil Vol. 6: Lowlife (Trade Paperback)"
            },
            {
                "id": 1115,
                "resourceURI": "http://gateway.marvel.com/v1/public/comics/1115",
                "name": "Captain Marvel Vol. 1: Nothing to Lose (Trade Paperback)"
            },
            {
                "id": 10502,
                "resourceURI": "http://gateway.marvel.com/v1/public/comics/10502",
                "name": "Paradise X (2002) #7"
            },
            {
                "id": 10501,
                "resourceURI": "http://gateway.marvel.com/v1/public/comics/10501",
                "name": "Paradise X (2002) #6"
            },
            {
                "id": 20549,
                "resourceURI": "http://gateway.marvel.com/v1/public/comics/20549",
                "name": "Captain Marvel (2000) #2"
            },
            {
                "id": 10500,
                "resourceURI": "http://gateway.marvel.com/v1/public/comics/10500",
                "name": "Paradise X (2002) #5"
            },
            {
                "id": 17709,
                "resourceURI": "http://gateway.marvel.com/v1/public/comics/17709",
                "name": "Agent X (2002) #2"
            },
            {
                "id": 10499,
                "resourceURI": "http://gateway.marvel.com/v1/public/comics/10499",
                "name": "Paradise X (2002) #4"
            },
            {
                "id": 10498,
                "resourceURI": "http://gateway.marvel.com/v1/public/comics/10498",
                "name": "Paradise X (2002) #3"
            },
            {
                "id": 16050,
                "resourceURI": "http://gateway.marvel.com/v1/public/comics/16050",
                "name": "Marvel Knights (2002) #2"
            },
            {
                "id": 10497,
                "resourceURI": "http://gateway.marvel.com/v1/public/comics/10497",
                "name": "Paradise X (2002) #2"
            },
            {
                "id": 16049,
                "resourceURI": "http://gateway.marvel.com/v1/public/comics/16049",
                "name": "Marvel Knights (2002) #1"
            },
            {
                "id": 10493,
                "resourceURI": "http://gateway.marvel.com/v1/public/comics/10493",
                "name": "Paradise X (2002) #1"
            },
            {
                "id": 16058,
                "resourceURI": "http://gateway.marvel.com/v1/public/comics/16058",
                "name": "Marvel Knights (2000) #12"
            },
            {
                "id": 16057,
                "resourceURI": "http://gateway.marvel.com/v1/public/comics/16057",
                "name": "Marvel Knights (2000) #11"
            },
            {
                "id": 16056,
                "resourceURI": "http://gateway.marvel.com/v1/public/comics/16056",
                "name": "Marvel Knights (2000) #10"
            },
            {
                "id": 16069,
                "resourceURI": "http://gateway.marvel.com/v1/public/comics/16069",
                "name": "Marvel Knights (2000) #9"
            },
            {
                "id": 16068,
                "resourceURI": "http://gateway.marvel.com/v1/public/comics/16068",
                "name": "Marvel Knights (2000) #8"
            },
            {
                "id": 16067,
                "resourceURI": "http://gateway.marvel.com/v1/public/comics/16067",
                "name": "Marvel Knights (2000) #7"
            },
            {
                "id": 10284,
                "resourceURI": "http://gateway.marvel.com/v1/public/comics/10284",
                "name": "Maximum Security (2000) #1"
            },
            {
                "id": 16066,
                "resourceURI": "http://gateway.marvel.com/v1/public/comics/16066",
                "name": "Marvel Knights (2000) #6"
            },
            {
                "id": 16065,
                "resourceURI": "http://gateway.marvel.com/v1/public/comics/16065",
                "name": "Marvel Knights (2000) #5"
            },
            {
                "id": 16064,
                "resourceURI": "http://gateway.marvel.com/v1/public/comics/16064",
                "name": "Marvel Knights (2000) #4"
            },
            {
                "id": 16063,
                "resourceURI": "http://gateway.marvel.com/v1/public/comics/16063",
                "name": "Marvel Knights (2000) #3"
            },
            {
                "id": 16062,
                "resourceURI": "http://gateway.marvel.com/v1/public/comics/16062",
                "name": "Marvel Knights (2000) #2"
            },
            {
                "id": 16055,
                "resourceURI": "http://gateway.marvel.com/v1/public/comics/16055",
                "name": "Marvel Knights (2000) #1"
            },
            {
                "id": 1045,
                "resourceURI": "http://gateway.marvel.com/v1/public/comics/1045",
                "name": "Captain Marvel Vol. I (Trade Paperback)"
            },
            {
                "id": 1002,
                "resourceURI": "http://gateway.marvel.com/v1/public/comics/1002",
                "name": "Punisher, the: War Zone (Trade Paperback)"
            },
            {
                "id": 23392,
                "resourceURI": "http://gateway.marvel.com/v1/public/comics/23392",
                "name": "Punisher (1995) #12"
            },
            {
                "id": 23391,
                "resourceURI": "http://gateway.marvel.com/v1/public/comics/23391",
                "name": "Punisher (1995) #11"
            },
            {
                "id": 23401,
                "resourceURI": "http://gateway.marvel.com/v1/public/comics/23401",
                "name": "Punisher (1995) #4"
            },
            {
                "id": 23400,
                "resourceURI": "http://gateway.marvel.com/v1/public/comics/23400",
                "name": "Punisher (1995) #3"
            },
            {
                "id": 23399,
                "resourceURI": "http://gateway.marvel.com/v1/public/comics/23399",
                "name": "Punisher (1995) #2"
            },
            {
                "id": 18956,
                "resourceURI": "http://gateway.marvel.com/v1/public/comics/18956",
                "name": "Punisher Kills the Marvel Universe (1995) #1"
            },
            {
                "id": 23389,
                "resourceURI": "http://gateway.marvel.com/v1/public/comics/23389",
                "name": "Punisher (1995) #1"
            },
            {
                "id": 20247,
                "resourceURI": "http://gateway.marvel.com/v1/public/comics/20247",
                "name": "Doctor Strange, Sorcerer Supreme (1988) #81"
            },
            {
                "id": 22240,
                "resourceURI": "http://gateway.marvel.com/v1/public/comics/22240",
                "name": "Punisher War Journal (1988) #80"
            },
            {
                "id": 10633,
                "resourceURI": "http://gateway.marvel.com/v1/public/comics/10633",
                "name": "The Punisher: War Zone (1992) #41"
            },
            {
                "id": 10629,
                "resourceURI": "http://gateway.marvel.com/v1/public/comics/10629",
                "name": "The Punisher: War Zone (1992) #38"
            },
            {
                "id": 22236,
                "resourceURI": "http://gateway.marvel.com/v1/public/comics/22236",
                "name": "Punisher War Journal (1988) #77"
            },
            {
                "id": 22235,
                "resourceURI": "http://gateway.marvel.com/v1/public/comics/22235",
                "name": "Punisher War Journal (1988) #76"
            },
            {
                "id": 10627,
                "resourceURI": "http://gateway.marvel.com/v1/public/comics/10627",
                "name": "The Punisher: War Zone (1992) #36"
            },
            {
                "id": 22234,
                "resourceURI": "http://gateway.marvel.com/v1/public/comics/22234",
                "name": "Punisher War Journal (1988) #75"
            },
            {
                "id": 10626,
                "resourceURI": "http://gateway.marvel.com/v1/public/comics/10626",
                "name": "The Punisher: War Zone (1992) #35"
            },
            {
                "id": 22233,
                "resourceURI": "http://gateway.marvel.com/v1/public/comics/22233",
                "name": "Punisher War Journal (1988) #74"
            },
            {
                "id": 10625,
                "resourceURI": "http://gateway.marvel.com/v1/public/comics/10625",
                "name": "The Punisher: War Zone (1992) #34"
            },
            {
                "id": 22232,
                "resourceURI": "http://gateway.marvel.com/v1/public/comics/22232",
                "name": "Punisher War Journal (1988) #73"
            },
            {
                "id": 10624,
                "resourceURI": "http://gateway.marvel.com/v1/public/comics/10624",
                "name": "The Punisher: War Zone (1992) #33"
            },
            {
                "id": 10623,
                "resourceURI": "http://gateway.marvel.com/v1/public/comics/10623",
                "name": "The Punisher: War Zone (1992) #32"
            },
            {
                "id": 10622,
                "resourceURI": "http://gateway.marvel.com/v1/public/comics/10622",
                "name": "The Punisher: War Zone (1992) #31"
            },
            {
                "id": 10621,
                "resourceURI": "http://gateway.marvel.com/v1/public/comics/10621",
                "name": "The Punisher: War Zone (1992) #30"
            },
            {
                "id": 10619,
                "resourceURI": "http://gateway.marvel.com/v1/public/comics/10619",
                "name": "The Punisher: War Zone (1992) #29"
            },
            {
                "id": 10618,
                "resourceURI": "http://gateway.marvel.com/v1/public/comics/10618",
                "name": "The Punisher: War Zone (1992) #28"
            },
            {
                "id": 22237,
                "resourceURI": "http://gateway.marvel.com/v1/public/comics/22237",
                "name": "Punisher War Journal (1988) #78"
            },
            {
                "id": 10617,
                "resourceURI": "http://gateway.marvel.com/v1/public/comics/10617",
                "name": "The Punisher: War Zone (1992) #27"
            },
            {
                "id": 10616,
                "resourceURI": "http://gateway.marvel.com/v1/public/comics/10616",
                "name": "The Punisher: War Zone (1992) #26"
            },
            {
                "id": 10615,
                "resourceURI": "http://gateway.marvel.com/v1/public/comics/10615",
                "name": "The Punisher: War Zone (1992) #25"
            },
            {
                "id": 22222,
                "resourceURI": "http://gateway.marvel.com/v1/public/comics/22222",
                "name": "Punisher War Journal (1988) #64"
            },
            {
                "id": 18362,
                "resourceURI": "http://gateway.marvel.com/v1/public/comics/18362",
                "name": "What If? (1989) #58"
            },
            {
                "id": 10614,
                "resourceURI": "http://gateway.marvel.com/v1/public/comics/10614",
                "name": "The Punisher: War Zone (1992) #24"
            },
            {
                "id": 18361,
                "resourceURI": "http://gateway.marvel.com/v1/public/comics/18361",
                "name": "What If? (1989) #57"
            },
            {
                "id": 22220,
                "resourceURI": "http://gateway.marvel.com/v1/public/comics/22220",
                "name": "Punisher War Journal (1988) #62"
            },
            {
                "id": 10613,
                "resourceURI": "http://gateway.marvel.com/v1/public/comics/10613",
                "name": "The Punisher: War Zone (1992) #23"
            },
            {
                "id": 6798,
                "resourceURI": "http://gateway.marvel.com/v1/public/comics/6798",
                "name": "Amazing Spider-Man (1963) #384"
            },
            {
                "id": 22219,
                "resourceURI": "http://gateway.marvel.com/v1/public/comics/22219",
                "name": "Punisher War Journal (1988) #61"
            },
            {
                "id": 22218,
                "resourceURI": "http://gateway.marvel.com/v1/public/comics/22218",
                "name": "Punisher War Journal (1988) #60"
            },
            {
                "id": 22216,
                "resourceURI": "http://gateway.marvel.com/v1/public/comics/22216",
                "name": "Punisher War Journal (1988) #59"
            },
            {
                "id": 10608,
                "resourceURI": "http://gateway.marvel.com/v1/public/comics/10608",
                "name": "The Punisher: War Zone (1992) #19"
            },
            {
                "id": 18355,
                "resourceURI": "http://gateway.marvel.com/v1/public/comics/18355",
                "name": "What If? (1989) #51"
            },
            {
                "id": 22211,
                "resourceURI": "http://gateway.marvel.com/v1/public/comics/22211",
                "name": "Punisher War Journal (1988) #54"
            },
            {
                "id": 22210,
                "resourceURI": "http://gateway.marvel.com/v1/public/comics/22210",
                "name": "Punisher War Journal (1988) #53"
            },
            {
                "id": 22203,
                "resourceURI": "http://gateway.marvel.com/v1/public/comics/22203",
                "name": "Punisher War Journal (1988) #47"
            },
            {
                "id": 22202,
                "resourceURI": "http://gateway.marvel.com/v1/public/comics/22202",
                "name": "Punisher War Journal (1988) #46"
            },
            {
                "id": 22201,
                "resourceURI": "http://gateway.marvel.com/v1/public/comics/22201",
                "name": "Punisher War Journal (1988) #45"
            },
            {
                "id": 22199,
                "resourceURI": "http://gateway.marvel.com/v1/public/comics/22199",
                "name": "Punisher War Journal (1988) #43"
            },
            {
                "id": 22198,
                "resourceURI": "http://gateway.marvel.com/v1/public/comics/22198",
                "name": "Punisher War Journal (1988) #42"
            },
            {
                "id": 10013,
                "resourceURI": "http://gateway.marvel.com/v1/public/comics/10013",
                "name": "Marvel Comics Presents (1988) #101"
            },
            {
                "id": 10598,
                "resourceURI": "http://gateway.marvel.com/v1/public/comics/10598",
                "name": "The Punisher: War Zone (1992) #1"
            },
            {
                "id": 18336,
                "resourceURI": "http://gateway.marvel.com/v1/public/comics/18336",
                "name": "What If? (1989) #34"
            },
            {
                "id": 19838,
                "resourceURI": "http://gateway.marvel.com/v1/public/comics/19838",
                "name": "Marvel Fanfare (1982) #60"
            },
            {
                "id": 15524,
                "resourceURI": "http://gateway.marvel.com/v1/public/comics/15524",
                "name": "Marvel Super-Heroes (1992) #8"
            },
            {
                "id": 22192,
                "resourceURI": "http://gateway.marvel.com/v1/public/comics/22192",
                "name": "Punisher War Journal (1988) #37"
            },
            {
                "id": 22191,
                "resourceURI": "http://gateway.marvel.com/v1/public/comics/22191",
                "name": "Punisher War Journal (1988) #36"
            },
            {
                "id": 22190,
                "resourceURI": "http://gateway.marvel.com/v1/public/comics/22190",
                "name": "Punisher War Journal (1988) #35"
            },
            {
                "id": 22189,
                "resourceURI": "http://gateway.marvel.com/v1/public/comics/22189",
                "name": "Punisher War Journal (1988) #34"
            },
            {
                "id": 19835,
                "resourceURI": "http://gateway.marvel.com/v1/public/comics/19835",
                "name": "Marvel Fanfare (1982) #58"
            },
            {
                "id": 22188,
                "resourceURI": "http://gateway.marvel.com/v1/public/comics/22188",
                "name": "Punisher War Journal (1988) #33"
            },
            {
                "id": 22187,
                "resourceURI": "http://gateway.marvel.com/v1/public/comics/22187",
                "name": "Punisher War Journal (1988) #32"
            },
            {
                "id": 18327,
                "resourceURI": "http://gateway.marvel.com/v1/public/comics/18327",
                "name": "What If? (1989) #26"
            },
            {
                "id": 22186,
                "resourceURI": "http://gateway.marvel.com/v1/public/comics/22186",
                "name": "Punisher War Journal (1988) #31"
            },
            {
                "id": 8288,
                "resourceURI": "http://gateway.marvel.com/v1/public/comics/8288",
                "name": "Daredevil (1963) #293"
            },
            {
                "id": 18326,
                "resourceURI": "http://gateway.marvel.com/v1/public/comics/18326",
                "name": "What If? (1989) #25"
            },
            {
                "id": 22185,
                "resourceURI": "http://gateway.marvel.com/v1/public/comics/22185",
                "name": "Punisher War Journal (1988) #30"
            },
            {
                "id": 8287,
                "resourceURI": "http://gateway.marvel.com/v1/public/comics/8287",
                "name": "Daredevil (1963) #292"
            },
            {
                "id": 18325,
                "resourceURI": "http://gateway.marvel.com/v1/public/comics/18325",
                "name": "What If? (1989) #24"
            },
            {
                "id": 22183,
                "resourceURI": "http://gateway.marvel.com/v1/public/comics/22183",
                "name": "Punisher War Journal (1988) #29"
            },
            {
                "id": 19833,
                "resourceURI": "http://gateway.marvel.com/v1/public/comics/19833",
                "name": "Marvel Fanfare (1982) #56"
            },
            {
                "id": 22182,
                "resourceURI": "http://gateway.marvel.com/v1/public/comics/22182",
                "name": "Punisher War Journal (1988) #28"
            },
            {
                "id": 22181,
                "resourceURI": "http://gateway.marvel.com/v1/public/comics/22181",
                "name": "Punisher War Journal (1988) #27"
            },
            {
                "id": 22180,
                "resourceURI": "http://gateway.marvel.com/v1/public/comics/22180",
                "name": "Punisher War Journal (1988) #26"
            },
            {
                "id": 13813,
                "resourceURI": "http://gateway.marvel.com/v1/public/comics/13813",
                "name": "Uncanny X-Men (1963) #272"
            },
            {
                "id": 22179,
                "resourceURI": "http://gateway.marvel.com/v1/public/comics/22179",
                "name": "Punisher War Journal (1988) #25"
            },
            {
                "id": 22178,
                "resourceURI": "http://gateway.marvel.com/v1/public/comics/22178",
                "name": "Punisher War Journal (1988) #24"
            },
            {
                "id": 22177,
                "resourceURI": "http://gateway.marvel.com/v1/public/comics/22177",
                "name": "Punisher War Journal (1988) #23"
            },
            {
                "id": 18318,
                "resourceURI": "http://gateway.marvel.com/v1/public/comics/18318",
                "name": "What If? (1989) #18"
            },
            {
                "id": 10140,
                "resourceURI": "http://gateway.marvel.com/v1/public/comics/10140",
                "name": "Marvel Comics Presents (1988) #59"
            },
            {
                "id": 22176,
                "resourceURI": "http://gateway.marvel.com/v1/public/comics/22176",
                "name": "Punisher War Journal (1988) #22"
            },
            {
                "id": 22175,
                "resourceURI": "http://gateway.marvel.com/v1/public/comics/22175",
                "name": "Punisher War Journal (1988) #21"
            },
            {
                "id": 22174,
                "resourceURI": "http://gateway.marvel.com/v1/public/comics/22174",
                "name": "Punisher War Journal (1988) #20"
            },
            {
                "id": 18315,
                "resourceURI": "http://gateway.marvel.com/v1/public/comics/18315",
                "name": "What If? (1989) #15"
            },
            {
                "id": 22172,
                "resourceURI": "http://gateway.marvel.com/v1/public/comics/22172",
                "name": "Punisher War Journal (1988) #19"
            },
            {
                "id": 22171,
                "resourceURI": "http://gateway.marvel.com/v1/public/comics/22171",
                "name": "Punisher War Journal (1988) #18"
            },
            {
                "id": 22170,
                "resourceURI": "http://gateway.marvel.com/v1/public/comics/22170",
                "name": "Punisher War Journal (1988) #17"
            },
            {
                "id": 22169,
                "resourceURI": "http://gateway.marvel.com/v1/public/comics/22169",
                "name": "Punisher War Journal (1988) #16"
            },
            {
                "id": 22168,
                "resourceURI": "http://gateway.marvel.com/v1/public/comics/22168",
                "name": "Punisher War Journal (1988) #15"
            },
            {
                "id": 18295,
                "resourceURI": "http://gateway.marvel.com/v1/public/comics/18295",
                "name": "What If? (1989) #10"
            },
            {
                "id": 22167,
                "resourceURI": "http://gateway.marvel.com/v1/public/comics/22167",
                "name": "Punisher War Journal (1988) #14"
            },
            {
                "id": 22166,
                "resourceURI": "http://gateway.marvel.com/v1/public/comics/22166",
                "name": "Punisher War Journal (1988) #13"
            },
            {
                "id": 18375,
                "resourceURI": "http://gateway.marvel.com/v1/public/comics/18375",
                "name": "What If? (1989) #7"
            },
            {
                "id": 22165,
                "resourceURI": "http://gateway.marvel.com/v1/public/comics/22165",
                "name": "Punisher War Journal (1988) #12"
            },
            {
                "id": 22164,
                "resourceURI": "http://gateway.marvel.com/v1/public/comics/22164",
                "name": "Punisher War Journal (1988) #11"
            },
            {
                "id": 22163,
                "resourceURI": "http://gateway.marvel.com/v1/public/comics/22163",
                "name": "Punisher War Journal (1988) #10"
            },
            {
                "id": 22241,
                "resourceURI": "http://gateway.marvel.com/v1/public/comics/22241",
                "name": "Punisher War Journal (1988) #9"
            },
            {
                "id": 22239,
                "resourceURI": "http://gateway.marvel.com/v1/public/comics/22239",
                "name": "Punisher War Journal (1988) #8"
            },
            {
                "id": 22228,
                "resourceURI": "http://gateway.marvel.com/v1/public/comics/22228",
                "name": "Punisher War Journal (1988) #7"
            },
            {
                "id": 22217,
                "resourceURI": "http://gateway.marvel.com/v1/public/comics/22217",
                "name": "Punisher War Journal (1988) #6"
            },
            {
                "id": 22206,
                "resourceURI": "http://gateway.marvel.com/v1/public/comics/22206",
                "name": "Punisher War Journal (1988) #5"
            },
            {
                "id": 19821,
                "resourceURI": "http://gateway.marvel.com/v1/public/comics/19821",
                "name": "Marvel Fanfare (1982) #45"
            },
            {
                "id": 22195,
                "resourceURI": "http://gateway.marvel.com/v1/public/comics/22195",
                "name": "Punisher War Journal (1988) #4"
            },
            {
                "id": 22184,
                "resourceURI": "http://gateway.marvel.com/v1/public/comics/22184",
                "name": "Punisher War Journal (1988) #3"
            },
            {
                "id": 19817,
                "resourceURI": "http://gateway.marvel.com/v1/public/comics/19817",
                "name": "Marvel Fanfare (1982) #41"
            },
            {
                "id": 22173,
                "resourceURI": "http://gateway.marvel.com/v1/public/comics/22173",
                "name": "Punisher War Journal (1988) #2"
            },
            {
                "id": 22162,
                "resourceURI": "http://gateway.marvel.com/v1/public/comics/22162",
                "name": "Punisher War Journal (1988) #1"
            },
            {
                "id": 8248,
                "resourceURI": "http://gateway.marvel.com/v1/public/comics/8248",
                "name": "Daredevil (1963) #257"
            },
            {
                "id": 6688,
                "resourceURI": "http://gateway.marvel.com/v1/public/comics/6688",
                "name": "Amazing Spider-Man (1963) #285"
            },
            {
                "id": 6687,
                "resourceURI": "http://gateway.marvel.com/v1/public/comics/6687",
                "name": "Amazing Spider-Man (1963) #284"
            },
            {
                "id": 21644,
                "resourceURI": "http://gateway.marvel.com/v1/public/comics/21644",
                "name": "Punisher (1986) #5"
            },
            {
                "id": 21643,
                "resourceURI": "http://gateway.marvel.com/v1/public/comics/21643",
                "name": "Punisher (1986) #4"
            },
            {
                "id": 21642,
                "resourceURI": "http://gateway.marvel.com/v1/public/comics/21642",
                "name": "Punisher (1986) #3"
            },
            {
                "id": 21641,
                "resourceURI": "http://gateway.marvel.com/v1/public/comics/21641",
                "name": "Punisher (1986) #2"
            },
            {
                "id": 21640,
                "resourceURI": "http://gateway.marvel.com/v1/public/comics/21640",
                "name": "Punisher (1986) #1"
            },
            {
                "id": 14786,
                "resourceURI": "http://gateway.marvel.com/v1/public/comics/14786",
                "name": "Peter Parker, the Spectacular Spider-Man (1976) #82"
            },
            {
                "id": 8166,
                "resourceURI": "http://gateway.marvel.com/v1/public/comics/8166",
                "name": "Daredevil (1963) #183"
            },
            {
                "id": 8165,
                "resourceURI": "http://gateway.marvel.com/v1/public/comics/8165",
                "name": "Daredevil (1963) #182"
            },
            {
                "id": 16889,
                "resourceURI": "http://gateway.marvel.com/v1/public/comics/16889",
                "name": "Amazing Spider-Man Annual (1964) #15"
            },
            {
                "id": 6597,
                "resourceURI": "http://gateway.marvel.com/v1/public/comics/6597",
                "name": "Amazing Spider-Man (1963) #202"
            },
            {
                "id": 6596,
                "resourceURI": "http://gateway.marvel.com/v1/public/comics/6596",
                "name": "Amazing Spider-Man (1963) #201"
            },
            {
                "id": 7622,
                "resourceURI": "http://gateway.marvel.com/v1/public/comics/7622",
                "name": "Captain America (1968) #241"
            },
            {
                "id": 6566,
                "resourceURI": "http://gateway.marvel.com/v1/public/comics/6566",
                "name": "Amazing Spider-Man (1963) #175"
            },
            {
                "id": 6565,
                "resourceURI": "http://gateway.marvel.com/v1/public/comics/6565",
                "name": "Amazing Spider-Man (1963) #174"
            },
            {
                "id": 6552,
                "resourceURI": "http://gateway.marvel.com/v1/public/comics/6552",
                "name": "Amazing Spider-Man (1963) #162"
            },
            {
                "id": 6551,
                "resourceURI": "http://gateway.marvel.com/v1/public/comics/6551",
                "name": "Amazing Spider-Man (1963) #161"
            },
            {
                "id": 19769,
                "resourceURI": "http://gateway.marvel.com/v1/public/comics/19769",
                "name": "Marvel Preview (1977) #2"
            },
            {
                "id": 19758,
                "resourceURI": "http://gateway.marvel.com/v1/public/comics/19758",
                "name": "Marvel Preview (1977) #1"
            },
            {
                "id": 6522,
                "resourceURI": "http://gateway.marvel.com/v1/public/comics/6522",
                "name": "Amazing Spider-Man (1963) #135"
            },
            {
                "id": 6515,
                "resourceURI": "http://gateway.marvel.com/v1/public/comics/6515",
                "name": "Amazing Spider-Man (1963) #129"
            },
            {
                "id": 17473,
                "resourceURI": "http://gateway.marvel.com/v1/public/comics/17473",
                "name": "Punisher Vol. 5: Streets of Laredo (Trade Paperback)"
            },
            {
                "id": 18977,
                "resourceURI": "http://gateway.marvel.com/v1/public/comics/18977",
                "name": "Punisher (2000) #1"
            },
            {
                "id": 18958,
                "resourceURI": "http://gateway.marvel.com/v1/public/comics/18958",
                "name": "Punisher (2001) #1"
            },
            {
                "id": 18985,
                "resourceURI": "http://gateway.marvel.com/v1/public/comics/18985",
                "name": "Punisher (2000) #9"
            },
            {
                "id": 17175,
                "resourceURI": "http://gateway.marvel.com/v1/public/comics/17175",
                "name": "Punisher (2001) #21"
            },
            {
                "id": 18963,
                "resourceURI": "http://gateway.marvel.com/v1/public/comics/18963",
                "name": "Punisher (2001) #6"
            },
            {
                "id": 18974,
                "resourceURI": "http://gateway.marvel.com/v1/public/comics/18974",
                "name": "Punisher (2001) #17"
            },
            {
                "id": 17155,
                "resourceURI": "http://gateway.marvel.com/v1/public/comics/17155",
                "name": "Punisher (2001) #27"
            },
            {
                "id": 18978,
                "resourceURI": "http://gateway.marvel.com/v1/public/comics/18978",
                "name": "Punisher (2000) #2"
            },
            {
                "id": 18986,
                "resourceURI": "http://gateway.marvel.com/v1/public/comics/18986",
                "name": "Punisher (2000) #10"
            },
            {
                "id": 17177,
                "resourceURI": "http://gateway.marvel.com/v1/public/comics/17177",
                "name": "Punisher (2001) #23"
            },
            {
                "id": 18964,
                "resourceURI": "http://gateway.marvel.com/v1/public/comics/18964",
                "name": "Punisher (2001) #7"
            },
            {
                "id": 17156,
                "resourceURI": "http://gateway.marvel.com/v1/public/comics/17156",
                "name": "Punisher (2001) #28"
            },
            {
                "id": 18979,
                "resourceURI": "http://gateway.marvel.com/v1/public/comics/18979",
                "name": "Punisher (2000) #3"
            },
            {
                "id": 18969,
                "resourceURI": "http://gateway.marvel.com/v1/public/comics/18969",
                "name": "Punisher (2001) #12"
            },
            {
                "id": 17179,
                "resourceURI": "http://gateway.marvel.com/v1/public/comics/17179",
                "name": "Punisher (2001) #25"
            },
            {
                "id": 18965,
                "resourceURI": "http://gateway.marvel.com/v1/public/comics/18965",
                "name": "Punisher (2001) #8"
            },
            {
                "id": 18980,
                "resourceURI": "http://gateway.marvel.com/v1/public/comics/18980",
                "name": "Punisher (2000) #4"
            },
            {
                "id": 18971,
                "resourceURI": "http://gateway.marvel.com/v1/public/comics/18971",
                "name": "Punisher (2001) #14"
            },
            {
                "id": 18966,
                "resourceURI": "http://gateway.marvel.com/v1/public/comics/18966",
                "name": "Punisher (2001) #9"
            },
            {
                "id": 17174,
                "resourceURI": "http://gateway.marvel.com/v1/public/comics/17174",
                "name": "Punisher (2001) #20"
            },
            {
                "id": 18981,
                "resourceURI": "http://gateway.marvel.com/v1/public/comics/18981",
                "name": "Punisher (2000) #5"
            },
            {
                "id": 18973,
                "resourceURI": "http://gateway.marvel.com/v1/public/comics/18973",
                "name": "Punisher (2001) #16"
            },
            {
                "id": 22448,
                "resourceURI": "http://gateway.marvel.com/v1/public/comics/22448",
                "name": "Punisher (2000) #12"
            },
            {
                "id": 18959,
                "resourceURI": "http://gateway.marvel.com/v1/public/comics/18959",
                "name": "Punisher (2001) #2"
            },
            {
                "id": 18967,
                "resourceURI": "http://gateway.marvel.com/v1/public/comics/18967",
                "name": "Punisher (2001) #10"
            },
            {
                "id": 17176,
                "resourceURI": "http://gateway.marvel.com/v1/public/comics/17176",
                "name": "Punisher (2001) #22"
            },
            {
                "id": 18982,
                "resourceURI": "http://gateway.marvel.com/v1/public/comics/18982",
                "name": "Punisher (2000) #6"
            },
            {
                "id": 18975,
                "resourceURI": "http://gateway.marvel.com/v1/public/comics/18975",
                "name": "Punisher (2001) #18"
            },
            {
                "id": 18960,
                "resourceURI": "http://gateway.marvel.com/v1/public/comics/18960",
                "name": "Punisher (2001) #3"
            },
            {
                "id": 18968,
                "resourceURI": "http://gateway.marvel.com/v1/public/comics/18968",
                "name": "Punisher (2001) #11"
            },
            {
                "id": 17178,
                "resourceURI": "http://gateway.marvel.com/v1/public/comics/17178",
                "name": "Punisher (2001) #24"
            },
            {
                "id": 18983,
                "resourceURI": "http://gateway.marvel.com/v1/public/comics/18983",
                "name": "Punisher (2000) #7"
            },
            {
                "id": 18976,
                "resourceURI": "http://gateway.marvel.com/v1/public/comics/18976",
                "name": "Punisher (2001) #19"
            },
            {
                "id": 18961,
                "resourceURI": "http://gateway.marvel.com/v1/public/comics/18961",
                "name": "Punisher (2001) #4"
            },
            {
                "id": 18970,
                "resourceURI": "http://gateway.marvel.com/v1/public/comics/18970",
                "name": "Punisher (2001) #13"
            },
            {
                "id": 17180,
                "resourceURI": "http://gateway.marvel.com/v1/public/comics/17180",
                "name": "Punisher (2001) #26"
            },
            {
                "id": 18984,
                "resourceURI": "http://gateway.marvel.com/v1/public/comics/18984",
                "name": "Punisher (2000) #8"
            },
            {
                "id": 18962,
                "resourceURI": "http://gateway.marvel.com/v1/public/comics/18962",
                "name": "Punisher (2001) #5"
            },
            {
                "id": 18972,
                "resourceURI": "http://gateway.marvel.com/v1/public/comics/18972",
                "name": "Punisher (2001) #15"
            },
            {
                "id": 22447,
                "resourceURI": "http://gateway.marvel.com/v1/public/comics/22447",
                "name": "Punisher (2000) #11"
            }
        ],
        "returned": 386
    },
    "series": {
        "available": 79,
        "collectionURI": "http://gateway.marvel.com/v1/public/characters/1009515/series",
        "items": [
            {
                "resourceURI": "http://gateway.marvel.com/v1/public/series/15276",
                "name": "5 Ronin (2011)"
            },
            {
                "resourceURI": "http://gateway.marvel.com/v1/public/series/12429",
                "name": "5 Ronin (2010)"
            },
            {
                "resourceURI": "http://gateway.marvel.com/v1/public/series/459",
                "name": "Agent X (2002 - 2004)"
            },
            {
                "resourceURI": "http://gateway.marvel.com/v1/public/series/454",
                "name": "Amazing Spider-Man (1999 - 2013)"
            },
            {
                "resourceURI": "http://gateway.marvel.com/v1/public/series/1987",
                "name": "Amazing Spider-Man (1963 - 1998)"
            },
            {
                "resourceURI": "http://gateway.marvel.com/v1/public/series/2984",
                "name": "Amazing Spider-Man Annual (1964 - Present)"
            },
            {
                "resourceURI": "http://gateway.marvel.com/v1/public/series/6792",
                "name": "Astonishing Tales (2009)"
            },
            {
                "resourceURI": "http://gateway.marvel.com/v1/public/series/1816",
                "name": "Avengers Assemble Vol. 4 (2007)"
            },
            {
                "resourceURI": "http://gateway.marvel.com/v1/public/series/14246",
                "name": "Avenging Spider-Man (2011 - Present)"
            },
            {
                "resourceURI": "http://gateway.marvel.com/v1/public/series/1996",
                "name": "Captain America (1968 - 1996)"
            },
            {
                "resourceURI": "http://gateway.marvel.com/v1/public/series/690",
                "name": "Captain Marvel (2000 - 2004)"
            },
            {
                "resourceURI": "http://gateway.marvel.com/v1/public/series/175",
                "name": "Captain Marvel Vol. 1: Nothing to Lose (2003)"
            },
            {
                "resourceURI": "http://gateway.marvel.com/v1/public/series/105",
                "name": "Captain Marvel Vol. I (1999)"
            },
            {
                "resourceURI": "http://gateway.marvel.com/v1/public/series/1067",
                "name": "Civil War (2006 - 2007)"
            },
            {
                "resourceURI": "http://gateway.marvel.com/v1/public/series/2002",
                "name": "Daredevil (1963 - 1998)"
            },
            {
                "resourceURI": "http://gateway.marvel.com/v1/public/series/12916",
                "name": "Daredevil (2011 - 2014)"
            },
            {
                "resourceURI": "http://gateway.marvel.com/v1/public/series/1911",
                "name": "Daredevil by Frank Miller & Klaus Janson (2007)"
            },
            {
                "resourceURI": "http://gateway.marvel.com/v1/public/series/181",
                "name": "Daredevil Vol. 6: Lowlife (2003)"
            },
            {
                "resourceURI": "http://gateway.marvel.com/v1/public/series/1474",
                "name": "Daredevil Vs. Punisher (2006)"
            },
            {
                "resourceURI": "http://gateway.marvel.com/v1/public/series/867",
                "name": "Daredevil Vs. Punisher (2005)"
            }
        ],
        "returned": 20
    },
    "stories": {
        "available": 527,
        "collectionURI": "http://gateway.marvel.com/v1/public/characters/1009515/stories",
        "items": [
            {
                "resourceURI": "http://gateway.marvel.com/v1/public/stories/976",
                "name": "Interior #976",
                "type": "interiorStory"
            },
            {
                "resourceURI": "http://gateway.marvel.com/v1/public/stories/1199",
                "name": "6 of 6 - The War at Home",
                "type": "cover"
            },
            {
                "resourceURI": "http://gateway.marvel.com/v1/public/stories/1411",
                "name": "Interior #1411",
                "type": "interiorStory"
            },
            {
                "resourceURI": "http://gateway.marvel.com/v1/public/stories/1626",
                "name": "Interior #1626",
                "type": "interiorStory"
            },
            {
                "resourceURI": "http://gateway.marvel.com/v1/public/stories/1716",
                "name": "Interior #1716",
                "type": "interiorStory"
            },
            {
                "resourceURI": "http://gateway.marvel.com/v1/public/stories/1841",
                "name": "Interior #1841",
                "type": "interiorStory"
            },
            {
                "resourceURI": "http://gateway.marvel.com/v1/public/stories/1969",
                "name": "Interior #1969",
                "type": "interiorStory"
            },
            {
                "resourceURI": "http://gateway.marvel.com/v1/public/stories/2107",
                "name": "Interior #2107",
                "type": "interiorStory"
            },
            {
                "resourceURI": "http://gateway.marvel.com/v1/public/stories/2252",
                "name": "Interior #2252",
                "type": "interiorStory"
            },
            {
                "resourceURI": "http://gateway.marvel.com/v1/public/stories/2545",
                "name": "1 of 6 - Mother Russia",
                "type": "interiorStory"
            },
            {
                "resourceURI": "http://gateway.marvel.com/v1/public/stories/2547",
                "name": "2 of 6 - Mother Russia",
                "type": "interiorStory"
            },
            {
                "resourceURI": "http://gateway.marvel.com/v1/public/stories/2554",
                "name": "Interior #2554",
                "type": "interiorStory"
            },
            {
                "resourceURI": "http://gateway.marvel.com/v1/public/stories/2556",
                "name": "Interior #2556",
                "type": "interiorStory"
            },
            {
                "resourceURI": "http://gateway.marvel.com/v1/public/stories/2558",
                "name": "Interior #2558",
                "type": "interiorStory"
            },
            {
                "resourceURI": "http://gateway.marvel.com/v1/public/stories/2560",
                "name": "Interior #2560",
                "type": "interiorStory"
            },
            {
                "resourceURI": "http://gateway.marvel.com/v1/public/stories/2562",
                "name": "Interior #2562",
                "type": "interiorStory"
            },
            {
                "resourceURI": "http://gateway.marvel.com/v1/public/stories/2564",
                "name": "Interior #2564",
                "type": "interiorStory"
            },
            {
                "resourceURI": "http://gateway.marvel.com/v1/public/stories/2566",
                "name": "Interior #2566",
                "type": "interiorStory"
            },
            {
                "resourceURI": "http://gateway.marvel.com/v1/public/stories/2568",
                "name": "\"KITCHEN IRISH\" PART 6 (OF 6) Everyone gets just what they deserve. The bloodcurdling, bloodthirsty, bloody ending to Kitchen Ir",
                "type": "interiorStory"
            },
            {
                "resourceURI": "http://gateway.marvel.com/v1/public/stories/2570",
                "name": "3 of 6 - Mother Russia",
                "type": "interiorStory"
            }
        ],
        "returned": 20
    },
    "events": {
        "available": 9,
        "collectionURI": "http://gateway.marvel.com/v1/public/characters/1009515/events",
        "items": [
            {
                "resourceURI": "http://gateway.marvel.com/v1/public/events/116",
                "name": "Acts of Vengeance!"
            },
            {
                "resourceURI": "http://gateway.marvel.com/v1/public/events/233",
                "name": "Atlantis Attacks"
            },
            {
                "resourceURI": "http://gateway.marvel.com/v1/public/events/238",
                "name": "Civil War"
            },
            {
                "resourceURI": "http://gateway.marvel.com/v1/public/events/318",
                "name": "Dark Reign"
            },
            {
                "resourceURI": "http://gateway.marvel.com/v1/public/events/255",
                "name": "Initiative"
            },
            {
                "resourceURI": "http://gateway.marvel.com/v1/public/events/37",
                "name": "Maximum Security"
            },
            {
                "resourceURI": "http://gateway.marvel.com/v1/public/events/154",
                "name": "Onslaught"
            },
            {
                "resourceURI": "http://gateway.marvel.com/v1/public/events/277",
                "name": "World War Hulk"
            },
            {
                "resourceURI": "http://gateway.marvel.com/v1/public/events/280",
                "name": "X-Tinction Agenda"
            }
        ],
        "returned": 9
    },
    "urls": [
        {
            "type": "detail",
            "url": "http://marvel.com/comics/characters/1009515/punisher?utm_campaign=apiRef&utm_source=35410e46c72ea769348ceb6ba8cc90fd"
        },
        {
            "type": "wiki",
            "url": "http://marvel.com/universe/Punisher_%28Frank_Castle%29?utm_campaign=apiRef&utm_source=35410e46c72ea769348ceb6ba8cc90fd"
        }
    ],
    "wiki": {
        "universe": "[[Marvel Universe]]",
        "real_name": "Frank Castle (born Castiglione)",
        "aliases": "Big Nothing, Major Bateman, Ted Bishop, Cliff Callador, Castigo, Chaloner, Fred D'Amato, Eastman, Charles Fort, Frank Loomis, McRook, Melchior, Joe Rainey, Frank Rook, Richard Rook, Tony Knowlen Ross, Francis Stronghold, Johnny Tower, Dmitri Velikoff, Frankie Villa, Yousoufian; numerous others",
        "identity": "Publicly known",
        "occupation": "Vigilante; former Special Forces instructor, U.S. Marine",
        "citizenship": "U.S.A. with a criminal record, listed in Marine records as a deserter",
        "place_of_birth": "Queens, New York",
        "relatives": "Maria Elizabeth Castle (wife, deceased), Lisa Barbara Castle (daughter, deceased), Frank David Castle (a.k.a. Frank Jr., son, deceased), Mario Lorenzo Castiglione (father, deceased), Louisa Castiglione (mother, deceased), Fredo and Rocco Castiglione (paternal uncles, deceased)",
        "groups": "None; formerly [[Code Red]], [[Secret Avengers]], [[Marvel Knights|Daredevil's Unnamed Super-Hero Team]], Green Berets, U.S. Marine Corps",
        "education": "Extensive military training, partial priesthood training",
        "height": "6'1\"",
        "weight": "200 lbs.",
        "eyes": "Blue",
        "hair": "Black",
        "powers": "None",
        "abilities": "Punisher is the recipient of multidisciplinary military training from the U.S. Marine Corps. While a Marine, he also received training from the U.S. Army and Navy. From this training, Punisher is proficient in not only basic infantry skills, but in special operations, which includes the use and maintenance of specialized firearms and explosive ordnance. He is highly trained in infiltration into heavily-guarded enemy territories and structures for the purpose of assassination, captures, and military intelligence. Also, he is trained in various forms of camouflage and stealth.  From his airborne training, Punisher is able to pack and maintain his own parachute rigs, as well as professionally control his landings, in daylight and at night. From his Navy UDT training, Punisher is well-skilled in extended underwater operations, including demolitions. He is skilled with a great many types of explosives, ranging from simple dynamite to plastique to improvised explosives. His hand-to-hand combat skills are more then sufficient to allow him to incapacitate and kill men much stronger than he is, as well as to deal with groups of armed and unarmed enemies, killing them all without weapons if he deems it necessary. He is also extremely deadly in knife training, preferring the knife he learned to fight with in the USMC: the ka-bar. Additionally, he is a preternaturally-precise marksman. He is thoroughly trained and experienced in unconventional (\"guerilla\") warfare. He is an armorer, a gunsmith, and an expert in field medicine.",
        "weapons": "The Punisher's ever-changing arsenal of weaponry includes various automatic and semi-automatic rifles, and an array of handguns, fragmentation and tear gas grenades, other explosives, and combat knives. A personal favorite is his ballistic knife, which can launch its blade with lethal force. He commonly uses M16 .223 caliber automatic rifles, Sterling Mark 6 9mm, semi-automatic rifles, 9mm Browning Llama automatic pistols, .45 caliber automatic frame rechambered for 9mm. ammunition, .223 caliber Derringers, and Gerber Mark II combat knives.",
        "paraphernalia": "The Punisher has a Kevlar uniform which protects him from most gunfire, though he can still suffer concussive injury or penetration from sufficient or repeated impacts.",
        "debut": "Amazing Spider-Man #129 (1974)",
        "origin": "Marvel Preview #2 (1975); Marvel Super Action #1 (1976); Punisher: Year One #1-4 (1994-1995); Nam #52 (1991)",
        "significant_issues": "Fought Hitman (Amazing Spider-Man #174-175, 1977); drugged by Jigsaw, defeated by Kingpin (Spectacular Spider-Man #78, 81-83, 1983); encountered Trust (Punisher #1-5, 1986); adopted Max (Punisher War Zone #37, 1995); face scarred by Jigsaw, repaired by Brewer (Punisher #54-59, 1991-1992); took out Carbone family, faced assassins of Rosalie Carbone (Punisher War Zone #1-12, 1992-1993); opposed first Chunnel plot (Punisher #65-70, 1992); exploded mobster building, believed dead while active in Laastekist (Punisher #86-88/Punisher War Journal #62-64/Punisher War Zone #24-25, 1994); fought Microchip and Stonecold, captured by S.H.I.E.L.D. (Punisher #102-104/Punisher War Journal #79-80/Punisher War Zone #41, 1995); driven mad by Spook, assassinated Fury LMD (Double Edge: Alpha Omega, 1995); worked with Geraci crime family (Punisher #1-10, 1995-1996); fought Ersatz Mutant Liberation Front, lost memory (Punisher #12-16, 1996-1997); agent of angels against Olivier (Punisher #1-4, 1998-1999); took out Gnuccis and Vigilante Squad (Punisher #1-12, 2000-2001); opposed Kreigkopf and Russian (Punisher #1-5, 2001); fought mercenaries of Monastery Hill (Punisher #33-37, 2003-2004); fought Nicky Cavella and CIA, slew Microchip (Punisher #1-6, 2004)",
        "main_image": "Punish.jpg",
        "bio_text": "Born in New York to parents of Italian ancestry, Francis Castiglione is a former U.S. Marine Captain. Before Frank joined the Marines, he was studying to become a Catholic priest but changed his mind because he was unable to forgive those who did evil. Also prior to his enlistment, he married his wife Maria who was already pregnant with their first child. During his time in the United States Marine Corps (USMC), Castle graduated from Basic Training, then went on to Infantry School. Immediately following that, he went through the USMC's Reconnaissance, Force Reconnaissance, and Sniper Schools.  Attaining dockets, Castle was permitted to go through U.S. Army Airborne School, and U.S. Navy Underwater Demolition Team training, becoming qualified as a Navy Seal (Sea, Air and Land). He served in the Vietnam War in a special forces unit as a point man. For heroism in the line of duty, he was decorated with numerous medals, including the Purple Heart.",
        "bio": "Born in New York to parents of Italian ancestry, Francis Castiglione is a former U.S. Marine Captain. Before Frank joined the Marines, he was studying to become a Catholic priest but changed his mind because he was unable to forgive those who did evil. Also prior to his enlistment, he married his wife Maria who was already pregnant with their first child. During his time in the United States Marine Corps (USMC), Castle graduated from Basic Training, then went on to Infantry School. Immediately following that, he went through the USMC's Reconnaissance, Force Reconnaissance, and Sniper Schools.  Attaining dockets, Castle was permitted to go through U.S. Army Airborne School, and U.S. Navy Underwater Demolition Team training, becoming qualified as a Navy Seal (Sea, Air and Land). He served in the Vietnam War in a special forces unit as a point man. For heroism in the line of duty, he was decorated with numerous medals, including the Purple Heart.\n\nShortly after a tour in Vietnam, Castle, his wife, Maria and their children were in New York's Central Park for an afternoon picnic when they witnessed a Mafia gangland execution; an informant had been hanged from a tree. Seeking to eliminate all witnesses, the Costa crime family murdered them on the spot. However, Castle survived.\nEven though Frank was able to identify all of the shooters the police were unable to help Castle in his quest for justice; they were tied in too deeply to the powerful Costa family. He decided that the only punishment criminals might receive is that of physical destruction. Shortly thereafter, he emblazoned his body armor with a symbol of a death's head, and exacted his revenge. Since then he has waged a one-man war upon crime, taking the name Punisher.\n\nIn his vigilante endeavors, Castle has crossed paths with several costumed crime-fighters, most notably [[Spider-Man (Peter Parker)|Spider-Man]] and [[Daredevil (Matthew Murdock)|Daredevil]]. These encounters have often resulted in his incarceration. While he is known to be significantly inferior to Daredevil in hand-to-hand combat skills, Punisher has been rated as one of the most dangerous criminals alive. When he was incarcerated in New York's [[Riker's Island]] Prison, though heavily outnumbered in gang-fights, Punisher has routinely killed armed, homicidal criminals with frightening ease, sustaining no injury. Due to his proficiency in fighting, he is rarely so accosted in prison environments. Adhering to his military philosophies, Punisher is constantly training whenever he is not out on actual maneuvers. He exercises fanatically to maintain his impressive physical conditioning and sticks to a balanced diet whenever possible.",
        "categories": [
            "Civil War",
            "Heroes",
            "Marvel Knights",
            "People who used to be dead but aren't anymore",
            "Spider-Man"
        ]
    }
}