{
    "id": 1009173,
    "name": "Battering Ram",
    "description": "",
    "modified": "1969-12-31T19:00:00-0500",
    "thumbnail": {
        "path": "http://i.annihil.us/u/prod/marvel/i/mg/f/60/4c002e0305708",
        "extension": "gif"
    },
    "resourceURI": "http://gateway.marvel.com/v1/public/characters/1009173",
    "comics": {
        "available": 2,
        "collectionURI": "http://gateway.marvel.com/v1/public/characters/1009173/comics",
        "items": [
            {
                "resourceURI": "http://gateway.marvel.com/v1/public/comics/17961",
                "name": "X-Force (1991) #116"
            },
            {
                "resourceURI": "http://gateway.marvel.com/v1/public/comics/1028",
                "name": "X-Force: Famous, Mutant & Mortal (Hardcover)"
            }
        ],
        "returned": 2
    },
    "series": {
        "available": 2,
        "collectionURI": "http://gateway.marvel.com/v1/public/characters/1009173/series",
        "items": [
            {
                "resourceURI": "http://gateway.marvel.com/v1/public/series/3633",
                "name": "X-Force (1991 - 2004)"
            },
            {
                "resourceURI": "http://gateway.marvel.com/v1/public/series/88",
                "name": "X-Force: Famous, Mutant & Mortal (2003)"
            }
        ],
        "returned": 2
    },
    "stories": {
        "available": 2,
        "collectionURI": "http://gateway.marvel.com/v1/public/characters/1009173/stories",
        "items": [
            {
                "resourceURI": "http://gateway.marvel.com/v1/public/stories/38198",
                "name": "Cover #38198",
                "type": "cover"
            },
            {
                "resourceURI": "http://gateway.marvel.com/v1/public/stories/38199",
                "name": "Exit Wounds",
                "type": "interiorStory"
            }
        ],
        "returned": 2
    },
    "events": {
        "available": 0,
        "collectionURI": "http://gateway.marvel.com/v1/public/characters/1009173/events",
        "items": [],
        "returned": 0
    },
    "urls": [
        {
            "type": "detail",
            "url": "http://marvel.com/comics/characters/1009173/battering_ram?utm_campaign=apiRef&utm_source=35410e46c72ea769348ceb6ba8cc90fd"
        },
        {
            "type": "wiki",
            "url": "http://marvel.com/universe/Battering_Ram?utm_campaign=apiRef&utm_source=35410e46c72ea769348ceb6ba8cc90fd"
        }
    ],
    "wiki": {
        "universe": "[[Marvel Universe]][[Earth-616]]",
        "real_name": "Unrevealed",
        "identity": "Secret",
        "occupation": "Adventurer",
        "place_of_birth": "Unrevealed",
        "groups": "[[X-Statix|X-Force]]",
        "citizenship": "U.S.A.",
        "education": "Unrevealed",
        "aliases": "None",
        "relatives": "none",
        "height": "7'4\"",
        "weight": "380 lbs.",
        "eyes": "White",
        "hair": "None",
        "powers": "Battering Ram was a mutant possessed of superhuman strength, stamina, and a high degree of resistance to physical injury.",
        "weapons": "Battering Ram also sported a pair of curved bony horns that grew from his reinforced skull, allowing him to use his head to break through barriers or bowl opponents over.",
        "debut": "X-Force #116 (2001)",
        "origin": "",
        "significant_issues": "",
        "main_image": "image_not_available.gif",
        "bio_text": "",
        "bio": "",
        "categories": [
            "X-Men",
            "Heroes",
            "Deceased",
            "Mutants"
        ]
    }
}