{
    "id": 1009304,
    "name": "Firebrand",
    "description": "",
    "modified": "1969-12-31T19:00:00-0500",
    "thumbnail": {
        "path": "http://i.annihil.us/u/prod/marvel/i/mg/b/40/image_not_available",
        "extension": "jpg"
    },
    "resourceURI": "http://gateway.marvel.com/v1/public/characters/1009304",
    "comics": {
        "available": 5,
        "collectionURI": "http://gateway.marvel.com/v1/public/characters/1009304/comics",
        "items": [
            {
                "resourceURI": "http://gateway.marvel.com/v1/public/comics/37802",
                "name": "Iron Man (1998) #4"
            },
            {
                "resourceURI": "http://gateway.marvel.com/v1/public/comics/37813",
                "name": "Iron Man (1998) #5"
            },
            {
                "resourceURI": "http://gateway.marvel.com/v1/public/comics/37771",
                "name": "Iron Man (1998) #11"
            },
            {
                "resourceURI": "http://gateway.marvel.com/v1/public/comics/9614",
                "name": "Iron Man (1968) #59"
            },
            {
                "resourceURI": "http://gateway.marvel.com/v1/public/comics/11201",
                "name": "Sub-Mariner Comics (1941) #25"
            }
        ],
        "returned": 5
    },
    "series": {
        "available": 3,
        "collectionURI": "http://gateway.marvel.com/v1/public/characters/1009304/series",
        "items": [
            {
                "resourceURI": "http://gateway.marvel.com/v1/public/series/2029",
                "name": "Iron Man (1968 - 1996)"
            },
            {
                "resourceURI": "http://gateway.marvel.com/v1/public/series/2572",
                "name": "Iron Man (1998 - 2004)"
            },
            {
                "resourceURI": "http://gateway.marvel.com/v1/public/series/2077",
                "name": "Sub-Mariner Comics (1941 - 1949)"
            }
        ],
        "returned": 3
    },
    "stories": {
        "available": 8,
        "collectionURI": "http://gateway.marvel.com/v1/public/characters/1009304/stories",
        "items": [
            {
                "resourceURI": "http://gateway.marvel.com/v1/public/stories/9811",
                "name": "Firebrand, the Scourge of the Pacific",
                "type": "interiorStory"
            },
            {
                "resourceURI": "http://gateway.marvel.com/v1/public/stories/19709",
                "name": "A Madness In Motown!",
                "type": ""
            },
            {
                "resourceURI": "http://gateway.marvel.com/v1/public/stories/27174",
                "name": "Firebrand, the Scourge of the Pacific",
                "type": "interiorStory"
            },
            {
                "resourceURI": "http://gateway.marvel.com/v1/public/stories/83380",
                "name": "Cover #83380",
                "type": "cover"
            },
            {
                "resourceURI": "http://gateway.marvel.com/v1/public/stories/83395",
                "name": "Firebrand Attacks!",
                "type": "cover"
            },
            {
                "resourceURI": "http://gateway.marvel.com/v1/public/stories/83397",
                "name": "Trouble in Paradise",
                "type": "interiorStory"
            },
            {
                "resourceURI": "http://gateway.marvel.com/v1/public/stories/83398",
                "name": "Cover #83398",
                "type": "cover"
            },
            {
                "resourceURI": "http://gateway.marvel.com/v1/public/stories/83400",
                "name": "Into the Fire",
                "type": "interiorStory"
            }
        ],
        "returned": 8
    },
    "events": {
        "available": 0,
        "collectionURI": "http://gateway.marvel.com/v1/public/characters/1009304/events",
        "items": [],
        "returned": 0
    },
    "urls": [
        {
            "type": "detail",
            "url": "http://marvel.com/comics/characters/1009304/firebrand?utm_campaign=apiRef&utm_source=35410e46c72ea769348ceb6ba8cc90fd"
        }
    ]
}