{
    "id": 1009503,
    "name": "Prism",
    "description": "",
    "modified": "1969-12-31T19:00:00-0500",
    "thumbnail": {
        "path": "http://i.annihil.us/u/prod/marvel/i/mg/b/40/image_not_available",
        "extension": "jpg"
    },
    "resourceURI": "http://gateway.marvel.com/v1/public/characters/1009503",
    "comics": {
        "available": 3,
        "collectionURI": "http://gateway.marvel.com/v1/public/characters/1009503/comics",
        "items": [
            {
                "resourceURI": "http://gateway.marvel.com/v1/public/comics/13781",
                "name": "Uncanny X-Men (1963) #240"
            },
            {
                "resourceURI": "http://gateway.marvel.com/v1/public/comics/13782",
                "name": "Uncanny X-Men (1963) #241"
            },
            {
                "resourceURI": "http://gateway.marvel.com/v1/public/comics/12255",
                "name": "X-Factor (1986) #38"
            }
        ],
        "returned": 3
    },
    "series": {
        "available": 2,
        "collectionURI": "http://gateway.marvel.com/v1/public/characters/1009503/series",
        "items": [
            {
                "resourceURI": "http://gateway.marvel.com/v1/public/series/2258",
                "name": "Uncanny X-Men (1963 - 2011)"
            },
            {
                "resourceURI": "http://gateway.marvel.com/v1/public/series/2098",
                "name": "X-Factor (1986 - 1998)"
            }
        ],
        "returned": 2
    },
    "stories": {
        "available": 3,
        "collectionURI": "http://gateway.marvel.com/v1/public/characters/1009503/stories",
        "items": [
            {
                "resourceURI": "http://gateway.marvel.com/v1/public/stories/22253",
                "name": "Duet!",
                "type": "interiorStory"
            },
            {
                "resourceURI": "http://gateway.marvel.com/v1/public/stories/27990",
                "name": "Inferno, Part the First: Strike the Match",
                "type": "interiorStory"
            },
            {
                "resourceURI": "http://gateway.marvel.com/v1/public/stories/27992",
                "name": "Inferno, Part the Second: Fan the Flame",
                "type": "interiorStory"
            }
        ],
        "returned": 3
    },
    "events": {
        "available": 1,
        "collectionURI": "http://gateway.marvel.com/v1/public/characters/1009503/events",
        "items": [
            {
                "resourceURI": "http://gateway.marvel.com/v1/public/events/252",
                "name": "Inferno"
            }
        ],
        "returned": 1
    },
    "urls": [
        {
            "type": "detail",
            "url": "http://marvel.com/comics/characters/1009503/prism?utm_campaign=apiRef&utm_source=35410e46c72ea769348ceb6ba8cc90fd"
        },
        {
            "type": "wiki",
            "url": "http://marvel.com/universe/Prism?utm_campaign=apiRef&utm_source=35410e46c72ea769348ceb6ba8cc90fd"
        }
    ],
    "wiki": {
        "universe": "[[Marvel Universe]]",
        "real_name": "Unrevealed",
        "identity": "Secret",
        "occupation": "Assassin",
        "place_of_birth": "Unrevealed",
        "groups": "[[Marauders (mutants)|Marauders]]",
        "citizenship": "Unrevealed",
        "education": "Unrevealed",
        "aliases": "None",
        "relatives": "None",
        "height": "5'10\"",
        "weight": "260 lbs.",
        "eyes": "",
        "hair": "",
        "abilities": "",
        "weapons": "",
        "paraphernalia": "",
        "powers": "Able to refract most forms of energy directed at him, including ambient light",
        "debut": "",
        "origin": "",
        "main_image": "Prism.jpg",
        "bio_text": "The mutant known only as Prism is a member of the superhuman assassins the [[Marauders (mutants)|Marauders]] who were apparently all killed during a demonic invasion of New York City but subsequently cloned from samples of their DNA by their founder, geneticist [[Sinister|Mister Sinister]]. Prism possesses a body made of an unknown multi-faceted crystalline substance that can be shattered if enough force is applied. This limitation may explain why Prism has accompanied the Marauders on only two known occasions - first during the [[Mutant Massacre|massacre of the underground mutant community]] the [[Morlocks]], and second when sent to recover Sinister's servant [[Threnody]] and opposed by the [[X-Men]]. Recently, Prism was killed and eaten by [[Predator X]].",
        "bio": "The mutant known only as Prism is a member of the superhuman assassins the [[Marauders (mutants)|Marauders]] who were apparently all killed during a demonic invasion of New York City but subsequently cloned from samples of their DNA by their founder, geneticist [[Sinister|Mister Sinister]]. Prism possesses a body made of an unknown multi-faceted crystalline substance that can be shattered if enough force is applied. This limitation may explain why Prism has accompanied the Marauders on only two known occasions - first during the [[Mutant Massacre|massacre of the underground mutant community]] the [[Morlocks]], and second when sent to recover Sinister's servant [[Threnody]] and opposed by the [[X-Men]]. Recently, Prism was killed and eaten by [[Predator X]].",
        "categories": [
            "X-Men",
            "Villains",
            "Mutants",
            "Deceased"
        ]
    }
}