{
    "id": 1009635,
    "name": "Sumo",
    "description": "",
    "modified": "1969-12-31T19:00:00-0500",
    "thumbnail": {
        "path": "http://i.annihil.us/u/prod/marvel/i/mg/b/40/image_not_available",
        "extension": "jpg"
    },
    "resourceURI": "http://gateway.marvel.com/v1/public/characters/1009635",
    "comics": {
        "available": 3,
        "collectionURI": "http://gateway.marvel.com/v1/public/characters/1009635/comics",
        "items": [
            {
                "resourceURI": "http://gateway.marvel.com/v1/public/comics/18038",
                "name": "X-Force (1991) #7"
            },
            {
                "resourceURI": "http://gateway.marvel.com/v1/public/comics/18060",
                "name": "X-Force (1991) #9"
            },
            {
                "resourceURI": "http://gateway.marvel.com/v1/public/comics/17943",
                "name": "X-Force (1991) #10"
            }
        ],
        "returned": 3
    },
    "series": {
        "available": 1,
        "collectionURI": "http://gateway.marvel.com/v1/public/characters/1009635/series",
        "items": [
            {
                "resourceURI": "http://gateway.marvel.com/v1/public/series/3633",
                "name": "X-Force (1991 - 2004)"
            }
        ],
        "returned": 1
    },
    "stories": {
        "available": 3,
        "collectionURI": "http://gateway.marvel.com/v1/public/characters/1009635/stories",
        "items": [
            {
                "resourceURI": "http://gateway.marvel.com/v1/public/stories/38168",
                "name": "Answers (and Questions)",
                "type": "interiorStory"
            },
            {
                "resourceURI": "http://gateway.marvel.com/v1/public/stories/38362",
                "name": "X-Tenuating Circumstances",
                "type": "interiorStory"
            },
            {
                "resourceURI": "http://gateway.marvel.com/v1/public/stories/38411",
                "name": "X-Tenuating Circumstances [Part 2]",
                "type": "interiorStory"
            }
        ],
        "returned": 3
    },
    "events": {
        "available": 0,
        "collectionURI": "http://gateway.marvel.com/v1/public/characters/1009635/events",
        "items": [],
        "returned": 0
    },
    "urls": [
        {
            "type": "detail",
            "url": "http://marvel.com/comics/characters/1009635/sumo?utm_campaign=apiRef&utm_source=35410e46c72ea769348ceb6ba8cc90fd"
        }
    ]
}