{
    "id": 1009422,
    "name": "Mandroid",
    "description": "",
    "modified": "1969-12-31T19:00:00-0500",
    "thumbnail": {
        "path": "http://i.annihil.us/u/prod/marvel/i/mg/b/40/image_not_available",
        "extension": "jpg"
    },
    "resourceURI": "http://gateway.marvel.com/v1/public/characters/1009422",
    "comics": {
        "available": 3,
        "collectionURI": "http://gateway.marvel.com/v1/public/characters/1009422/comics",
        "items": [
            {
                "resourceURI": "http://gateway.marvel.com/v1/public/comics/1587",
                "name": "Marvel Masterworks: The Uncanny X-Men Vol. (Hardcover)"
            },
            {
                "resourceURI": "http://gateway.marvel.com/v1/public/comics/12435",
                "name": "Uncanny X-Men (1963) #119"
            },
            {
                "resourceURI": "http://gateway.marvel.com/v1/public/comics/4100",
                "name": "Uncanny X-Men Omnibus Vol. 1 (Hardcover)"
            }
        ],
        "returned": 3
    },
    "series": {
        "available": 3,
        "collectionURI": "http://gateway.marvel.com/v1/public/characters/1009422/series",
        "items": [
            {
                "resourceURI": "http://gateway.marvel.com/v1/public/series/1440",
                "name": "Marvel Masterworks: The Uncanny X-Men Vol. (2005)"
            },
            {
                "resourceURI": "http://gateway.marvel.com/v1/public/series/2258",
                "name": "Uncanny X-Men (1963 - 2011)"
            },
            {
                "resourceURI": "http://gateway.marvel.com/v1/public/series/1723",
                "name": "Uncanny X-Men Omnibus Vol. 1 (2006)"
            }
        ],
        "returned": 3
    },
    "stories": {
        "available": 1,
        "collectionURI": "http://gateway.marvel.com/v1/public/characters/1009422/stories",
        "items": [
            {
                "resourceURI": "http://gateway.marvel.com/v1/public/stories/15420",
                "name": "Make Way For Moses Magnum!",
                "type": "cover"
            }
        ],
        "returned": 1
    },
    "events": {
        "available": 0,
        "collectionURI": "http://gateway.marvel.com/v1/public/characters/1009422/events",
        "items": [],
        "returned": 0
    },
    "urls": [
        {
            "type": "detail",
            "url": "http://marvel.com/comics/characters/1009422/mandroid?utm_campaign=apiRef&utm_source=35410e46c72ea769348ceb6ba8cc90fd"
        }
    ]
}