{
    "id": 1009413,
    "name": "Madrox",
    "description": "",
    "modified": "2013-11-01T16:34:26-0400",
    "thumbnail": {
        "path": "http://i.annihil.us/u/prod/marvel/i/mg/9/30/52740fc5a4c7c",
        "extension": "jpg"
    },
    "resourceURI": "http://gateway.marvel.com/v1/public/characters/1009413",
    "comics": {
        "available": 18,
        "collectionURI": "http://gateway.marvel.com/v1/public/characters/1009413/comics",
        "items": [
            {
                "resourceURI": "http://gateway.marvel.com/v1/public/comics/829",
                "name": "Madrox (2004) #1"
            },
            {
                "resourceURI": "http://gateway.marvel.com/v1/public/comics/901",
                "name": "Madrox (2004) #2"
            },
            {
                "resourceURI": "http://gateway.marvel.com/v1/public/comics/42",
                "name": "Madrox (2004) #3"
            },
            {
                "resourceURI": "http://gateway.marvel.com/v1/public/comics/1440",
                "name": "Madrox (2004) #4"
            },
            {
                "resourceURI": "http://gateway.marvel.com/v1/public/comics/1533",
                "name": "Madrox (2004) #5"
            },
            {
                "resourceURI": "http://gateway.marvel.com/v1/public/comics/1734",
                "name": "Madrox: Multiple Choice (Trade Paperback)"
            },
            {
                "resourceURI": "http://gateway.marvel.com/v1/public/comics/3046",
                "name": "X-Factor (2005) #1"
            },
            {
                "resourceURI": "http://gateway.marvel.com/v1/public/comics/3372",
                "name": "X-Factor (2005) #3"
            },
            {
                "resourceURI": "http://gateway.marvel.com/v1/public/comics/5594",
                "name": "X-Factor (2005) #13"
            },
            {
                "resourceURI": "http://gateway.marvel.com/v1/public/comics/5472",
                "name": "X-Factor (2005) #13 (variant)"
            },
            {
                "resourceURI": "http://gateway.marvel.com/v1/public/comics/5710",
                "name": "X-Factor (2005) #14"
            },
            {
                "resourceURI": "http://gateway.marvel.com/v1/public/comics/17241",
                "name": "X-Factor (2005) #25"
            },
            {
                "resourceURI": "http://gateway.marvel.com/v1/public/comics/17242",
                "name": "X-Factor (2005) #25 (Marc Silvestri Variant)"
            },
            {
                "resourceURI": "http://gateway.marvel.com/v1/public/comics/28117",
                "name": "X-Factor (2005) #200"
            },
            {
                "resourceURI": "http://gateway.marvel.com/v1/public/comics/35282",
                "name": "X-Factor (2005) #216"
            },
            {
                "resourceURI": "http://gateway.marvel.com/v1/public/comics/41070",
                "name": "X-Factor Vol. 2: Life and Death Matters (Reprint) (Trade Paperback)"
            },
            {
                "resourceURI": "http://gateway.marvel.com/v1/public/comics/16627",
                "name": "X-Factor Vol. 3: Many Lives of Madrox (Trade Paperback)"
            },
            {
                "resourceURI": "http://gateway.marvel.com/v1/public/comics/5935",
                "name": "X-Factor: The Longest Night (Trade Paperback)"
            }
        ],
        "returned": 18
    },
    "series": {
        "available": 6,
        "collectionURI": "http://gateway.marvel.com/v1/public/characters/1009413/series",
        "items": [
            {
                "resourceURI": "http://gateway.marvel.com/v1/public/series/762",
                "name": "Madrox (2004 - 2005)"
            },
            {
                "resourceURI": "http://gateway.marvel.com/v1/public/series/1276",
                "name": "Madrox: Multiple Choice (2005)"
            },
            {
                "resourceURI": "http://gateway.marvel.com/v1/public/series/1035",
                "name": "X-Factor (2005 - Present)"
            },
            {
                "resourceURI": "http://gateway.marvel.com/v1/public/series/15266",
                "name": "X-Factor Vol. 2: Life and Death Matters (Reprint) (2011 - Present)"
            },
            {
                "resourceURI": "http://gateway.marvel.com/v1/public/series/2930",
                "name": "X-Factor Vol. 3: Many Lives of Madrox (2007)"
            },
            {
                "resourceURI": "http://gateway.marvel.com/v1/public/series/1882",
                "name": "X-Factor: The Longest Night (2007)"
            }
        ],
        "returned": 6
    },
    "stories": {
        "available": 15,
        "collectionURI": "http://gateway.marvel.com/v1/public/characters/1009413/stories",
        "items": [
            {
                "resourceURI": "http://gateway.marvel.com/v1/public/stories/3579",
                "name": "3 of 5",
                "type": "interiorStory"
            },
            {
                "resourceURI": "http://gateway.marvel.com/v1/public/stories/3581",
                "name": "X-MEN: RELOAD ANOTHER CLIP!  Jamie Madrox, stabbed, staggering off a bus. Jamie Madrox, setting up a detective agency in the hea",
                "type": "interiorStory"
            },
            {
                "resourceURI": "http://gateway.marvel.com/v1/public/stories/3583",
                "name": "PART 2 (OF 5) The murder of one of Madrox’s dupes sends the original Jamie on a quest to the Windy City of Chicago to determine ",
                "type": "interiorStory"
            },
            {
                "resourceURI": "http://gateway.marvel.com/v1/public/stories/3585",
                "name": "4 of 5 - Multiple Choice",
                "type": "interiorStory"
            },
            {
                "resourceURI": "http://gateway.marvel.com/v1/public/stories/3587",
                "name": "5 of 5 - Multiple Choice",
                "type": "interiorStory"
            },
            {
                "resourceURI": "http://gateway.marvel.com/v1/public/stories/4905",
                "name": "1 of 6",
                "type": "cover"
            },
            {
                "resourceURI": "http://gateway.marvel.com/v1/public/stories/4908",
                "name": "3 of 6",
                "type": "cover"
            },
            {
                "resourceURI": "http://gateway.marvel.com/v1/public/stories/5770",
                "name": "Cover #5770",
                "type": "cover"
            },
            {
                "resourceURI": "http://gateway.marvel.com/v1/public/stories/5772",
                "name": "1 of 1",
                "type": "cover"
            },
            {
                "resourceURI": "http://gateway.marvel.com/v1/public/stories/5774",
                "name": "1 of 3 - Mutant Town Ghetto",
                "type": "cover"
            },
            {
                "resourceURI": "http://gateway.marvel.com/v1/public/stories/36135",
                "name": "Messiah Complex 3 of 13",
                "type": "cover"
            },
            {
                "resourceURI": "http://gateway.marvel.com/v1/public/stories/36137",
                "name": "Messiah Complex 3 of 13",
                "type": "cover"
            },
            {
                "resourceURI": "http://gateway.marvel.com/v1/public/stories/61472",
                "name": "Cover #61472",
                "type": "cover"
            },
            {
                "resourceURI": "http://gateway.marvel.com/v1/public/stories/77986",
                "name": "X-Factor #216",
                "type": "cover"
            },
            {
                "resourceURI": "http://gateway.marvel.com/v1/public/stories/93000",
                "name": "Interior #93000",
                "type": "interiorStory"
            }
        ],
        "returned": 15
    },
    "events": {
        "available": 1,
        "collectionURI": "http://gateway.marvel.com/v1/public/characters/1009413/events",
        "items": [
            {
                "resourceURI": "http://gateway.marvel.com/v1/public/events/299",
                "name": "Messiah CompleX"
            }
        ],
        "returned": 1
    },
    "urls": [
        {
            "type": "detail",
            "url": "http://marvel.com/comics/characters/1009413/madrox?utm_campaign=apiRef&utm_source=35410e46c72ea769348ceb6ba8cc90fd"
        },
        {
            "type": "wiki",
            "url": "http://marvel.com/universe/Madrox?utm_campaign=apiRef&utm_source=35410e46c72ea769348ceb6ba8cc90fd"
        }
    ]
}