{
    "id": 1009149,
    "name": "Abyss",
    "description": "",
    "modified": "1969-12-31T19:00:00-0500",
    "thumbnail": {
        "path": "http://i.annihil.us/u/prod/marvel/i/mg/e/e0/4c004214c1502",
        "extension": "jpg"
    },
    "resourceURI": "http://gateway.marvel.com/v1/public/characters/1009149",
    "comics": {
        "available": 8,
        "collectionURI": "http://gateway.marvel.com/v1/public/characters/1009149/comics",
        "items": [
            {
                "resourceURI": "http://gateway.marvel.com/v1/public/comics/13943",
                "name": "Uncanny X-Men (1963) #402"
            },
            {
                "resourceURI": "http://gateway.marvel.com/v1/public/comics/13945",
                "name": "Uncanny X-Men (1963) #404"
            },
            {
                "resourceURI": "http://gateway.marvel.com/v1/public/comics/13946",
                "name": "Uncanny X-Men (1963) #405"
            },
            {
                "resourceURI": "http://gateway.marvel.com/v1/public/comics/13947",
                "name": "Uncanny X-Men (1963) #406"
            },
            {
                "resourceURI": "http://gateway.marvel.com/v1/public/comics/13970",
                "name": "Uncanny X-Men (1963) #429"
            },
            {
                "resourceURI": "http://gateway.marvel.com/v1/public/comics/13972",
                "name": "Uncanny X-Men (1963) #431"
            },
            {
                "resourceURI": "http://gateway.marvel.com/v1/public/comics/12386",
                "name": "X-Men: Alpha (1994) #1"
            },
            {
                "resourceURI": "http://gateway.marvel.com/v1/public/comics/2539",
                "name": "X-Men: The Complete Age of Apocalypse Epic Book 2 (Trade Paperback)"
            }
        ],
        "returned": 8
    },
    "series": {
        "available": 3,
        "collectionURI": "http://gateway.marvel.com/v1/public/characters/1009149/series",
        "items": [
            {
                "resourceURI": "http://gateway.marvel.com/v1/public/series/2258",
                "name": "Uncanny X-Men (1963 - 2011)"
            },
            {
                "resourceURI": "http://gateway.marvel.com/v1/public/series/2104",
                "name": "X-Men: Alpha (1994)"
            },
            {
                "resourceURI": "http://gateway.marvel.com/v1/public/series/1583",
                "name": "X-Men: The Complete Age of Apocalypse Epic Book 2 (2005)"
            }
        ],
        "returned": 3
    },
    "stories": {
        "available": 8,
        "collectionURI": "http://gateway.marvel.com/v1/public/characters/1009149/stories",
        "items": [
            {
                "resourceURI": "http://gateway.marvel.com/v1/public/stories/26281",
                "name": "A Beginning",
                "type": "interiorStory"
            },
            {
                "resourceURI": "http://gateway.marvel.com/v1/public/stories/28352",
                "name": "Utility of Myth",
                "type": "interiorStory"
            },
            {
                "resourceURI": "http://gateway.marvel.com/v1/public/stories/28356",
                "name": "Army Ants",
                "type": "interiorStory"
            },
            {
                "resourceURI": "http://gateway.marvel.com/v1/public/stories/28358",
                "name": "Ballroom Blitzkrieg",
                "type": "interiorStory"
            },
            {
                "resourceURI": "http://gateway.marvel.com/v1/public/stories/28360",
                "name": "Staring Contests are for Suckers",
                "type": "interiorStory"
            },
            {
                "resourceURI": "http://gateway.marvel.com/v1/public/stories/28407",
                "name": "The Draco Part One: Sins of the Father",
                "type": "interiorStory"
            },
            {
                "resourceURI": "http://gateway.marvel.com/v1/public/stories/28411",
                "name": "The Draco Part Three",
                "type": "interiorStory"
            },
            {
                "resourceURI": "http://gateway.marvel.com/v1/public/stories/28413",
                "name": "The Draco Part Four",
                "type": "interiorStory"
            }
        ],
        "returned": 8
    },
    "events": {
        "available": 1,
        "collectionURI": "http://gateway.marvel.com/v1/public/characters/1009149/events",
        "items": [
            {
                "resourceURI": "http://gateway.marvel.com/v1/public/events/227",
                "name": "Age of Apocalypse"
            }
        ],
        "returned": 1
    },
    "urls": [
        {
            "type": "detail",
            "url": "http://marvel.com/comics/characters/1009149/abyss?utm_campaign=apiRef&utm_source=35410e46c72ea769348ceb6ba8cc90fd"
        },
        {
            "type": "wiki",
            "url": "http://marvel.com/universe/Abyss_(alien)?utm_campaign=apiRef&utm_source=35410e46c72ea769348ceb6ba8cc90fd"
        }
    ],
    "wiki": {
        "universe": "[[Marvel Universe]]",
        "real_name": "Unrevealed, possibly Abyss",
        "aliases": "None",
        "identity": "Secret",
        "occupation": "Cosmic sorcerer",
        "citizenship": "Unrevealed",
        "place_of_birth": "Unrevealed",
        "relatives": "Unrevealed",
        "groups": "None",
        "education": "Unrevealed",
        "height": "Unrevealed",
        "weight": "Unrevealed",
        "eyes": "Unrevealed",
        "hair": "Unrevealed",
        "powers": "Abyss is mystically empowered and is able of turning conscious life forms into what he calls \"meat puppets.\"",
        "abilities": "Abyss' most notorious skill is the ability to escape from anywhere and anything. No matter how many times he has been beaten or imprisoned, Abyss always finds a way to return.",
        "weapons": "Unrevealed",
        "paraphernalia": "Unrevealed",
        "debut": "(Prison only) Nova #8 (2008)",
        "origin": "Unrevealed",
        "significant_issues": "Almost destroyed by his arch-rivals but thwarted their plans only to be defeated by Nova (Nova #8-9, 2008)",
        "main_image": "image_not_available.gif",
        "bio_text": "Sealed in a coffin-like prison, Abyss was taken to the edge of the universe to a place called [[Knowhere]] to end his reign of terror once and for all. Those responsible for his capture were his arch-foes, the [[Luminals]], but when his prison began to malfunction, Abyss attempted an escape. Manipulating the citizens of Knowhere and turning them into [[Glossary:Z#zombie|zombies]], he fought his captors. The first to fall was [[Suspensor]], followed by the remaining Luminals. [[Nova (Richard Rider)|Nova]] arrived on Knowhere soon after and was attacked by zombies along with Knowhere's Chief of Security, [[Cosmo (dog)|Cosmo]]. In the end, Nova sealed Abyss back in his prison and restored peace. Abyss remains in captivity, but it is possible Abyss could return someday to plague the universe.",
        "bio": "Sealed in a coffin-like prison, Abyss was taken to the edge of the universe to a place called [[Knowhere]] to end his reign of terror once and for all. Those responsible for his capture were his arch-foes, the [[Luminals]], but when his prison began to malfunction, Abyss attempted an escape. Manipulating the citizens of Knowhere and turning them into [[Glossary:Z#zombie|zombies]], he fought his captors. The first to fall was [[Suspensor]], followed by the remaining Luminals. [[Nova (Richard Rider)|Nova]] arrived on Knowhere soon after and was attacked by zombies along with Knowhere's Chief of Security, [[Cosmo (dog)|Cosmo]]. In the end, Nova sealed Abyss back in his prison and restored peace. Abyss remains in captivity, but it is possible Abyss could return someday to plague the universe.",
        "categories": [
            "Cosmic",
            "Magic",
            "Villains"
        ]
    }
}