{
    "id": 1009203,
    "name": "Bloodscream",
    "description": "",
    "modified": "1969-12-31T19:00:00-0500",
    "thumbnail": {
        "path": "http://i.annihil.us/u/prod/marvel/i/mg/6/e0/4c7c647c3f069",
        "extension": "jpg"
    },
    "resourceURI": "http://gateway.marvel.com/v1/public/characters/1009203",
    "comics": {
        "available": 5,
        "collectionURI": "http://gateway.marvel.com/v1/public/characters/1009203/comics",
        "items": [
            {
                "resourceURI": "http://gateway.marvel.com/v1/public/comics/14201",
                "name": "Wolverine (1988) #78"
            },
            {
                "resourceURI": "http://gateway.marvel.com/v1/public/comics/14208",
                "name": "Wolverine (1988) #84"
            },
            {
                "resourceURI": "http://gateway.marvel.com/v1/public/comics/14063",
                "name": "Wolverine (1988) #123"
            },
            {
                "resourceURI": "http://gateway.marvel.com/v1/public/comics/18158",
                "name": "X-Men Unlimited (1993) #8"
            },
            {
                "resourceURI": "http://gateway.marvel.com/v1/public/comics/18159",
                "name": "X-Men Unlimited (1993) #9"
            }
        ],
        "returned": 5
    },
    "series": {
        "available": 2,
        "collectionURI": "http://gateway.marvel.com/v1/public/characters/1009203/series",
        "items": [
            {
                "resourceURI": "http://gateway.marvel.com/v1/public/series/2262",
                "name": "Wolverine (1988 - 2003)"
            },
            {
                "resourceURI": "http://gateway.marvel.com/v1/public/series/3637",
                "name": "X-Men Unlimited (1993 - 1999)"
            }
        ],
        "returned": 2
    },
    "stories": {
        "available": 6,
        "collectionURI": "http://gateway.marvel.com/v1/public/characters/1009203/stories",
        "items": [
            {
                "resourceURI": "http://gateway.marvel.com/v1/public/stories/28615",
                "name": "Down and Dirty with Roughouse and Bloodscream",
                "type": "cover"
            },
            {
                "resourceURI": "http://gateway.marvel.com/v1/public/stories/28919",
                "name": "Cover #28919",
                "type": "cover"
            },
            {
                "resourceURI": "http://gateway.marvel.com/v1/public/stories/28934",
                "name": "Cover #28934",
                "type": "cover"
            },
            {
                "resourceURI": "http://gateway.marvel.com/v1/public/stories/38612",
                "name": "X-Men Unlimited Sneak Preview",
                "type": "pinup"
            },
            {
                "resourceURI": "http://gateway.marvel.com/v1/public/stories/38613",
                "name": "The Heart of Darkness",
                "type": "cover"
            },
            {
                "resourceURI": "http://gateway.marvel.com/v1/public/stories/38614",
                "name": "Horse Latitude",
                "type": "interiorStory"
            }
        ],
        "returned": 6
    },
    "events": {
        "available": 0,
        "collectionURI": "http://gateway.marvel.com/v1/public/characters/1009203/events",
        "items": [],
        "returned": 0
    },
    "urls": [
        {
            "type": "detail",
            "url": "http://marvel.com/comics/characters/1009203/bloodscream?utm_campaign=apiRef&utm_source=35410e46c72ea769348ceb6ba8cc90fd"
        },
        {
            "type": "wiki",
            "url": "http://marvel.com/universe/Bloodscream?utm_campaign=apiRef&utm_source=35410e46c72ea769348ceb6ba8cc90fd"
        }
    ],
    "wiki": {
        "universe": "[[Marvel Universe]]",
        "real_name": "Unrevealed",
        "identity": "Secret",
        "occupation": "Mercenary; former enforcer, soldier, naval surgeon",
        "place_of_birth": "Unrevealed",
        "groups": "Former servant of [[Mauvais]], former partner of [[Roughouse]], former employee of [[Black Tarantula]], former employee of [[General Coy]]",
        "citizenship": "England, possibly legally deceased",
        "education": "Unrevealed, presumably some medical training.",
        "aliases": "Bloodsport",
        "relatives": "None",
        "height": "6'5\"",
        "weight": "175 lbs.",
        "eyes": "Black",
        "hair": "White",
        "powers": "Bloodscream can absorb the life forces of others by touch, withering them to a mummy-like state as they bleed uncontrollably from the point they were touched. Those who survive his touch receive a red scar in the shape of his hand, whilst those that die he can transform into mindless [[Glossary:Z#Zombie|zombies]] to do his bidding. Bloodscream can use the life force he absorbs to enhance his strength to undetermined superhuman levels as well as to heal any injury.",
        "abilities": "",
        "weapons": "",
        "paraphernalia": "",
        "creators": "",
        "debut": "Wolverine #4 (1989)",
        "origin": "",
        "significant_issues": "Partnered with Roughouse, vs Wolverine (Wolverine #4, 1989); allied with Cylla, vs Wolverine (Wolverine #78, 1994); allied with Belasco, vs X-Men (X-Men Unlimited #9, 1995); reunited with Roughouse, vs Wolverine (Wolverine #123, 1998); with Roughouse, vs Spider-Man (Amazing Spider-Man #435, 1998); enslaved by Mauvais, vs Wolverine (Wolverine 2001 Annual, 2001)",
        "main_image": "bloodscr.jpg",
        "bio_text": "Born in the mid-16th Century, the man who would become Bloodscream was a naval surgeon in Sir Francis Drake's fleet. Mortally wounded in battle, he was taken by Drake to a sorcerer named Dagoo to save his life but was instead transformed into a [[Glossary:V#vampire|vampire-like]] creature. Doomed to a macabre existence, Bloodscream learned his condition could only be reversed with an elixir distilled from the blood of a man who does not age. Bloodscream set out to locate such a man and became a soldier, hoping to encounter fellow immortals on the battlefield.",
        "bio": "Born in the mid-16th Century, the man who would become Bloodscream was a naval surgeon in Sir Francis Drake's fleet. Mortally wounded in battle, he was taken by Drake to a sorcerer named Dagoo to save his life but was instead transformed into a [[Glossary:V#vampire|vampire-like]] creature. Doomed to a macabre existence, Bloodscream learned his condition could only be reversed with an elixir distilled from the blood of a man who does not age. Bloodscream set out to locate such a man and became a soldier, hoping to encounter fellow immortals on the battlefield.\n\nAfter centuries of combat, Bloodscream fought in the Battle of Normandy in 1944 during which he encountered a Canadian soldier named Logan. Decades later, Bloodscream joined the [[Asgard]]ian brawler [[Roughouse]] as enforcers for the crimelord [[General Coy]] on the island nation of [[Madripoor]]. Under Coy's orders, the pair clashed with rival crimelord [[Tyger Tiger]] and her ally Logan, now the mutant adventurer [[Wolverine]]. Seeing that his foe had not aged since their last encounter, Bloodscream believed he could use Wolverine’s blood in his elixir. After numerous encounters with Wolverine, they had what was almost their final encounter in the snowy wilderness of Canada. After draining the blood from his cybernetic partner [[Cylla]], Bloodscream faced Wolverine (who was virtually powerless after his last encounter with [[Magneto]]), but was unaware of the weapon which Wolverine had in his possession, the demonically-forged Honor Sword of the [[Clan Yashida]]. Wolverine ran him down on his motorcycle and apparently killed the centuries-old vampire with the sword.\n\nHowever, Bloodscream survived by draining nearby life energy and subsequently allied himself with the sorcerer [[Belasco]]. After clashing with the team of [[Glossary:M#mutant|mutant]] adventurers known as the [[X-Men]], whose number included Wolverine, Bloodscream was sucked into another dimension. Returning to Earth under unrevealed circumstances, Bloodscream was reunited with Roughouse. The pair were recruited as enforcers by the South American crimelord named the [[Black Tarantula]] who set them against both Wolverine and the costumed crimefighter [[Spider-Man]].\n\nLater, Bloodscream came under the control of the cannibalistic sorcerer [[Mauvais]]. Alongside the savage criminal [[Vermin]], he again fought Wolverine but met defeat once more. Mauvais was subsequently exiled into the dimension of the [[Great Beasts]] of Canada, presumably freeing Bloodscream from his control.",
        "categories": [
            "X-Men",
            "Villains",
            "Magic",
            "Horror"
        ]
    }
}