{
    "id": 1009543,
    "name": "Riptide",
    "description": "",
    "modified": "1969-12-31T19:00:00-0500",
    "thumbnail": {
        "path": "http://i.annihil.us/u/prod/marvel/i/mg/b/40/image_not_available",
        "extension": "jpg"
    },
    "resourceURI": "http://gateway.marvel.com/v1/public/characters/1009543",
    "comics": {
        "available": 8,
        "collectionURI": "http://gateway.marvel.com/v1/public/characters/1009543/comics",
        "items": [
            {
                "resourceURI": "http://gateway.marvel.com/v1/public/comics/13751",
                "name": "Uncanny X-Men (1963) #210"
            },
            {
                "resourceURI": "http://gateway.marvel.com/v1/public/comics/13752",
                "name": "Uncanny X-Men (1963) #211"
            },
            {
                "resourceURI": "http://gateway.marvel.com/v1/public/comics/13754",
                "name": "Uncanny X-Men (1963) #213"
            },
            {
                "resourceURI": "http://gateway.marvel.com/v1/public/comics/13782",
                "name": "Uncanny X-Men (1963) #241"
            },
            {
                "resourceURI": "http://gateway.marvel.com/v1/public/comics/14322",
                "name": "X-Men (1991) #34"
            },
            {
                "resourceURI": "http://gateway.marvel.com/v1/public/comics/41821",
                "name": "X-MEN FIRST CLASS: THE HIGH HAND (2011) #1"
            },
            {
                "resourceURI": "http://gateway.marvel.com/v1/public/comics/1032",
                "name": "X-Men: Mutant Massacre (Trade Paperback)"
            },
            {
                "resourceURI": "http://gateway.marvel.com/v1/public/comics/1292",
                "name": "X-Men: Old Soldiers (Trade Paperback)"
            }
        ],
        "returned": 8
    },
    "series": {
        "available": 5,
        "collectionURI": "http://gateway.marvel.com/v1/public/characters/1009543/series",
        "items": [
            {
                "resourceURI": "http://gateway.marvel.com/v1/public/series/2258",
                "name": "Uncanny X-Men (1963 - 2011)"
            },
            {
                "resourceURI": "http://gateway.marvel.com/v1/public/series/2265",
                "name": "X-Men (1991 - 2001)"
            },
            {
                "resourceURI": "http://gateway.marvel.com/v1/public/series/15598",
                "name": "X-MEN FIRST CLASS: THE HIGH HAND (2011)"
            },
            {
                "resourceURI": "http://gateway.marvel.com/v1/public/series/92",
                "name": "X-Men: Mutant Massacre (1999)"
            },
            {
                "resourceURI": "http://gateway.marvel.com/v1/public/series/343",
                "name": "X-Men: Old Soldiers (2004)"
            }
        ],
        "returned": 5
    },
    "stories": {
        "available": 6,
        "collectionURI": "http://gateway.marvel.com/v1/public/characters/1009543/stories",
        "items": [
            {
                "resourceURI": "http://gateway.marvel.com/v1/public/stories/27930",
                "name": "The Morning After",
                "type": "interiorStory"
            },
            {
                "resourceURI": "http://gateway.marvel.com/v1/public/stories/27932",
                "name": "Massacre",
                "type": "interiorStory"
            },
            {
                "resourceURI": "http://gateway.marvel.com/v1/public/stories/27936",
                "name": "Psylocke",
                "type": "interiorStory"
            },
            {
                "resourceURI": "http://gateway.marvel.com/v1/public/stories/27992",
                "name": "Inferno, Part the Second: Fan the Flame",
                "type": "interiorStory"
            },
            {
                "resourceURI": "http://gateway.marvel.com/v1/public/stories/29199",
                "name": "Life and Consequences",
                "type": "interiorStory"
            },
            {
                "resourceURI": "http://gateway.marvel.com/v1/public/stories/94626",
                "name": "X-MEN FIRST CLASS: THE HIGH HAND (2011) #1",
                "type": "interiorStory"
            }
        ],
        "returned": 6
    },
    "events": {
        "available": 2,
        "collectionURI": "http://gateway.marvel.com/v1/public/characters/1009543/events",
        "items": [
            {
                "resourceURI": "http://gateway.marvel.com/v1/public/events/252",
                "name": "Inferno"
            },
            {
                "resourceURI": "http://gateway.marvel.com/v1/public/events/263",
                "name": "Mutant Massacre"
            }
        ],
        "returned": 2
    },
    "urls": [
        {
            "type": "detail",
            "url": "http://marvel.com/comics/characters/1009543/riptide?utm_campaign=apiRef&utm_source=35410e46c72ea769348ceb6ba8cc90fd"
        }
    ]
}