{
    "id": 1009365,
    "name": "Inhumans",
    "description": "",
    "modified": "2013-10-17T15:01:30-0400",
    "thumbnail": {
        "path": "http://i.annihil.us/u/prod/marvel/i/mg/5/a0/526033a73dca3",
        "extension": "jpg"
    },
    "resourceURI": "http://gateway.marvel.com/v1/public/characters/1009365",
    "comics": {
        "available": 67,
        "collectionURI": "http://gateway.marvel.com/v1/public/characters/1009365/comics",
        "items": [
            {
                "id": 41286,
                "resourceURI": "http://gateway.marvel.com/v1/public/comics/41286",
                "name": "FF (2010) #9 (FF 50th Anniversary Variant)"
            },
            {
                "id": 38609,
                "resourceURI": "http://gateway.marvel.com/v1/public/comics/38609",
                "name": "FF (2010) #9"
            },
            {
                "id": 37446,
                "resourceURI": "http://gateway.marvel.com/v1/public/comics/37446",
                "name": "Thing Classic Vol. 1 (Trade Paperback)"
            },
            {
                "id": 25972,
                "resourceURI": "http://gateway.marvel.com/v1/public/comics/25972",
                "name": "Mighty Avengers (2007) #28"
            },
            {
                "id": 25971,
                "resourceURI": "http://gateway.marvel.com/v1/public/comics/25971",
                "name": "Mighty Avengers (2007) #27"
            },
            {
                "id": 23030,
                "resourceURI": "http://gateway.marvel.com/v1/public/comics/23030",
                "name": "What If? Classic Vol. 5 (Trade Paperback)"
            },
            {
                "id": 22418,
                "resourceURI": "http://gateway.marvel.com/v1/public/comics/22418",
                "name": "Marvel Masterworks: The X-Men Vol. 7 (Hardcover)"
            },
            {
                "id": 22417,
                "resourceURI": "http://gateway.marvel.com/v1/public/comics/22417",
                "name": "Marvel Masterworks: The X-Men Vol. 7 (Hardcover)"
            },
            {
                "id": 16027,
                "resourceURI": "http://gateway.marvel.com/v1/public/comics/16027",
                "name": "Marvel Masterworks: The Mighty Thor Vol. 6 (Hardcover)"
            },
            {
                "id": 15916,
                "resourceURI": "http://gateway.marvel.com/v1/public/comics/15916",
                "name": "Fantastic Four/Inhumans (Trade Paperback)"
            },
            {
                "id": 5774,
                "resourceURI": "http://gateway.marvel.com/v1/public/comics/5774",
                "name": "Fantastic Four: The End (2006) #4"
            },
            {
                "id": 5280,
                "resourceURI": "http://gateway.marvel.com/v1/public/comics/5280",
                "name": "Heroes Reborn: Fantastic Four (Trade Paperback)"
            },
            {
                "id": 2055,
                "resourceURI": "http://gateway.marvel.com/v1/public/comics/2055",
                "name": "Essential Fantastic Four Vol. 4 (Trade Paperback)"
            },
            {
                "id": 1585,
                "resourceURI": "http://gateway.marvel.com/v1/public/comics/1585",
                "name": "Essential Peter Parker, the Spectacular Spider-Man Vol. (Trade Paperback)"
            },
            {
                "id": 1335,
                "resourceURI": "http://gateway.marvel.com/v1/public/comics/1335",
                "name": "Marvel Masterworks: The Fantastic Four Vol. 7 (Hardcover)"
            },
            {
                "id": 432,
                "resourceURI": "http://gateway.marvel.com/v1/public/comics/432",
                "name": "Inhumans (2003) #12"
            },
            {
                "id": 319,
                "resourceURI": "http://gateway.marvel.com/v1/public/comics/319",
                "name": "Inhumans (2003) #11"
            },
            {
                "id": 380,
                "resourceURI": "http://gateway.marvel.com/v1/public/comics/380",
                "name": "Inhumans (2003) #10"
            },
            {
                "id": 362,
                "resourceURI": "http://gateway.marvel.com/v1/public/comics/362",
                "name": "Inhumans (2003) #9"
            },
            {
                "id": 351,
                "resourceURI": "http://gateway.marvel.com/v1/public/comics/351",
                "name": "Inhumans (2003) #8"
            },
            {
                "id": 338,
                "resourceURI": "http://gateway.marvel.com/v1/public/comics/338",
                "name": "Inhumans (2003) #7"
            },
            {
                "id": 363,
                "resourceURI": "http://gateway.marvel.com/v1/public/comics/363",
                "name": "Inhumans (2003) #6"
            },
            {
                "id": 15574,
                "resourceURI": "http://gateway.marvel.com/v1/public/comics/15574",
                "name": "Fantastic Four (1998) #52"
            },
            {
                "id": 15573,
                "resourceURI": "http://gateway.marvel.com/v1/public/comics/15573",
                "name": "Fantastic Four (1998) #51"
            },
            {
                "id": 9325,
                "resourceURI": "http://gateway.marvel.com/v1/public/comics/9325",
                "name": "Inhumans (2000) #4"
            },
            {
                "id": 9324,
                "resourceURI": "http://gateway.marvel.com/v1/public/comics/9324",
                "name": "Inhumans (2000) #3"
            },
            {
                "id": 9323,
                "resourceURI": "http://gateway.marvel.com/v1/public/comics/9323",
                "name": "Inhumans (2000) #2"
            },
            {
                "id": 9322,
                "resourceURI": "http://gateway.marvel.com/v1/public/comics/9322",
                "name": "Inhumans (2000) #1"
            },
            {
                "id": 985,
                "resourceURI": "http://gateway.marvel.com/v1/public/comics/985",
                "name": "Inhumans Vol. I (Trade Paperback)"
            },
            {
                "id": 12114,
                "resourceURI": "http://gateway.marvel.com/v1/public/comics/12114",
                "name": "Webspinners: Tales of Spider-Man (1999) #4"
            },
            {
                "id": 15549,
                "resourceURI": "http://gateway.marvel.com/v1/public/comics/15549",
                "name": "Fantastic Four (1998) #3"
            },
            {
                "id": 17755,
                "resourceURI": "http://gateway.marvel.com/v1/public/comics/17755",
                "name": "Avengers (1996) #13"
            },
            {
                "id": 13315,
                "resourceURI": "http://gateway.marvel.com/v1/public/comics/13315",
                "name": "Fantastic Four (1996) #12"
            },
            {
                "id": 13314,
                "resourceURI": "http://gateway.marvel.com/v1/public/comics/13314",
                "name": "Fantastic Four (1996) #11"
            },
            {
                "id": 13313,
                "resourceURI": "http://gateway.marvel.com/v1/public/comics/13313",
                "name": "Fantastic Four (1996) #10"
            },
            {
                "id": 13324,
                "resourceURI": "http://gateway.marvel.com/v1/public/comics/13324",
                "name": "Fantastic Four (1996) #9"
            },
            {
                "id": 13323,
                "resourceURI": "http://gateway.marvel.com/v1/public/comics/13323",
                "name": "Fantastic Four (1996) #8"
            },
            {
                "id": 13200,
                "resourceURI": "http://gateway.marvel.com/v1/public/comics/13200",
                "name": "Fantastic Four (1961) #375"
            },
            {
                "id": 13199,
                "resourceURI": "http://gateway.marvel.com/v1/public/comics/13199",
                "name": "Fantastic Four (1961) #374"
            },
            {
                "id": 13181,
                "resourceURI": "http://gateway.marvel.com/v1/public/comics/13181",
                "name": "Fantastic Four (1961) #358"
            },
            {
                "id": 19787,
                "resourceURI": "http://gateway.marvel.com/v1/public/comics/19787",
                "name": "Marvel Fanfare (1982) #14"
            },
            {
                "id": 16673,
                "resourceURI": "http://gateway.marvel.com/v1/public/comics/16673",
                "name": "Thor Annual (1966) #12"
            },
            {
                "id": 12148,
                "resourceURI": "http://gateway.marvel.com/v1/public/comics/12148",
                "name": "What If? (1977) #34"
            },
            {
                "id": 13051,
                "resourceURI": "http://gateway.marvel.com/v1/public/comics/13051",
                "name": "Fantastic Four (1961) #240"
            },
            {
                "id": 12144,
                "resourceURI": "http://gateway.marvel.com/v1/public/comics/12144",
                "name": "What If? (1977) #30"
            },
            {
                "id": 12142,
                "resourceURI": "http://gateway.marvel.com/v1/public/comics/12142",
                "name": "What If? (1977) #29"
            },
            {
                "id": 14554,
                "resourceURI": "http://gateway.marvel.com/v1/public/comics/14554",
                "name": "Peter Parker, the Spectacular Spider-Man (1976) #11"
            },
            {
                "id": 23246,
                "resourceURI": "http://gateway.marvel.com/v1/public/comics/23246",
                "name": "Amazing Adventures (1970) #10"
            },
            {
                "id": 23283,
                "resourceURI": "http://gateway.marvel.com/v1/public/comics/23283",
                "name": "Amazing Adventures (1970) #9"
            },
            {
                "id": 23282,
                "resourceURI": "http://gateway.marvel.com/v1/public/comics/23282",
                "name": "Amazing Adventures (1970) #8"
            },
            {
                "id": 23281,
                "resourceURI": "http://gateway.marvel.com/v1/public/comics/23281",
                "name": "Amazing Adventures (1970) #7"
            },
            {
                "id": 23280,
                "resourceURI": "http://gateway.marvel.com/v1/public/comics/23280",
                "name": "Amazing Adventures (1970) #6"
            },
            {
                "id": 23279,
                "resourceURI": "http://gateway.marvel.com/v1/public/comics/23279",
                "name": "Amazing Adventures (1970) #5"
            },
            {
                "id": 23278,
                "resourceURI": "http://gateway.marvel.com/v1/public/comics/23278",
                "name": "Amazing Adventures (1970) #4"
            },
            {
                "id": 23267,
                "resourceURI": "http://gateway.marvel.com/v1/public/comics/23267",
                "name": "Amazing Adventures (1970) #3"
            },
            {
                "id": 23256,
                "resourceURI": "http://gateway.marvel.com/v1/public/comics/23256",
                "name": "Amazing Adventures (1970) #2"
            },
            {
                "id": 23245,
                "resourceURI": "http://gateway.marvel.com/v1/public/comics/23245",
                "name": "Amazing Adventures (1970) #1"
            },
            {
                "id": 17073,
                "resourceURI": "http://gateway.marvel.com/v1/public/comics/17073",
                "name": "Sub-Mariner (1968) #2"
            },
            {
                "id": 11480,
                "resourceURI": "http://gateway.marvel.com/v1/public/comics/11480",
                "name": "Thor (1966) #152"
            },
            {
                "id": 11479,
                "resourceURI": "http://gateway.marvel.com/v1/public/comics/11479",
                "name": "Thor (1966) #151"
            },
            {
                "id": 8709,
                "resourceURI": "http://gateway.marvel.com/v1/public/comics/8709",
                "name": "Fantastic Four Annual (1963) #5"
            },
            {
                "id": 13253,
                "resourceURI": "http://gateway.marvel.com/v1/public/comics/13253",
                "name": "Fantastic Four (1961) #48"
            },
            {
                "id": 17191,
                "resourceURI": "http://gateway.marvel.com/v1/public/comics/17191",
                "name": "Inhumans (2003) #4"
            },
            {
                "id": 17188,
                "resourceURI": "http://gateway.marvel.com/v1/public/comics/17188",
                "name": "Inhumans (2003) #1"
            },
            {
                "id": 17190,
                "resourceURI": "http://gateway.marvel.com/v1/public/comics/17190",
                "name": "Inhumans (2003) #3"
            },
            {
                "id": 17192,
                "resourceURI": "http://gateway.marvel.com/v1/public/comics/17192",
                "name": "Inhumans (2003) #5"
            },
            {
                "id": 17189,
                "resourceURI": "http://gateway.marvel.com/v1/public/comics/17189",
                "name": "Inhumans (2003) #2"
            }
        ],
        "returned": 67
    },
    "series": {
        "available": 29,
        "collectionURI": "http://gateway.marvel.com/v1/public/characters/1009365/series",
        "items": [
            {
                "resourceURI": "http://gateway.marvel.com/v1/public/series/6666",
                "name": "Amazing Adventures (1970 - 1976)"
            },
            {
                "resourceURI": "http://gateway.marvel.com/v1/public/series/3621",
                "name": "Avengers (1996 - 1997)"
            },
            {
                "resourceURI": "http://gateway.marvel.com/v1/public/series/1263",
                "name": "Essential Fantastic Four Vol. 4 (2005)"
            },
            {
                "resourceURI": "http://gateway.marvel.com/v1/public/series/1427",
                "name": "Essential Peter Parker, the Spectacular Spider-Man Vol. (2005)"
            },
            {
                "resourceURI": "http://gateway.marvel.com/v1/public/series/421",
                "name": "Fantastic Four (1998 - 2012)"
            },
            {
                "resourceURI": "http://gateway.marvel.com/v1/public/series/2121",
                "name": "Fantastic Four (1961 - 1998)"
            },
            {
                "resourceURI": "http://gateway.marvel.com/v1/public/series/2123",
                "name": "Fantastic Four (1996 - 1997)"
            },
            {
                "resourceURI": "http://gateway.marvel.com/v1/public/series/2012",
                "name": "Fantastic Four Annual (1963 - 1994)"
            },
            {
                "resourceURI": "http://gateway.marvel.com/v1/public/series/2445",
                "name": "Fantastic Four/Inhumans (2007)"
            },
            {
                "resourceURI": "http://gateway.marvel.com/v1/public/series/965",
                "name": "Fantastic Four: The End (2006 - 2007)"
            },
            {
                "resourceURI": "http://gateway.marvel.com/v1/public/series/13440",
                "name": "FF (2010 - 2012)"
            },
            {
                "resourceURI": "http://gateway.marvel.com/v1/public/series/1812",
                "name": "Heroes Reborn: Fantastic Four (2006)"
            },
            {
                "resourceURI": "http://gateway.marvel.com/v1/public/series/2027",
                "name": "Inhumans (2000)"
            },
            {
                "resourceURI": "http://gateway.marvel.com/v1/public/series/637",
                "name": "Inhumans (2003 - 2004)"
            },
            {
                "resourceURI": "http://gateway.marvel.com/v1/public/series/47",
                "name": "Inhumans Vol. I (1999)"
            },
            {
                "resourceURI": "http://gateway.marvel.com/v1/public/series/3719",
                "name": "Marvel Fanfare (1982 - 1992)"
            },
            {
                "resourceURI": "http://gateway.marvel.com/v1/public/series/1346",
                "name": "Marvel Masterworks: The Fantastic Four Vol. 7 (2004)"
            },
            {
                "resourceURI": "http://gateway.marvel.com/v1/public/series/2561",
                "name": "Marvel Masterworks: The Mighty Thor Vol. 6 (2007)"
            },
            {
                "resourceURI": "http://gateway.marvel.com/v1/public/series/6040",
                "name": "Marvel Masterworks: The X-Men Vol. 7 (2008)"
            },
            {
                "resourceURI": "http://gateway.marvel.com/v1/public/series/6041",
                "name": "Marvel Masterworks: The X-Men Vol. 7 (2008)"
            }
        ],
        "returned": 20
    },
    "stories": {
        "available": 75,
        "collectionURI": "http://gateway.marvel.com/v1/public/characters/1009365/stories",
        "items": [
            {
                "resourceURI": "http://gateway.marvel.com/v1/public/stories/1700",
                "name": "Interior #1700",
                "type": "interiorStory"
            },
            {
                "resourceURI": "http://gateway.marvel.com/v1/public/stories/1702",
                "name": "Interior #1702",
                "type": "interiorStory"
            },
            {
                "resourceURI": "http://gateway.marvel.com/v1/public/stories/1704",
                "name": "Interior #1704",
                "type": "interiorStory"
            },
            {
                "resourceURI": "http://gateway.marvel.com/v1/public/stories/1783",
                "name": "Interior #1783",
                "type": "interiorStory"
            },
            {
                "resourceURI": "http://gateway.marvel.com/v1/public/stories/2056",
                "name": "Interior #2056",
                "type": "interiorStory"
            },
            {
                "resourceURI": "http://gateway.marvel.com/v1/public/stories/2163",
                "name": "Interior #2163",
                "type": "interiorStory"
            },
            {
                "resourceURI": "http://gateway.marvel.com/v1/public/stories/2165",
                "name": "Interior #2165",
                "type": "interiorStory"
            },
            {
                "resourceURI": "http://gateway.marvel.com/v1/public/stories/5421",
                "name": "4 of 6 - 6XLS",
                "type": "cover"
            },
            {
                "resourceURI": "http://gateway.marvel.com/v1/public/stories/12743",
                "name": "Cover #12743",
                "type": "cover"
            },
            {
                "resourceURI": "http://gateway.marvel.com/v1/public/stories/13042",
                "name": "[The Inhumans]",
                "type": "pinup"
            },
            {
                "resourceURI": "http://gateway.marvel.com/v1/public/stories/13145",
                "name": "Suddenly ... The Secret Defenders",
                "type": "interiorStory"
            },
            {
                "resourceURI": "http://gateway.marvel.com/v1/public/stories/13151",
                "name": "It's Always Darkest Before the ... DOOM!",
                "type": "interiorStory"
            },
            {
                "resourceURI": "http://gateway.marvel.com/v1/public/stories/13376",
                "name": "The Coming of Galactus!",
                "type": "interiorStory"
            },
            {
                "resourceURI": "http://gateway.marvel.com/v1/public/stories/15356",
                "name": "Divide and Conquer",
                "type": "interiorStory"
            },
            {
                "resourceURI": "http://gateway.marvel.com/v1/public/stories/16576",
                "name": "Inhuman at Large!",
                "type": ""
            },
            {
                "resourceURI": "http://gateway.marvel.com/v1/public/stories/16579",
                "name": "While the City Shrieks!",
                "type": ""
            },
            {
                "resourceURI": "http://gateway.marvel.com/v1/public/stories/20732",
                "name": "\",,,The Search for the Great Refuge!\"",
                "type": "interiorStory"
            },
            {
                "resourceURI": "http://gateway.marvel.com/v1/public/stories/20740",
                "name": "Moving Day!",
                "type": "interiorStory"
            },
            {
                "resourceURI": "http://gateway.marvel.com/v1/public/stories/20769",
                "name": "What if Black Bolt got the Hiccups?",
                "type": "interiorStory"
            },
            {
                "resourceURI": "http://gateway.marvel.com/v1/public/stories/20789",
                "name": "What if  Black Bolt were a Rock Star?",
                "type": "interiorStory"
            }
        ],
        "returned": 20
    },
    "events": {
        "available": 0,
        "collectionURI": "http://gateway.marvel.com/v1/public/characters/1009365/events",
        "items": [],
        "returned": 0
    },
    "urls": [
        {
            "type": "detail",
            "url": "http://marvel.com/comics/characters/1009365/inhumans?utm_campaign=apiRef&utm_source=35410e46c72ea769348ceb6ba8cc90fd"
        },
        {
            "type": "wiki",
            "url": "http://marvel.com/universe/Inhumans?utm_campaign=apiRef&utm_source=35410e46c72ea769348ceb6ba8cc90fd"
        }
    ],
    "wiki": {
        "universe": "[[Marvel Universe]]",
        "home_world": "[[Attilan]], Himalayas, [[Glossary:B#Blue_Area_of_The_Moon|Blue Area of the Moon]]",
        "appearance": "",
        "technology": "",
        "government": "",
        "debut": "As a whole (Fantastic Four #45, 1965)",
        "significant_issues": "Appearance by Medusa (Fantastic Four #36, 1965); Appearance by Gorgon (Fantastic Four # 44, 1965); Origin retold ([[Thor (Thor Odinson)|Thor]] #146-152, 1967-68)",
        "significant_citizens": "[[Black Bolt]], [[Medusa]], [[Karnak]], [[Gorgon (Inhuman)|Gorgon]], [[Triton]], [[Crystal]], [[Maximus|Maximus the Mad]], [[Lockjaw]], [[Seeker]], [[Stallior]], [[Aireo]], [[Leonus]], [[Carthus]]",
        "main_image": "Inhumans.jpg",
        "specieshistory": "At the beginning of the [[Kree-Skrull War]], millions of years ago in Earth time, the alien [[Kree]] established a station on the planet Uranus, a strategic position between the Kree and [[Skrulls|Skrull]] empires. Through their work at this station, they discovered that sentient life on nearby [[Earth]] had genetic potential invested in it by the alien [[Celestials]]. Intrigued, the Kree began to experiment on Earth's then-primitive homo sapiens by splicing Eternals DNA into Cro-Magnons.",
        "categories": [
            "Fantastic Four",
            "Heroes",
            "Cosmic"
        ]
    }
}