{
    "id": 1009544,
    "name": "Risque",
    "description": "",
    "modified": "1969-12-31T19:00:00-0500",
    "thumbnail": {
        "path": "http://i.annihil.us/u/prod/marvel/i/mg/5/f0/4c7c645aa1623",
        "extension": "jpg"
    },
    "resourceURI": "http://gateway.marvel.com/v1/public/characters/1009544",
    "comics": {
        "available": 12,
        "collectionURI": "http://gateway.marvel.com/v1/public/characters/1009544/comics",
        "items": [
            {
                "resourceURI": "http://gateway.marvel.com/v1/public/comics/10880",
                "name": "Spider-Man 2099 (1992) #23"
            },
            {
                "resourceURI": "http://gateway.marvel.com/v1/public/comics/18018",
                "name": "X-Force (1991) #51"
            },
            {
                "resourceURI": "http://gateway.marvel.com/v1/public/comics/18023",
                "name": "X-Force (1991) #56"
            },
            {
                "resourceURI": "http://gateway.marvel.com/v1/public/comics/18024",
                "name": "X-Force (1991) #57"
            },
            {
                "resourceURI": "http://gateway.marvel.com/v1/public/comics/18028",
                "name": "X-Force (1991) #60"
            },
            {
                "resourceURI": "http://gateway.marvel.com/v1/public/comics/18033",
                "name": "X-Force (1991) #65"
            },
            {
                "resourceURI": "http://gateway.marvel.com/v1/public/comics/18037",
                "name": "X-Force (1991) #69"
            },
            {
                "resourceURI": "http://gateway.marvel.com/v1/public/comics/18043",
                "name": "X-Force (1991) #74"
            },
            {
                "resourceURI": "http://gateway.marvel.com/v1/public/comics/18070",
                "name": "X-Force (1991) #99"
            },
            {
                "resourceURI": "http://gateway.marvel.com/v1/public/comics/17944",
                "name": "X-Force (1991) #100"
            },
            {
                "resourceURI": "http://gateway.marvel.com/v1/public/comics/21295",
                "name": "X-Men: The Complete Onslaught Epic Book 2 (Trade Paperback)"
            },
            {
                "resourceURI": "http://gateway.marvel.com/v1/public/comics/17454",
                "name": "X-Men: The Complete Onslaught Epic Vol. 1 TPB (Trade Paperback)"
            }
        ],
        "returned": 12
    },
    "series": {
        "available": 4,
        "collectionURI": "http://gateway.marvel.com/v1/public/characters/1009544/series",
        "items": [
            {
                "resourceURI": "http://gateway.marvel.com/v1/public/series/2070",
                "name": "Spider-Man 2099 (1992 - 1996)"
            },
            {
                "resourceURI": "http://gateway.marvel.com/v1/public/series/3633",
                "name": "X-Force (1991 - 2004)"
            },
            {
                "resourceURI": "http://gateway.marvel.com/v1/public/series/4919",
                "name": "X-Men: The Complete Onslaught Epic Book 2 (2008)"
            },
            {
                "resourceURI": "http://gateway.marvel.com/v1/public/series/3284",
                "name": "X-Men: The Complete Onslaught Epic Vol. 1 TPB (2007)"
            }
        ],
        "returned": 4
    },
    "stories": {
        "available": 10,
        "collectionURI": "http://gateway.marvel.com/v1/public/characters/1009544/stories",
        "items": [
            {
                "resourceURI": "http://gateway.marvel.com/v1/public/stories/24088",
                "name": "No Fury",
                "type": "interiorStory"
            },
            {
                "resourceURI": "http://gateway.marvel.com/v1/public/stories/38170",
                "name": "Dark Cathedral",
                "type": "interiorStory"
            },
            {
                "resourceURI": "http://gateway.marvel.com/v1/public/stories/38316",
                "name": "Reflections in the Night",
                "type": "interiorStory"
            },
            {
                "resourceURI": "http://gateway.marvel.com/v1/public/stories/38326",
                "name": "Crazy For You",
                "type": "interiorStory"
            },
            {
                "resourceURI": "http://gateway.marvel.com/v1/public/stories/38328",
                "name": "In the Company of Strangers Part 2: The Best Laid Plans...",
                "type": "interiorStory"
            },
            {
                "resourceURI": "http://gateway.marvel.com/v1/public/stories/38340",
                "name": "I Know You Are But What Am I",
                "type": "interiorStory"
            },
            {
                "resourceURI": "http://gateway.marvel.com/v1/public/stories/38350",
                "name": "Brutal Youth",
                "type": "cover"
            },
            {
                "resourceURI": "http://gateway.marvel.com/v1/public/stories/38359",
                "name": "Roadside Attractions",
                "type": "interiorStory"
            },
            {
                "resourceURI": "http://gateway.marvel.com/v1/public/stories/38372",
                "name": "Afterlife",
                "type": "interiorStory"
            },
            {
                "resourceURI": "http://gateway.marvel.com/v1/public/stories/38433",
                "name": "Bad Company",
                "type": "interiorStory"
            }
        ],
        "returned": 10
    },
    "events": {
        "available": 1,
        "collectionURI": "http://gateway.marvel.com/v1/public/characters/1009544/events",
        "items": [
            {
                "resourceURI": "http://gateway.marvel.com/v1/public/events/154",
                "name": "Onslaught"
            }
        ],
        "returned": 1
    },
    "urls": [
        {
            "type": "detail",
            "url": "http://marvel.com/comics/characters/1009544/risque?utm_campaign=apiRef&utm_source=35410e46c72ea769348ceb6ba8cc90fd"
        },
        {
            "type": "wiki",
            "url": "http://marvel.com/universe/Risque?utm_campaign=apiRef&utm_source=35410e46c72ea769348ceb6ba8cc90fd"
        }
    ],
    "wiki": {
        "universe": "[[Marvel Universe]]",
        "real_name": "Gloria Dolores Muñoz",
        "identity": "Secret",
        "occupation": "Thief, mercenary",
        "place_of_birth": "Miami, Florida",
        "groups": "Formerly [[X-Corporation]], [[X-Force]] ally",
        "citizenship": "U.S.A.",
        "education": "Unrevealed",
        "aliases": "None",
        "relatives": "Unidentified Cuban father, Seminole mother, brothers, and grandparents",
        "height": "5'7\"",
        "weight": "127 lbs.",
        "eyes": "Brown",
        "hair": "Black",
        "powers": "Risque could implode, compress, and disintegrate inorganic objects.  She could use her powers to project concussive blasts.  Her powers also hinted at low-level telekinesis.",
        "weapons": "None",
        "abilities": "Extremely agile and athletic",
        "paraphernalia": "None",
        "debut": "(In shadow) X-Force #51; (fully) X-Force #55 (1996)",
        "origin": "X-Force #65 (1997)",
        "significant_issues": "Sought out Warpath (X-Force #51, 1996); pulled Warpath away from X-Force's battle with Selene (X-Force #53, 1996); vacationed with Warpath in Florida (X-Force #55, 1996); vs Friends of Humanity (X-Force #56, 1996); confronted by Blob & Mimic in South Beach (X-Force #60, 1996); vs Blob & Mimic at nightclub, sedated Warpath (X-Force #65, 1997); evaded X-Force in Wackyworld, helped Caliban, left by Warpath (X-Force #66, 1997); tracked Warpath to Detroit, confronted Sledge (X-Force #69, 1997); impersonated by Pele (X-Force #81, 1998); alongside X-Force, vs Demon Bear, traveled to alternate reality with Warpath, helped defeat alternate Moonstar (X-Force #99-100, 2000); revealed to have joined X-Corporation, reportedly murdered by U-Men (New X-Men 2001 Annual, 2001); return (X-Force #21, 2009)",
        "main_image": "Risque HD.jpg",
        "bio_text": "Risque left her broken home at a young age but quickly found herself in trouble.  A man named [[Sledge]] helped her in exchange for the capture of [[X-Force]] member [[Warpath]].  Risque began a romantic affair with the mutant in hopes of luring him back to her employer.  Despite developing genuine feelings for Warpath, she drugged him and delivered him to Sledge.",
        "bio": "Risque left her broken home at a young age but quickly found herself in trouble.  A man named [[Sledge]] helped her in exchange for the capture of [[X-Force]] member [[Warpath]].  Risque began a romantic affair with the mutant in hopes of luring him back to her employer.  Despite developing genuine feelings for Warpath, she drugged him and delivered him to Sledge.\n\n[[X-Force]], led by a jealous [[Siryn]], hunted Risque down to an amusement park called Wackyworld.  She nearly successfully evaded the group, but she reluctantly aided X-Force's Caliban when he seemed to suffer from a nervous system attack and was eventually captured.  Risque then led the group to Warpath's, who angrily rejected Risque upon the discovery of her deceptive ways.  Risque subsequently checked on Warpath, but he was on a mission for Sledge.  Later, Risque teamed with the Vanisher to steal the Heart of Pele, a sacred jewel, in Hawaii.  Risque was then impersonated by the goddess Pele, but the true Risque was discovered and reunited with X-Force, who no longer seemed to bear hard feelings on the troublesome mutant.\n\nRisque aided X-Force several other times, including battles against the ethereal Demon Bear where Risque and Warpath finally had a chance to reunite.\n\nRisque later joined X-Corporation, an international version of the X-Men created by Charles Xavier.  Stationed in Hong Kong alongside former X-Force member [[Domino (Neena Thurman)|Domino]], Risque was killed shortly after joining when the [[U-Men]] murdered her after she attempted to stop the selling of mutant body parts to be transplanted into regular humans. \n\nRecently, Risque was revived with an alien techno organic virus.",
        "categories": [
            "X-Men",
            "Mutants",
            "Heroes"
        ]
    }
}