{
    "id": 1009345,
    "name": "Hitman",
    "description": "",
    "modified": "1969-12-31T19:00:00-0500",
    "thumbnail": {
        "path": "http://i.annihil.us/u/prod/marvel/i/mg/b/40/image_not_available",
        "extension": "jpg"
    },
    "resourceURI": "http://gateway.marvel.com/v1/public/characters/1009345",
    "comics": {
        "available": 2,
        "collectionURI": "http://gateway.marvel.com/v1/public/characters/1009345/comics",
        "items": [
            {
                "resourceURI": "http://gateway.marvel.com/v1/public/comics/6565",
                "name": "Amazing Spider-Man (1963) #174"
            },
            {
                "resourceURI": "http://gateway.marvel.com/v1/public/comics/6566",
                "name": "Amazing Spider-Man (1963) #175"
            }
        ],
        "returned": 2
    },
    "series": {
        "available": 1,
        "collectionURI": "http://gateway.marvel.com/v1/public/characters/1009345/series",
        "items": [
            {
                "resourceURI": "http://gateway.marvel.com/v1/public/series/1987",
                "name": "Amazing Spider-Man (1963 - 1998)"
            }
        ],
        "returned": 1
    },
    "stories": {
        "available": 2,
        "collectionURI": "http://gateway.marvel.com/v1/public/characters/1009345/stories",
        "items": [
            {
                "resourceURI": "http://gateway.marvel.com/v1/public/stories/13707",
                "name": "Cover #13707",
                "type": "cover"
            },
            {
                "resourceURI": "http://gateway.marvel.com/v1/public/stories/13709",
                "name": "Vengeance of the Hitman!",
                "type": "cover"
            }
        ],
        "returned": 2
    },
    "events": {
        "available": 0,
        "collectionURI": "http://gateway.marvel.com/v1/public/characters/1009345/events",
        "items": [],
        "returned": 0
    },
    "urls": [
        {
            "type": "detail",
            "url": "http://marvel.com/comics/characters/1009345/hitman?utm_campaign=apiRef&utm_source=35410e46c72ea769348ceb6ba8cc90fd"
        }
    ]
}