{
    "id": 1009377,
    "name": "Gabe Jones",
    "description": "",
    "modified": "1969-12-31T19:00:00-0500",
    "thumbnail": {
        "path": "http://i.annihil.us/u/prod/marvel/i/mg/5/f0/4ce5a0155d904",
        "extension": "jpg"
    },
    "resourceURI": "http://gateway.marvel.com/v1/public/characters/1009377",
    "comics": {
        "available": 0,
        "collectionURI": "http://gateway.marvel.com/v1/public/characters/1009377/comics",
        "items": [],
        "returned": 0
    },
    "series": {
        "available": 0,
        "collectionURI": "http://gateway.marvel.com/v1/public/characters/1009377/series",
        "items": [],
        "returned": 0
    },
    "stories": {
        "available": 0,
        "collectionURI": "http://gateway.marvel.com/v1/public/characters/1009377/stories",
        "items": [],
        "returned": 0
    },
    "events": {
        "available": 0,
        "collectionURI": "http://gateway.marvel.com/v1/public/characters/1009377/events",
        "items": [],
        "returned": 0
    },
    "urls": [
        {
            "type": "detail",
            "url": "http://marvel.com/comics/characters/1009377/gabe_jones?utm_campaign=apiRef&utm_source=35410e46c72ea769348ceb6ba8cc90fd"
        }
    ]
}