{
    "id": 1009570,
    "name": "Sentinel",
    "description": "",
    "modified": "2011-10-21T12:56:02-0400",
    "thumbnail": {
        "path": "http://i.annihil.us/u/prod/marvel/i/mg/6/60/4ce5a159e5082",
        "extension": "jpg"
    },
    "resourceURI": "http://gateway.marvel.com/v1/public/characters/1009570",
    "comics": {
        "available": 52,
        "collectionURI": "http://gateway.marvel.com/v1/public/characters/1009570/comics",
        "items": [
            {
                "id": 41937,
                "resourceURI": "http://gateway.marvel.com/v1/public/comics/41937",
                "name": "X-Men: Schism (2011) #5 (X Printing Variant)"
            },
            {
                "id": 38971,
                "resourceURI": "http://gateway.marvel.com/v1/public/comics/38971",
                "name": "X-Men: Schism (2011) #5"
            },
            {
                "id": 40068,
                "resourceURI": "http://gateway.marvel.com/v1/public/comics/40068",
                "name": "X-Men: Schism (2011) #5 (Cho Variant)"
            },
            {
                "id": 40065,
                "resourceURI": "http://gateway.marvel.com/v1/public/comics/40065",
                "name": "X-Men: Schism (2011) #2 (Cho Variant)"
            },
            {
                "id": 21813,
                "resourceURI": "http://gateway.marvel.com/v1/public/comics/21813",
                "name": "X-Men: The Complete Onslaught Epic Book 3 (Trade Paperback)"
            },
            {
                "id": 21618,
                "resourceURI": "http://gateway.marvel.com/v1/public/comics/21618",
                "name": "X-Men: Endangered Species (Trade Paperback)"
            },
            {
                "id": 17454,
                "resourceURI": "http://gateway.marvel.com/v1/public/comics/17454",
                "name": "X-Men: The Complete Onslaught Epic Vol. 1 TPB (Trade Paperback)"
            },
            {
                "id": 15801,
                "resourceURI": "http://gateway.marvel.com/v1/public/comics/15801",
                "name": "X-Men (2004) #200 (Humberto Ramos Wraparound Variant)"
            },
            {
                "id": 15802,
                "resourceURI": "http://gateway.marvel.com/v1/public/comics/15802",
                "name": "X-Men (2004) #200 (David Finch Gatefold Variant)"
            },
            {
                "id": 15800,
                "resourceURI": "http://gateway.marvel.com/v1/public/comics/15800",
                "name": "X-Men (2004) #200"
            },
            {
                "id": 5785,
                "resourceURI": "http://gateway.marvel.com/v1/public/comics/5785",
                "name": "Champions Classic Vol. 2 (Trade Paperback)"
            },
            {
                "id": 4759,
                "resourceURI": "http://gateway.marvel.com/v1/public/comics/4759",
                "name": "Decimation: X-Men - The 198 (Trade Paperback)"
            },
            {
                "id": 4247,
                "resourceURI": "http://gateway.marvel.com/v1/public/comics/4247",
                "name": "Uncanny X-Men - The New Age Vol. 4: End of Greys (Trade Paperback)"
            },
            {
                "id": 4157,
                "resourceURI": "http://gateway.marvel.com/v1/public/comics/4157",
                "name": "Sentinel Vol. 3: Past Imperfect (Digest)"
            },
            {
                "id": 4072,
                "resourceURI": "http://gateway.marvel.com/v1/public/comics/4072",
                "name": "Decimation: X-Men the Day After (Trade Paperback)"
            },
            {
                "id": 3995,
                "resourceURI": "http://gateway.marvel.com/v1/public/comics/3995",
                "name": "X-Men: Mutant Genesis (Trade Paperback)"
            },
            {
                "id": 3914,
                "resourceURI": "http://gateway.marvel.com/v1/public/comics/3914",
                "name": "Sentinel (2006) #5"
            },
            {
                "id": 3542,
                "resourceURI": "http://gateway.marvel.com/v1/public/comics/3542",
                "name": "X-Men: The 198 (2006) #2"
            },
            {
                "id": 3508,
                "resourceURI": "http://gateway.marvel.com/v1/public/comics/3508",
                "name": "Sentinel (2006) #4"
            },
            {
                "id": 3479,
                "resourceURI": "http://gateway.marvel.com/v1/public/comics/3479",
                "name": "Uncanny X-Men (1963) #469"
            },
            {
                "id": 3396,
                "resourceURI": "http://gateway.marvel.com/v1/public/comics/3396",
                "name": "Sentinel (2006) #3"
            },
            {
                "id": 3190,
                "resourceURI": "http://gateway.marvel.com/v1/public/comics/3190",
                "name": "Sentinel (2006) #2"
            },
            {
                "id": 3028,
                "resourceURI": "http://gateway.marvel.com/v1/public/comics/3028",
                "name": "X-Men (2004) #178"
            },
            {
                "id": 3085,
                "resourceURI": "http://gateway.marvel.com/v1/public/comics/3085",
                "name": "Sentinel (2006) #1"
            },
            {
                "id": 2521,
                "resourceURI": "http://gateway.marvel.com/v1/public/comics/2521",
                "name": "Wolverine (2003) #34"
            },
            {
                "id": 2221,
                "resourceURI": "http://gateway.marvel.com/v1/public/comics/2221",
                "name": "New X-Men (2004) #16"
            },
            {
                "id": 2198,
                "resourceURI": "http://gateway.marvel.com/v1/public/comics/2198",
                "name": "House of M (2005) #3"
            },
            {
                "id": 1903,
                "resourceURI": "http://gateway.marvel.com/v1/public/comics/1903",
                "name": "Marvel Visionaries: Steve Ditko (Hardcover)"
            },
            {
                "id": 1344,
                "resourceURI": "http://gateway.marvel.com/v1/public/comics/1344",
                "name": "Sentinel Vol. 2: No Hero (Digest)"
            },
            {
                "id": 1332,
                "resourceURI": "http://gateway.marvel.com/v1/public/comics/1332",
                "name": "X-Men: Days of Future Past (Trade Paperback)"
            },
            {
                "id": 1274,
                "resourceURI": "http://gateway.marvel.com/v1/public/comics/1274",
                "name": "Sentinel Vol. 1: Salvage (Digest)"
            },
            {
                "id": 101,
                "resourceURI": "http://gateway.marvel.com/v1/public/comics/101",
                "name": "Sentinel (2003) #12"
            },
            {
                "id": 102,
                "resourceURI": "http://gateway.marvel.com/v1/public/comics/102",
                "name": "Sentinel (2003) #11"
            },
            {
                "id": 103,
                "resourceURI": "http://gateway.marvel.com/v1/public/comics/103",
                "name": "Sentinel (2003) #10"
            },
            {
                "id": 98,
                "resourceURI": "http://gateway.marvel.com/v1/public/comics/98",
                "name": "Sentinel (2003) #9"
            },
            {
                "id": 99,
                "resourceURI": "http://gateway.marvel.com/v1/public/comics/99",
                "name": "Sentinel (2003) #8"
            },
            {
                "id": 100,
                "resourceURI": "http://gateway.marvel.com/v1/public/comics/100",
                "name": "Sentinel (2003) #7"
            },
            {
                "id": 9586,
                "resourceURI": "http://gateway.marvel.com/v1/public/comics/9586",
                "name": "Iron Man (1968) #332"
            },
            {
                "id": 13877,
                "resourceURI": "http://gateway.marvel.com/v1/public/comics/13877",
                "name": "Uncanny X-Men (1963) #336"
            },
            {
                "id": 14346,
                "resourceURI": "http://gateway.marvel.com/v1/public/comics/14346",
                "name": "X-Men (1991) #56"
            },
            {
                "id": 20767,
                "resourceURI": "http://gateway.marvel.com/v1/public/comics/20767",
                "name": "Onslaught: X-Men (1996) #1"
            },
            {
                "id": 12194,
                "resourceURI": "http://gateway.marvel.com/v1/public/comics/12194",
                "name": "X-Factor (1986) #117"
            },
            {
                "id": 14200,
                "resourceURI": "http://gateway.marvel.com/v1/public/comics/14200",
                "name": "Wolverine (1988) #77"
            },
            {
                "id": 14197,
                "resourceURI": "http://gateway.marvel.com/v1/public/comics/14197",
                "name": "Wolverine (1988) #74"
            },
            {
                "id": 14195,
                "resourceURI": "http://gateway.marvel.com/v1/public/comics/14195",
                "name": "Wolverine (1988) #72"
            },
            {
                "id": 14302,
                "resourceURI": "http://gateway.marvel.com/v1/public/comics/14302",
                "name": "X-Men (1991) #16"
            },
            {
                "id": 15524,
                "resourceURI": "http://gateway.marvel.com/v1/public/comics/15524",
                "name": "Marvel Super-Heroes (1992) #8"
            },
            {
                "id": 14281,
                "resourceURI": "http://gateway.marvel.com/v1/public/comics/14281",
                "name": "X-Men (1991) #1"
            },
            {
                "id": 20605,
                "resourceURI": "http://gateway.marvel.com/v1/public/comics/20605",
                "name": "Classic X-Men (1986) #7"
            },
            {
                "id": 20604,
                "resourceURI": "http://gateway.marvel.com/v1/public/comics/20604",
                "name": "Classic X-Men (1986) #6"
            },
            {
                "id": 13683,
                "resourceURI": "http://gateway.marvel.com/v1/public/comics/13683",
                "name": "Uncanny X-Men (1963) #142"
            },
            {
                "id": 14620,
                "resourceURI": "http://gateway.marvel.com/v1/public/comics/14620",
                "name": "Peter Parker, the Spectacular Spider-Man (1976) #17"
            }
        ],
        "returned": 52
    },
    "series": {
        "available": 30,
        "collectionURI": "http://gateway.marvel.com/v1/public/characters/1009570/series",
        "items": [
            {
                "resourceURI": "http://gateway.marvel.com/v1/public/series/1721",
                "name": "Champions Classic Vol. 2 (2007)"
            },
            {
                "resourceURI": "http://gateway.marvel.com/v1/public/series/3751",
                "name": "Classic X-Men (1986 - 1990)"
            },
            {
                "resourceURI": "http://gateway.marvel.com/v1/public/series/1649",
                "name": "Decimation: X-Men - The 198 (2006)"
            },
            {
                "resourceURI": "http://gateway.marvel.com/v1/public/series/1643",
                "name": "Decimation: X-Men the Day After (2006)"
            },
            {
                "resourceURI": "http://gateway.marvel.com/v1/public/series/855",
                "name": "House of M (2005)"
            },
            {
                "resourceURI": "http://gateway.marvel.com/v1/public/series/2029",
                "name": "Iron Man (1968 - 1996)"
            },
            {
                "resourceURI": "http://gateway.marvel.com/v1/public/series/2301",
                "name": "Marvel Super-Heroes (1992 - 1993)"
            },
            {
                "resourceURI": "http://gateway.marvel.com/v1/public/series/1504",
                "name": "Marvel Visionaries: Steve Ditko (2005)"
            },
            {
                "resourceURI": "http://gateway.marvel.com/v1/public/series/749",
                "name": "New X-Men (2004 - 2008)"
            },
            {
                "resourceURI": "http://gateway.marvel.com/v1/public/series/3900",
                "name": "Onslaught: X-Men (1996)"
            },
            {
                "resourceURI": "http://gateway.marvel.com/v1/public/series/2271",
                "name": "Peter Parker, the Spectacular Spider-Man (1976 - 1998)"
            },
            {
                "resourceURI": "http://gateway.marvel.com/v1/public/series/956",
                "name": "Sentinel (2006)"
            },
            {
                "resourceURI": "http://gateway.marvel.com/v1/public/series/480",
                "name": "Sentinel (2003 - 2004)"
            },
            {
                "resourceURI": "http://gateway.marvel.com/v1/public/series/328",
                "name": "Sentinel Vol. 1: Salvage (2004)"
            },
            {
                "resourceURI": "http://gateway.marvel.com/v1/public/series/1205",
                "name": "Sentinel Vol. 2: No Hero (2004)"
            },
            {
                "resourceURI": "http://gateway.marvel.com/v1/public/series/1610",
                "name": "Sentinel Vol. 3: Past Imperfect (2006)"
            },
            {
                "resourceURI": "http://gateway.marvel.com/v1/public/series/2258",
                "name": "Uncanny X-Men (1963 - 2011)"
            },
            {
                "resourceURI": "http://gateway.marvel.com/v1/public/series/1413",
                "name": "Uncanny X-Men - The New Age Vol. 4: End of Greys (2006)"
            },
            {
                "resourceURI": "http://gateway.marvel.com/v1/public/series/632",
                "name": "Wolverine (2003 - 2009)"
            },
            {
                "resourceURI": "http://gateway.marvel.com/v1/public/series/2262",
                "name": "Wolverine (1988 - 2003)"
            }
        ],
        "returned": 20
    },
    "stories": {
        "available": 39,
        "collectionURI": "http://gateway.marvel.com/v1/public/characters/1009570/stories",
        "items": [
            {
                "resourceURI": "http://gateway.marvel.com/v1/public/stories/652",
                "name": "2 of 3 - House of Broken Dreams",
                "type": "cover"
            },
            {
                "resourceURI": "http://gateway.marvel.com/v1/public/stories/764",
                "name": "1 of 3 -",
                "type": "cover"
            },
            {
                "resourceURI": "http://gateway.marvel.com/v1/public/stories/1206",
                "name": "Interior #1206",
                "type": "interiorStory"
            },
            {
                "resourceURI": "http://gateway.marvel.com/v1/public/stories/1489",
                "name": "Interior #1489",
                "type": "interiorStory"
            },
            {
                "resourceURI": "http://gateway.marvel.com/v1/public/stories/1640",
                "name": "Interior #1640",
                "type": "interiorStory"
            },
            {
                "resourceURI": "http://gateway.marvel.com/v1/public/stories/1658",
                "name": "Interior #1658",
                "type": "interiorStory"
            },
            {
                "resourceURI": "http://gateway.marvel.com/v1/public/stories/2067",
                "name": "Interior #2067",
                "type": "interiorStory"
            },
            {
                "resourceURI": "http://gateway.marvel.com/v1/public/stories/2210",
                "name": "2 of 3 - House of M",
                "type": "cover"
            },
            {
                "resourceURI": "http://gateway.marvel.com/v1/public/stories/2319",
                "name": "Interior #2319",
                "type": "interiorStory"
            },
            {
                "resourceURI": "http://gateway.marvel.com/v1/public/stories/3385",
                "name": "1 of 4- House of M",
                "type": "cover"
            },
            {
                "resourceURI": "http://gateway.marvel.com/v1/public/stories/4478",
                "name": "3 of 8 XLS",
                "type": "cover"
            },
            {
                "resourceURI": "http://gateway.marvel.com/v1/public/stories/5344",
                "name": "1 of 5 - 5XLS",
                "type": "interiorStory"
            },
            {
                "resourceURI": "http://gateway.marvel.com/v1/public/stories/5346",
                "name": "2 of 5 - 5XLS",
                "type": "interiorStory"
            },
            {
                "resourceURI": "http://gateway.marvel.com/v1/public/stories/5348",
                "name": "3 of 5 - 5XLS - Run",
                "type": "interiorStory"
            },
            {
                "resourceURI": "http://gateway.marvel.com/v1/public/stories/5350",
                "name": "4 of 5 - 5XLS - Run",
                "type": "interiorStory"
            },
            {
                "resourceURI": "http://gateway.marvel.com/v1/public/stories/5352",
                "name": "5 of 5 - 5XLS - Run",
                "type": "interiorStory"
            },
            {
                "resourceURI": "http://gateway.marvel.com/v1/public/stories/5546",
                "name": "2 of 5 XLS",
                "type": "cover"
            },
            {
                "resourceURI": "http://gateway.marvel.com/v1/public/stories/19650",
                "name": "Sentinels Ascendant",
                "type": "cover"
            },
            {
                "resourceURI": "http://gateway.marvel.com/v1/public/stories/22127",
                "name": "Prelate Rising",
                "type": "cover"
            },
            {
                "resourceURI": "http://gateway.marvel.com/v1/public/stories/27787",
                "name": "Cover #27787",
                "type": "cover"
            }
        ],
        "returned": 20
    },
    "events": {
        "available": 4,
        "collectionURI": "http://gateway.marvel.com/v1/public/characters/1009570/events",
        "items": [
            {
                "resourceURI": "http://gateway.marvel.com/v1/public/events/251",
                "name": "House of M"
            },
            {
                "resourceURI": "http://gateway.marvel.com/v1/public/events/299",
                "name": "Messiah CompleX"
            },
            {
                "resourceURI": "http://gateway.marvel.com/v1/public/events/154",
                "name": "Onslaught"
            },
            {
                "resourceURI": "http://gateway.marvel.com/v1/public/events/306",
                "name": "X-Men: Schism"
            }
        ],
        "returned": 4
    },
    "urls": [
        {
            "type": "detail",
            "url": "http://marvel.com/comics/characters/1009570/sentinel?utm_campaign=apiRef&utm_source=35410e46c72ea769348ceb6ba8cc90fd"
        }
    ]
}