{
    "id": 1009360,
    "name": "Hydro-Man",
    "description": "",
    "modified": "1969-12-31T19:00:00-0500",
    "thumbnail": {
        "path": "http://i.annihil.us/u/prod/marvel/i/mg/4/f0/4c003ec140c31",
        "extension": "jpg"
    },
    "resourceURI": "http://gateway.marvel.com/v1/public/characters/1009360",
    "comics": {
        "available": 4,
        "collectionURI": "http://gateway.marvel.com/v1/public/characters/1009360/comics",
        "items": [
            {
                "resourceURI": "http://gateway.marvel.com/v1/public/comics/13146",
                "name": "Fantastic Four (1961) #326"
            },
            {
                "resourceURI": "http://gateway.marvel.com/v1/public/comics/13147",
                "name": "Fantastic Four (1961) #327"
            },
            {
                "resourceURI": "http://gateway.marvel.com/v1/public/comics/13148",
                "name": "Fantastic Four (1961) #328"
            },
            {
                "resourceURI": "http://gateway.marvel.com/v1/public/comics/13154",
                "name": "Fantastic Four (1961) #333"
            }
        ],
        "returned": 4
    },
    "series": {
        "available": 1,
        "collectionURI": "http://gateway.marvel.com/v1/public/characters/1009360/series",
        "items": [
            {
                "resourceURI": "http://gateway.marvel.com/v1/public/series/2121",
                "name": "Fantastic Four (1961 - 1998)"
            }
        ],
        "returned": 1
    },
    "stories": {
        "available": 6,
        "collectionURI": "http://gateway.marvel.com/v1/public/characters/1009360/stories",
        "items": [
            {
                "resourceURI": "http://gateway.marvel.com/v1/public/stories/12941",
                "name": "Cover #12941",
                "type": "cover"
            },
            {
                "resourceURI": "http://gateway.marvel.com/v1/public/stories/12942",
                "name": "The Illusion",
                "type": "interiorStory"
            },
            {
                "resourceURI": "http://gateway.marvel.com/v1/public/stories/12943",
                "name": "The Thing…No More!",
                "type": "cover"
            },
            {
                "resourceURI": "http://gateway.marvel.com/v1/public/stories/12944",
                "name": "Why?!!",
                "type": "interiorStory"
            },
            {
                "resourceURI": "http://gateway.marvel.com/v1/public/stories/12945",
                "name": "What Can One Man Do?",
                "type": "cover"
            },
            {
                "resourceURI": "http://gateway.marvel.com/v1/public/stories/12958",
                "name": "The Dream is Dead Part Two",
                "type": "interiorStory"
            }
        ],
        "returned": 6
    },
    "events": {
        "available": 0,
        "collectionURI": "http://gateway.marvel.com/v1/public/characters/1009360/events",
        "items": [],
        "returned": 0
    },
    "urls": [
        {
            "type": "detail",
            "url": "http://marvel.com/comics/characters/1009360/hydro-man?utm_campaign=apiRef&utm_source=35410e46c72ea769348ceb6ba8cc90fd"
        },
        {
            "type": "wiki",
            "url": "http://marvel.com/universe/Hydro-Man?utm_campaign=apiRef&utm_source=35410e46c72ea769348ceb6ba8cc90fd"
        }
    ],
    "wiki": {
        "universe": "[[Marvel Universe]]",
        "real_name": "Morris Bench",
        "aliases": "Morrie, Mud-Thing",
        "identity": "Known to the authorities",
        "occupation": "Professional criminal; former water park employee, cargo ship crewman",
        "citizenship": "U.S.A. with a criminal record",
        "place_of_birth": "Bronx, New York",
        "relatives": "None",
        "groups": "(Formerly) [[Sinister Twelve]], [[Frightful Four]], [[Masters of Evil]], [[Sinister Syndicate]], [[Assembly of Evil]]; Former agent of [[Hammer, Justin|Justin Hammer]]",
        "education": "Unrevealed",
        "height": "6'2\"",
        "weight": "265 lbs.",
        "eyes": "Brown",
        "hair": "Light brown",
        "powers": "Hydro-Man can transform himself wholly or partially into a water-like liquid substance, the particles of which he can mentally animate and manipulate at will. By generating force from within this fluid, he can emit high-pressure water blasts like a fire hose. Bench mentally controls every drop of his bodily liquid; his watery form will gradually reintegrate if it has been vaporized or otherwise dispersed. He can merge with or absorb ordinary, existing water in his environment, often using it to increase his mass and volume. Bench's strength is slightly enhanced by his abnormal physiology. Recent alterations of his powers by the Wizard have enabled Bench to mentally manipulate water sources outside his own body, and have given him a finer degree of control over his own fluid form. However, the Wizard also intentionally weakened Bench's molecular cohesion, and developed a device enabling him to reduce Bench to an inert mass of liquid if necessary, ensuring Hydro-Man's loyalty.",
        "debut": "Amazing Spider-Man #212 (1981)",
        "main_image": "Hydro442.jpeg",
        "bio_text": "Cargo ship crewman Morrie Bench was accidentally knocked overboard by [[Spider-Man (Peter Parker)|Spider-Man]] (who was battling [[Sub-Mariner]]) during the testing of a powerful new experimental underwater generator, the energies of which combined with gases from undersea volcanoes to trigger a weird mutation in Bench, who began to transform into living water. Physically and emotionally unstable, Bench dubbed himself Hydro-Man and soon attacked Spider-Man, but he evaporated after Spider-Man scattered his liquid form amidst the hot sunshine of the New York rooftops; however, the particles of Bench's body soon reintegrated, and he embarked on a long criminal career.",
        "bio": "Cargo ship crewman Morrie Bench was accidentally knocked overboard by [[Spider-Man (Peter Parker)|Spider-Man]] (who was battling [[Sub-Mariner]]) during the testing of a powerful new experimental underwater generator, the energies of which combined with gases from undersea volcanoes to trigger a weird mutation in Bench, who began to transform into living water. Physically and emotionally unstable, Bench dubbed himself Hydro-Man and soon attacked Spider-Man, but he evaporated after Spider-Man scattered his liquid form amidst the hot sunshine of the New York rooftops; however, the particles of Bench's body soon reintegrated, and he embarked on a long criminal career. \n\nWhen Bench and rival criminal [[Sandman (William Baker)|Sandman]] fought over the affections of barfly Sadie Frickett, the two men accidentally merged into a monstrous \"mud-thing\" that the police were ultimately forced to dehydrate into seemingly inert rubble.[[image: Hydro man .JPG|thumb|200px|left]] Hydro-Man and Sandman eventually managed to separate back into their original forms, but both were humiliated and traumatized by the experience. Sandman was so shaken that he went straight for years (until the [[Wizard]] brainwashed him into returning to crime), while Hydro-Man did most of his criminal work in groups from that point on, perhaps seeking safety in numbers. \n\nBoth alone and as a member of teams like the [[Sinister Syndicate]], the [[Frightful Four]] and the Assembly of Evil, Bench fought a wide array of foes such as [[Silver Sable]], Sandman, the [[Fantastic Four]], [[Cloak]] & [[Dagger]], the [[Avengers]], the [[New Warriors]], [[Thunderstrike]], the [[Thunderbolts]], [[Gambit]] and [[Black Panther (T'Challa)|Black Panther]], but most often clashed with Spider-Man. Hydro-Man was one of many super-criminals employed by corrupt billionaire Justin Hammer for a time, and later served in the [[Masters of Evil]] assembled by Hammer's daughter Justine, alias the Crimson Cowl; however, after Justine's arrest and the apparent death of Justin, Hammer Industries phased out its criminal enterprises and Bench, along with fellow employee the Shocker, was laid off. The Shocker and Hydro-Man then teamed up for one last crime, seeking enough money to retire, but Hydro-Man's thirst for revenge against Spider-Man led to their defeat. Trying and failing to go straight, Bench was recruited back into the Wizard's Frightful Four and, more recently, the [[Sinister Twelve]].",
        "categories": [
            "Villains",
            "Fantastic_Four",
            "Spider-Man",
            "Spider-Man Villains"
        ]
    }
}