{
    "id": 1009689,
    "name": "Vanisher (Ultimate)",
    "description": "Vanisher is a mutant with the power to teleport himself and possibly others across an undefined amount of distance who was recruited by Magneto into his Brotherhood of Mutants.",
    "modified": "1969-12-31T19:00:00-0500",
    "thumbnail": {
        "path": "http://i.annihil.us/u/prod/marvel/i/mg/b/40/image_not_available",
        "extension": "jpg"
    },
    "resourceURI": "http://gateway.marvel.com/v1/public/characters/1009689",
    "comics": {
        "available": 3,
        "collectionURI": "http://gateway.marvel.com/v1/public/characters/1009689/comics",
        "items": [
            {
                "resourceURI": "http://gateway.marvel.com/v1/public/comics/18474",
                "name": "Ultimate War (2003) #1"
            },
            {
                "resourceURI": "http://gateway.marvel.com/v1/public/comics/1158",
                "name": "Ultimate X-Men Vol. 5: Ultimate War (Trade Paperback)"
            },
            {
                "resourceURI": "http://gateway.marvel.com/v1/public/comics/13949",
                "name": "Uncanny X-Men (1963) #408"
            }
        ],
        "returned": 3
    },
    "series": {
        "available": 3,
        "collectionURI": "http://gateway.marvel.com/v1/public/characters/1009689/series",
        "items": [
            {
                "resourceURI": "http://gateway.marvel.com/v1/public/series/3659",
                "name": "Ultimate War (2003)"
            },
            {
                "resourceURI": "http://gateway.marvel.com/v1/public/series/216",
                "name": "Ultimate X-Men Vol. 5: Ultimate War (1999)"
            },
            {
                "resourceURI": "http://gateway.marvel.com/v1/public/series/2258",
                "name": "Uncanny X-Men (1963 - 2011)"
            }
        ],
        "returned": 3
    },
    "stories": {
        "available": 2,
        "collectionURI": "http://gateway.marvel.com/v1/public/characters/1009689/stories",
        "items": [
            {
                "resourceURI": "http://gateway.marvel.com/v1/public/stories/28365",
                "name": "Identity Crisis",
                "type": "interiorStory"
            },
            {
                "resourceURI": "http://gateway.marvel.com/v1/public/stories/39348",
                "name": "Interior #39348",
                "type": "interiorStory"
            }
        ],
        "returned": 2
    },
    "events": {
        "available": 0,
        "collectionURI": "http://gateway.marvel.com/v1/public/characters/1009689/events",
        "items": [],
        "returned": 0
    },
    "urls": [
        {
            "type": "detail",
            "url": "http://marvel.com/comics/characters/1009689/vanisher_ultimate?utm_campaign=apiRef&utm_source=35410e46c72ea769348ceb6ba8cc90fd"
        },
        {
            "type": "wiki",
            "url": "http://marvel.com/universe/Vanisher_%28Ultimate%29?utm_campaign=apiRef&utm_source=35410e46c72ea769348ceb6ba8cc90fd"
        }
    ],
    "wiki": {
        "universe": "[[Ultimate]]",
        "real_name": "Unrevealed",
        "aliases": "None",
        "identity": "Secret",
        "occupation": "Terrorist",
        "citizenship": "Unrevealed",
        "place_of_birth": "Unrevealed",
        "relatives": "None",
        "groups": "Formerly [[Brotherhood of Mutants (Ultimate)|Brotherhood of Mutants]]",
        "education": "Unrevealed",
        "height": "Unrevealed",
        "weight": "Unrevealed",
        "eyes": "Unrevealed",
        "hair": "None",
        "powers": "Vanisher is a mutant with the power to teleport himself and possibly others across and unknown amount of distance.",
        "abilities": "",
        "weapons": "",
        "paraphernalia": "",
        "debut": "Ultimate War #1",
        "origin": "",
        "significant_issues": "Ultimate War #1",
        "main_image": "image_not_available.gif",
        "bio_text": "Vanisher is a mutant with the power to teleport himself and possibly others across an undefined amount of distance. [[Magneto (Ultimate)|Magneto]] recognized his talent and offered him to join witht he [[Brotherhood of Mutants (Ultimate)|Brotherhood of Mutants]]. Vanisher accepted and was sent to New York where the Brotherhood managed to blow up the Brooklyn Bridge. He then along with [[Hard-Drive (Ultimate)|Hard-Drive]]'s help managed to teleport the Brotherhood from New York to an undisclosed location outside the city. While watching a report on the news about their terrorist act [[Captain America (Ultimate)|Captain America]] and the [[Ultimates]] attacked the Brotherhood and managed to capture most of them. Vanisher however managed to escape until he was beaten into submission by the [[Black Widow (Ultimate)|Black Widow]]. He was then taken into custody along with his fellow Brotherhood members. His current whereabouts are unknown.",
        "bio": "Vanisher is a mutant with the power to teleport himself and possibly others across an undefined amount of distance. [[Magneto (Ultimate)|Magneto]] recognized his talent and offered him to join witht he [[Brotherhood of Mutants (Ultimate)|Brotherhood of Mutants]]. Vanisher accepted and was sent to New York where the Brotherhood managed to blow up the Brooklyn Bridge. He then along with [[Hard-Drive (Ultimate)|Hard-Drive]]'s help managed to teleport the Brotherhood from New York to an undisclosed location outside the city. While watching a report on the news about their terrorist act [[Captain America (Ultimate)|Captain America]] and the [[Ultimates]] attacked the Brotherhood and managed to capture most of them. Vanisher however managed to escape until he was beaten into submission by the [[Black Widow (Ultimate)|Black Widow]]. He was then taken into custody along with his fellow Brotherhood members. His current whereabouts are unknown.",
        "categories": [
            "Ultimate Marvel",
            "X-Men"
        ]
    }
}