{
    "id": 1009423,
    "name": "Manta",
    "description": "",
    "modified": "1969-12-31T19:00:00-0500",
    "thumbnail": {
        "path": "http://i.annihil.us/u/prod/marvel/i/mg/f/90/4c003d5308145",
        "extension": "jpg"
    },
    "resourceURI": "http://gateway.marvel.com/v1/public/characters/1009423",
    "comics": {
        "available": 8,
        "collectionURI": "http://gateway.marvel.com/v1/public/characters/1009423/comics",
        "items": [
            {
                "resourceURI": "http://gateway.marvel.com/v1/public/comics/1587",
                "name": "Marvel Masterworks: The Uncanny X-Men Vol. (Hardcover)"
            },
            {
                "resourceURI": "http://gateway.marvel.com/v1/public/comics/5451",
                "name": "New X-Men (Hardcover)"
            },
            {
                "resourceURI": "http://gateway.marvel.com/v1/public/comics/14943",
                "name": "New X-Men (2001) #124"
            },
            {
                "resourceURI": "http://gateway.marvel.com/v1/public/comics/14944",
                "name": "New X-Men (2001) #125"
            },
            {
                "resourceURI": "http://gateway.marvel.com/v1/public/comics/14945",
                "name": "New X-Men (2001) #126"
            },
            {
                "resourceURI": "http://gateway.marvel.com/v1/public/comics/2592",
                "name": "New X-Men Vol. 2: Imperial (Trade Paperback)"
            },
            {
                "resourceURI": "http://gateway.marvel.com/v1/public/comics/12455",
                "name": "Uncanny X-Men (1963) #137"
            },
            {
                "resourceURI": "http://gateway.marvel.com/v1/public/comics/4115",
                "name": "X-Men: The Dark Phoenix Saga (New Printing) (Trade Paperback)"
            }
        ],
        "returned": 8
    },
    "series": {
        "available": 6,
        "collectionURI": "http://gateway.marvel.com/v1/public/characters/1009423/series",
        "items": [
            {
                "resourceURI": "http://gateway.marvel.com/v1/public/series/1440",
                "name": "Marvel Masterworks: The Uncanny X-Men Vol. (2005)"
            },
            {
                "resourceURI": "http://gateway.marvel.com/v1/public/series/1807",
                "name": "New X-Men (2006)"
            },
            {
                "resourceURI": "http://gateway.marvel.com/v1/public/series/2281",
                "name": "New X-Men (2001 - 2004)"
            },
            {
                "resourceURI": "http://gateway.marvel.com/v1/public/series/1166",
                "name": "New X-Men Vol. 2: Imperial (2005)"
            },
            {
                "resourceURI": "http://gateway.marvel.com/v1/public/series/2258",
                "name": "Uncanny X-Men (1963 - 2011)"
            },
            {
                "resourceURI": "http://gateway.marvel.com/v1/public/series/1775",
                "name": "X-Men: The Dark Phoenix Saga (New Printing) (2006)"
            }
        ],
        "returned": 6
    },
    "stories": {
        "available": 4,
        "collectionURI": "http://gateway.marvel.com/v1/public/characters/1009423/stories",
        "items": [
            {
                "resourceURI": "http://gateway.marvel.com/v1/public/stories/15462",
                "name": "The Fate of the Phoenix!",
                "type": "interiorStory"
            },
            {
                "resourceURI": "http://gateway.marvel.com/v1/public/stories/30454",
                "name": "All Hell",
                "type": "interiorStory"
            },
            {
                "resourceURI": "http://gateway.marvel.com/v1/public/stories/30457",
                "name": "Losers",
                "type": "interiorStory"
            },
            {
                "resourceURI": "http://gateway.marvel.com/v1/public/stories/30459",
                "name": "Superdestroyer",
                "type": "interiorStory"
            }
        ],
        "returned": 4
    },
    "events": {
        "available": 0,
        "collectionURI": "http://gateway.marvel.com/v1/public/characters/1009423/events",
        "items": [],
        "returned": 0
    },
    "urls": [
        {
            "type": "detail",
            "url": "http://marvel.com/comics/characters/1009423/manta?utm_campaign=apiRef&utm_source=35410e46c72ea769348ceb6ba8cc90fd"
        },
        {
            "type": "wiki",
            "url": "http://marvel.com/universe/Manta?utm_campaign=apiRef&utm_source=35410e46c72ea769348ceb6ba8cc90fd"
        }
    ],
    "wiki": {
        "universe": "[[Marvel Universe]]",
        "real_name": "Unrevealed",
        "identity": "Secret",
        "occupation": "Peacekeeper",
        "place_of_birth": "Unrevealed planet in the Shi'ar Empire",
        "groups": "[[Imperial Guard]] ([[Superguardians]])",
        "citizenship": "[[Shi'ar]]",
        "education": "Unrevealed",
        "aliases": "None",
        "relatives": "[[Gladiator (Kallark)|Gladiator]] (husband)",
        "height": "5'6\"",
        "weight": "125 lbs.",
        "eyes": "White",
        "hair": "Unrevealed (possibly inapplicable)",
        "powers": "Manta is an [[Glossary:A#alien|alien]] possessed of the ability to summon her very life-force to generate a blinding flash of blue-white light to dazzle her opponents. Manta also sees in the infrared portion of the spectrum of light. Hence, she perceives things by the heat, or infrared radiation, that they generate.",
        "abilities": "",
        "weapons": "",
        "paraphernalia": "",
        "creators": "Chris Claremont & John Byrne",
        "debut": "X-Men #137 (1980)",
        "origin": "",
        "significant_issues": "",
        "main_image": "Manta.jpg",
        "bio_text": "Manta is a member of the Imperial Guard, a multi-ethnic group of super-powered alien beings who act as enforcers of the laws of the Shi'ar Empire. She was one of eight Imperial Guardsmen chosen to battle the team of [[Glossary:S#superhuman|superhuman]] [[Earth|Earthling]] [[Glossary:M#mutant|mutants]] known as the [[X-Men]] over the fate of [[Phoenix Force|Phoenix]], a primal force of the cosmos that had assumed the form of the X-Man [[Phoenix (Jean Grey)|Jean Grey]].",
        "bio": "Manta is a member of the Imperial Guard, a multi-ethnic group of super-powered alien beings who act as enforcers of the laws of the Shi'ar Empire. She was one of eight Imperial Guardsmen chosen to battle the team of [[Glossary:S#superhuman|superhuman]] [[Earth|Earthling]] [[Glossary:M#mutant|mutants]] known as the [[X-Men]] over the fate of [[Phoenix Force|Phoenix]], a primal force of the cosmos that had assumed the form of the X-Man [[Phoenix (Jean Grey)|Jean Grey]].\n\n\nLater, after the formerly-exiled [[Deathbird]] had usurped the Shi'ar throne, Manta was amongst those Imperial Guard members who clashed with the British team of costumed adventurers known as [[Excalibur]] and the team of interstellar freebooters known as the [[Starjammers]] over the fate of the then-bearer of the [[Glossary:C#cosmic|cosmic]] Phoenix Force, the [[Glossary:A#alternate future|alternate future]] daughter of the X-Man Jean Grey named [[Marvel Girl (Rachel Summers)|Rachel Summers]].\n\nDuring the war between the Shi'ar and [[Kree]] Empires, Manta was one of a small contingent of Guardsmen that were dispatched by then-Empress [[Neramani, Lilandra|Lilandra]] to retrieve the famous Nega-Bands of the Kree warrior [[Captain Marvel (Mar-Vell)|Captain Mar-vell]] from his tomb.\n\nManta was later one member of the insurgency team that attacked the X-Men on the orders of their Empress Lilandra, who was at the time under the mental control of [[Professor X|Charles Xavier's]] mutant twin sister [[Nova, Cassandra|Cassandra Nova]]. The attack was halted by the arrival of his fellow Guardsman [[Smasher (Vril Rokk)|Smasher]] who managed to convince the Guard of the true threat. Together, the Guard and the X-Men managed to defeat Nova and free Lilandra.",
        "categories": [
            "X-Men",
            "Cosmic",
            "Women"
        ]
    }
}