{
    "id": 1009688,
    "name": "Carmella Unuscione",
    "description": "Carmella Unuscione was one of the first members of the Magneto's Acolytes.",
    "modified": "1969-12-31T19:00:00-0500",
    "thumbnail": {
        "path": "http://i.annihil.us/u/prod/marvel/i/mg/b/40/image_not_available",
        "extension": "jpg"
    },
    "resourceURI": "http://gateway.marvel.com/v1/public/characters/1009688",
    "comics": {
        "available": 11,
        "collectionURI": "http://gateway.marvel.com/v1/public/characters/1009688/comics",
        "items": [
            {
                "resourceURI": "http://gateway.marvel.com/v1/public/comics/8656",
                "name": "Excalibur (1988) #71"
            },
            {
                "resourceURI": "http://gateway.marvel.com/v1/public/comics/8570",
                "name": "Excalibur (1988) #106"
            },
            {
                "resourceURI": "http://gateway.marvel.com/v1/public/comics/13841",
                "name": "Uncanny X-Men (1963) #300"
            },
            {
                "resourceURI": "http://gateway.marvel.com/v1/public/comics/13845",
                "name": "Uncanny X-Men (1963) #304"
            },
            {
                "resourceURI": "http://gateway.marvel.com/v1/public/comics/13856",
                "name": "Uncanny X-Men (1963) #315"
            },
            {
                "resourceURI": "http://gateway.marvel.com/v1/public/comics/13907",
                "name": "Uncanny X-Men (1963) #366"
            },
            {
                "resourceURI": "http://gateway.marvel.com/v1/public/comics/13908",
                "name": "Uncanny X-Men (1963) #367"
            },
            {
                "resourceURI": "http://gateway.marvel.com/v1/public/comics/14312",
                "name": "X-Men (1991) #25"
            },
            {
                "resourceURI": "http://gateway.marvel.com/v1/public/comics/14332",
                "name": "X-Men (1991) #43"
            },
            {
                "resourceURI": "http://gateway.marvel.com/v1/public/comics/14333",
                "name": "X-Men (1991) #44"
            },
            {
                "resourceURI": "http://gateway.marvel.com/v1/public/comics/14379",
                "name": "X-Men (1991) #86"
            }
        ],
        "returned": 11
    },
    "series": {
        "available": 3,
        "collectionURI": "http://gateway.marvel.com/v1/public/characters/1009688/series",
        "items": [
            {
                "resourceURI": "http://gateway.marvel.com/v1/public/series/2011",
                "name": "Excalibur (1988 - 1998)"
            },
            {
                "resourceURI": "http://gateway.marvel.com/v1/public/series/2258",
                "name": "Uncanny X-Men (1963 - 2011)"
            },
            {
                "resourceURI": "http://gateway.marvel.com/v1/public/series/2265",
                "name": "X-Men (1991 - 2001)"
            }
        ],
        "returned": 3
    },
    "stories": {
        "available": 11,
        "collectionURI": "http://gateway.marvel.com/v1/public/characters/1009688/stories",
        "items": [
            {
                "resourceURI": "http://gateway.marvel.com/v1/public/stories/22419",
                "name": "A Portrait of the Artist",
                "type": "interiorStory"
            },
            {
                "resourceURI": "http://gateway.marvel.com/v1/public/stories/22601",
                "name": "Crossing Swords",
                "type": "interiorStory"
            },
            {
                "resourceURI": "http://gateway.marvel.com/v1/public/stories/28110",
                "name": "Legacies",
                "type": "interiorStory"
            },
            {
                "resourceURI": "http://gateway.marvel.com/v1/public/stories/28119",
                "name": "...For What I Have Done",
                "type": "interiorStory"
            },
            {
                "resourceURI": "http://gateway.marvel.com/v1/public/stories/28142",
                "name": "Peers",
                "type": "interiorStory"
            },
            {
                "resourceURI": "http://gateway.marvel.com/v1/public/stories/28276",
                "name": "The Shot Heard Round The World (The Magneto War Part One)",
                "type": "interiorStory"
            },
            {
                "resourceURI": "http://gateway.marvel.com/v1/public/stories/28278",
                "name": "Disturbing Behavior (The Magneto War Part Three)",
                "type": "interiorStory"
            },
            {
                "resourceURI": "http://gateway.marvel.com/v1/public/stories/29177",
                "name": "Fatal Attractions: Dreams Fade",
                "type": "interiorStory"
            },
            {
                "resourceURI": "http://gateway.marvel.com/v1/public/stories/29219",
                "name": "Falling From Grace",
                "type": "interiorStory"
            },
            {
                "resourceURI": "http://gateway.marvel.com/v1/public/stories/29221",
                "name": "Lost and Found",
                "type": "interiorStory"
            },
            {
                "resourceURI": "http://gateway.marvel.com/v1/public/stories/29317",
                "name": "Thanks for the Memories",
                "type": "interiorStory"
            }
        ],
        "returned": 11
    },
    "events": {
        "available": 1,
        "collectionURI": "http://gateway.marvel.com/v1/public/characters/1009688/events",
        "items": [
            {
                "resourceURI": "http://gateway.marvel.com/v1/public/events/249",
                "name": "Fatal Attractions"
            }
        ],
        "returned": 1
    },
    "urls": [
        {
            "type": "detail",
            "url": "http://marvel.com/comics/characters/1009688/carmella_unuscione?utm_campaign=apiRef&utm_source=35410e46c72ea769348ceb6ba8cc90fd"
        },
        {
            "type": "wiki",
            "url": "http://marvel.com/universe/Unuscione,_Carmella?utm_campaign=apiRef&utm_source=35410e46c72ea769348ceb6ba8cc90fd"
        }
    ],
    "wiki": {
        "universe": "[[Marvel Universe]]",
        "blurb": "",
        "real_name": "Carmela Unuscione",
        "aliases": "None",
        "identity": "Secret",
        "occupation": "Terrorist",
        "citizenship": "Unknown",
        "place_of_birth": "Italy",
        "relatives": "Possibly [[Unus]]",
        "groups": "Formerly [[Acolytes]]",
        "education": "Unknown",
        "height": "",
        "weight": "",
        "eyes": "Black",
        "hair": "Brown",
        "powers": "Morphing psionoplasmic exoskeleton",
        "abilities": "",
        "weapons": "None",
        "paraphernalia": "None",
        "debut": "Uncanny X-Men #298",
        "origin": "",
        "significant_issues": "Back to Acolytes (X-Men #201)",
        "main_image": "image_not_available.gif",
        "bio_text": "Unuscione was one of the first members of the [[Acolytes]], group formed by [[Magneto]], initially having as base, Avalon. She was present in the assault in Genosha, that massacred several mutants, however, Unuscione survived and recently rejoined Acolytes.",
        "bio": "Unuscione was one of the first members of the [[Acolytes]], group formed by [[Magneto]], initially having as base, Avalon. She was present in the assault in Genosha, that massacred several mutants, however, Unuscione survived and recently rejoined Acolytes.",
        "categories": [
            "Mutants",
            "X-Men",
            "Women",
            "Villains"
        ]
    }
}