{
    "id": 1009383,
    "name": "Garrison Kane",
    "description": "",
    "modified": "1969-12-31T19:00:00-0500",
    "thumbnail": {
        "path": "http://i.annihil.us/u/prod/marvel/i/mg/8/f0/4c003e9db374b",
        "extension": "jpg"
    },
    "resourceURI": "http://gateway.marvel.com/v1/public/characters/1009383",
    "comics": {
        "available": 10,
        "collectionURI": "http://gateway.marvel.com/v1/public/characters/1009383/comics",
        "items": [
            {
                "resourceURI": "http://gateway.marvel.com/v1/public/comics/7412",
                "name": "Cable (1993) #37"
            },
            {
                "resourceURI": "http://gateway.marvel.com/v1/public/comics/7413",
                "name": "Cable (1993) #38"
            },
            {
                "resourceURI": "http://gateway.marvel.com/v1/public/comics/20946",
                "name": "Cable Classic Vol. 1 (Trade Paperback)"
            },
            {
                "resourceURI": "http://gateway.marvel.com/v1/public/comics/23285",
                "name": "Cable: Blood & Metal (1992) #1"
            },
            {
                "resourceURI": "http://gateway.marvel.com/v1/public/comics/23286",
                "name": "Cable: Blood & Metal (1992) #2"
            },
            {
                "resourceURI": "http://gateway.marvel.com/v1/public/comics/1103",
                "name": "Weapon X Vol. 1 (Trade Paperback)"
            },
            {
                "resourceURI": "http://gateway.marvel.com/v1/public/comics/1078",
                "name": "Weapon X Vol. I (Trade Paperback)"
            },
            {
                "resourceURI": "http://gateway.marvel.com/v1/public/comics/18409",
                "name": "Weapon X: The Draft - Kane (2002) #1"
            },
            {
                "resourceURI": "http://gateway.marvel.com/v1/public/comics/18410",
                "name": "Weapon X: The Draft - Marrow (2002) #1"
            },
            {
                "resourceURI": "http://gateway.marvel.com/v1/public/comics/18411",
                "name": "Weapon X: The Draft - Sauron (2002) #1"
            }
        ],
        "returned": 10
    },
    "series": {
        "available": 8,
        "collectionURI": "http://gateway.marvel.com/v1/public/characters/1009383/series",
        "items": [
            {
                "resourceURI": "http://gateway.marvel.com/v1/public/series/1995",
                "name": "Cable (1993 - 2002)"
            },
            {
                "resourceURI": "http://gateway.marvel.com/v1/public/series/4059",
                "name": "Cable Classic Vol. 1 (2008)"
            },
            {
                "resourceURI": "http://gateway.marvel.com/v1/public/series/6668",
                "name": "Cable: Blood & Metal (1992)"
            },
            {
                "resourceURI": "http://gateway.marvel.com/v1/public/series/163",
                "name": "Weapon X Vol. 1 (2003)"
            },
            {
                "resourceURI": "http://gateway.marvel.com/v1/public/series/138",
                "name": "Weapon X Vol. I (1999)"
            },
            {
                "resourceURI": "http://gateway.marvel.com/v1/public/series/3650",
                "name": "Weapon X: The Draft - Kane (2002)"
            },
            {
                "resourceURI": "http://gateway.marvel.com/v1/public/series/3651",
                "name": "Weapon X: The Draft - Marrow (2002)"
            },
            {
                "resourceURI": "http://gateway.marvel.com/v1/public/series/3652",
                "name": "Weapon X: The Draft - Sauron (2002)"
            }
        ],
        "returned": 8
    },
    "stories": {
        "available": 11,
        "collectionURI": "http://gateway.marvel.com/v1/public/characters/1009383/stories",
        "items": [
            {
                "resourceURI": "http://gateway.marvel.com/v1/public/stories/24247",
                "name": "Fanning the Flames",
                "type": "cover"
            },
            {
                "resourceURI": "http://gateway.marvel.com/v1/public/stories/24249",
                "name": "Into the Microverse",
                "type": "cover"
            },
            {
                "resourceURI": "http://gateway.marvel.com/v1/public/stories/39218",
                "name": "Cover #39218",
                "type": "cover"
            },
            {
                "resourceURI": "http://gateway.marvel.com/v1/public/stories/39223",
                "name": "Septic Beauty",
                "type": "interiorStory"
            },
            {
                "resourceURI": "http://gateway.marvel.com/v1/public/stories/39226",
                "name": "Falling to Pieces",
                "type": "interiorStory"
            },
            {
                "resourceURI": "http://gateway.marvel.com/v1/public/stories/52027",
                "name": "Cable - Blood and Metal Part 1",
                "type": "interiorStory"
            },
            {
                "resourceURI": "http://gateway.marvel.com/v1/public/stories/52029",
                "name": "Cover #52029",
                "type": "cover"
            },
            {
                "resourceURI": "http://gateway.marvel.com/v1/public/stories/52030",
                "name": "Cable - Blood and Metal",
                "type": "interiorStory"
            },
            {
                "resourceURI": "http://gateway.marvel.com/v1/public/stories/96306",
                "name": "Deadpool (1997) #57",
                "type": "interiorStory"
            },
            {
                "resourceURI": "http://gateway.marvel.com/v1/public/stories/96307",
                "name": "Deadpool (1997) #58",
                "type": "interiorStory"
            },
            {
                "resourceURI": "http://gateway.marvel.com/v1/public/stories/96308",
                "name": "Deadpool (1997) #59",
                "type": "interiorStory"
            }
        ],
        "returned": 11
    },
    "events": {
        "available": 0,
        "collectionURI": "http://gateway.marvel.com/v1/public/characters/1009383/events",
        "items": [],
        "returned": 0
    },
    "urls": [
        {
            "type": "detail",
            "url": "http://marvel.com/comics/characters/1009383/garrison_kane?utm_campaign=apiRef&utm_source=35410e46c72ea769348ceb6ba8cc90fd"
        },
        {
            "type": "wiki",
            "url": "http://marvel.com/universe/Kane%2C_Garrison?utm_campaign=apiRef&utm_source=35410e46c72ea769348ceb6ba8cc90fd"
        }
    ],
    "wiki": {
        "universe": "[[Marvel Universe]]",
        "real_name": "Garrison \"Gar\" Kane",
        "identity": "Known to Canadian & U.S. governments",
        "occupation": "Former U.S. government operative, mercenary, actor, adventurer, Canadian government operative, freedom fighter",
        "place_of_birth": "Unrevealed",
        "groups": "[[Weapon X]], formerly [[Clan Chosen]], [[Weapon: P.R.I.M.E.]], [[Department K]], [[Six Pack]]",
        "citizenship": "Canada",
        "education": "High school dropout",
        "aliases": "Weapon X",
        "relatives": "Unidentified parents (deceased)",
        "height": "6'2\"",
        "weight": "480 lbs.",
        "eyes": "(Natural/cybernetic left eye) Blue, (cybernetic, right eye) Red",
        "hair": "Black",
        "powers": "Before he was given upgrades by the newest incarnation of Weapon X, Kane had a pair of cybernetic arms with superhuman strength.",
        "abilities": "Kane was trained by [[Cable]] in hand-to-hand combat and in guerilla warfare tactics. Kane is an excellent marksman and is proficient with any weapon.",
        "debut": "X-Force #2 (1991)",
        "origin": "Cable: Blood & Metal #1-2 (1992); Deadpool #2 (1993)",
        "significant_issues": "With Six Pack, carried out mission for A.I.M. (X-Force #8, 1992); with Six Pack, carried out various missions, severely injured by Stryfe (Cable: Blood and Metal #1-2, 1992); joined Weapon X alongside Wade Wilson (Deadpool #2, 1993); sent to stop hijacking of Japanese/NATO software, approached by Bridge (X-Force, 1991); vs Mutant Liberation Front, became convinced Stryfe was Cable, accepted Bridge's offer (X-Force #7-10, 1992); led Weapon: P.R.I.M.E. vs X-Force (X-Force #11-14, 1992); pursued Weapon Omega, aided Alpha Flight (Alpha Flight #115-117, 1992-1993); hunted Cable, joined him against Stryfe, brought to 40th century (Cable: Blood and Metal #1-2, 1992); active with Clan Chosen, returned to present with Cable, rejoined Six Pack (Cable #1-4, 1993); vs Deadpool & Slayback (Deadpool #1-4, 1993); alongside Wolverine, vs Deadpool (Wolverine #88, 1994); alongside Cable & Microns, vs Psycho-Man (Cable #37-39, 1996-1997); on behalf of A.I.M., vs Wolverine & Alpha Flight (Wolverine #142-143, 1999); eradicated Colombian drug cartel on behalf of Weapon X (Deadpool #57, 2001); killed mutant child, prevented from killing Copycat by Deadpool (Deadpool #58-59, 2001); assisted Director in tracking Sabretooth & Wolverine (Wolverine #174-175, 2002); underwent cybernetic enhancement (Weapon X #½, 2002); alongside Agent Jackson, pursued Rapture (Weapon X: The Draft - Kane #1, 2002); worked alongside fellow Weapon X members (Weapon X: The Draft - Sauron #1/Weapon X: The Draft - Marrow #1/Weapon X: The Draft - Agent Zero #1, 2002); led Weapon X vs Zodiac to capture Madison Jeffries, received promotion (Weapon X #1, 2002); led Weapon X to question mutant criminals about Sabretooth (Weapon X #4, 2003); led Weapon X to capture Taylor family (Weapon X #5, 2003); accompanied disguised Mesmero to press conference (Weapon X #7, 2003); demonstrated enhanced abilities, grew distant from teammates (Weapon X #9, 2003); downloaded new powers (Weapon X #11, 2003); turned on Weapon X, sacrificed self for Cable's Underground (Weapon X #12, 2003)",
        "main_image": "Kane.jpeg",
        "bio_text": "Kane started out as part of [[Cable]]'s mercenary team [[Six Pack]], until one mission when [[Stryfe]] attacked the team and held Kane hostage in order to retrieve a disk that Cable had. Cable refused to give Stryfe the disk and battle ended with an explosion that destroyed Kanes arms and legs.",
        "bio": "Kane started out as part of [[Cable]]'s mercenary team [[Six Pack]], until one mission when [[Stryfe]] attacked the team and held Kane hostage in order to retrieve a disk that Cable had. Cable refused to give Stryfe the disk and battle ended with an explosion that destroyed Kanes arms and legs.\n\nCable then sent Kane back to the past where he had his missing limbs replaced with cybernetic parts by the original [[Weapon X]] program. For a while Kane blamed Cable for his pain. This blame was later redirected at Stryfe. After months of rehabilitation and work Cable reappeared to Kane and took him into the future again and joined Cable's fight against [[Apocalypse (En Sabah Nur)|Apocalypse]].\n\nKane eventually returned to the present where he retired and decided to settle down with his girlfriend [[Copycat|Vanessa]]. However Kane was later employed by [[A.I.M.]] who at the time had captured [[Guardian (James Hudson)|Guardian]] of [[Alpha Flight]]. [[Wolverine (James Howlett)|Wolverine]], seeking his former teammate severely beat Kane and other A.I.M. lackeys before finally freeing his friend.\n\nKane then wandered America searching for ways to become stronger, faster, and better. The [[Colcord, Malcolm|Director]] of the new [[Weapon X]] program learned of Kanes search and offered to make him more powerful than he ever dreamed. Kane agreed to the Directors proposal and underwent further bionic augmentation. To make sure that he was loyal the Director made Kane's first mission to kill his ex-girlfriend [[Copycat]] who had also joined the program and had her powers augmented. Kane agreed to perform the task and as he was about to kill Copycat, [[Deadpool]] managed to save her and planted a bomb on Kane. When the bomb detonated Kane was blown into tiny pieces. However Weapon X managed to reconfigure and reconstruct Kane perfectly.\n\nThen Kane along with Weapon X members, [[Mesmero]], [[Marrow]], [[Sauron]], [[Wild Child]], [[Washout]], [[Aurora]], and [[Sabretooth]] went on several missions for the Director. Later When Cable's underground movement attacked Weapon X, Cable used his telepathic abilities on Kane to knock him out. When Kane awoke he saw the error of his ways and sacrificed his life to draw all of [[Jeffries, Madison|Madison Jeffries]] technology into himself, allowing the underground to further attack Weapon X.",
        "categories": [
            "People",
            "X-Men",
            "Villains",
            "Heroes",
            "Deceased"
        ]
    }
}