{
    "id": 1009259,
    "name": "Damage Control",
    "description": "",
    "modified": "1969-12-31T19:00:00-0500",
    "thumbnail": {
        "path": "http://i.annihil.us/u/prod/marvel/i/mg/5/00/4c00404b5e1a2",
        "extension": "jpg"
    },
    "resourceURI": "http://gateway.marvel.com/v1/public/characters/1009259",
    "comics": {
        "available": 1,
        "collectionURI": "http://gateway.marvel.com/v1/public/characters/1009259/comics",
        "items": [
            {
                "resourceURI": "http://gateway.marvel.com/v1/public/comics/10096",
                "name": "Marvel Comics Presents (1988) #19"
            }
        ],
        "returned": 1
    },
    "series": {
        "available": 1,
        "collectionURI": "http://gateway.marvel.com/v1/public/characters/1009259/series",
        "items": [
            {
                "resourceURI": "http://gateway.marvel.com/v1/public/series/2039",
                "name": "Marvel Comics Presents (1988 - 1995)"
            }
        ],
        "returned": 1
    },
    "stories": {
        "available": 1,
        "collectionURI": "http://gateway.marvel.com/v1/public/characters/1009259/stories",
        "items": [
            {
                "resourceURI": "http://gateway.marvel.com/v1/public/stories/23183",
                "name": "Overture",
                "type": ""
            }
        ],
        "returned": 1
    },
    "events": {
        "available": 0,
        "collectionURI": "http://gateway.marvel.com/v1/public/characters/1009259/events",
        "items": [],
        "returned": 0
    },
    "urls": [
        {
            "type": "detail",
            "url": "http://marvel.com/comics/characters/1009259/damage_control?utm_campaign=apiRef&utm_source=35410e46c72ea769348ceb6ba8cc90fd"
        },
        {
            "type": "wiki",
            "url": "http://marvel.com/universe/Damage_Control?utm_campaign=apiRef&utm_source=35410e46c72ea769348ceb6ba8cc90fd"
        }
    ],
    "wiki": {
        "universe": "[[Marvel Universe]]",
        "location": "Flatiron Building, in Manhattan (Intersection of Fifth Avenue and Broadway), and a warehouse/workshop in New Jersey",
        "builder": "",
        "owner": "[[Hoag, Anne Marie|Anne Marie Hoag]] (Director of Operations)",
        "points_of_interest": "Combination warehouse and workshop the size of an athletic stadium in New Jersey",
        "features": "Damage control uses engineering techniques that are much more advanced than the competition which enables them to perform their job in remarkably short periods of time",
        "debut": "Marvel Comics Presents #19 (1989)",
        "significant_issues": "Marvel Comics Presents #19, Damage Control Limited Series #1-4",
        "main_image": "Damage_Control.jpg",
        "place_text": "",
        "categories": [
            "Teams"
        ]
    }
}