{
    "id": 1009316,
    "name": "Gauntlet",
    "description": "",
    "modified": "1969-12-31T19:00:00-0500",
    "thumbnail": {
        "path": "http://i.annihil.us/u/prod/marvel/i/mg/b/40/image_not_available",
        "extension": "jpg"
    },
    "resourceURI": "http://gateway.marvel.com/v1/public/characters/1009316",
    "comics": {
        "available": 24,
        "collectionURI": "http://gateway.marvel.com/v1/public/characters/1009316/comics",
        "items": [
            {
                "id": 30885,
                "resourceURI": "http://gateway.marvel.com/v1/public/comics/30885",
                "name": "Age of Heroes (Trade Paperback)"
            },
            {
                "id": 29931,
                "resourceURI": "http://gateway.marvel.com/v1/public/comics/29931",
                "name": "Avengers: The Initiative (2007) #35"
            },
            {
                "id": 31560,
                "resourceURI": "http://gateway.marvel.com/v1/public/comics/31560",
                "name": "Avengers: The Initiative (2007) #33 (DEADPOOL VARIANT)"
            },
            {
                "id": 29816,
                "resourceURI": "http://gateway.marvel.com/v1/public/comics/29816",
                "name": "Avengers: The Initiative (2007) #33"
            },
            {
                "id": 27891,
                "resourceURI": "http://gateway.marvel.com/v1/public/comics/27891",
                "name": "Avengers: The Initiative (2007) #27 (70TH FRAME VARIANT)"
            },
            {
                "id": 27544,
                "resourceURI": "http://gateway.marvel.com/v1/public/comics/27544",
                "name": "Avengers: The Initiative (2007) #27"
            },
            {
                "id": 24573,
                "resourceURI": "http://gateway.marvel.com/v1/public/comics/24573",
                "name": "Avengers: The Initiative (2007) #25"
            },
            {
                "id": 24167,
                "resourceURI": "http://gateway.marvel.com/v1/public/comics/24167",
                "name": "Avengers: The Initiative (2007) #24"
            },
            {
                "id": 23968,
                "resourceURI": "http://gateway.marvel.com/v1/public/comics/23968",
                "name": "Avengers: The Initiative (2007) #23"
            },
            {
                "id": 23608,
                "resourceURI": "http://gateway.marvel.com/v1/public/comics/23608",
                "name": "Avengers: The Initiative (2007) #22"
            },
            {
                "id": 23112,
                "resourceURI": "http://gateway.marvel.com/v1/public/comics/23112",
                "name": "Avengers: The Initiative (2007) #21"
            },
            {
                "id": 22912,
                "resourceURI": "http://gateway.marvel.com/v1/public/comics/22912",
                "name": "Avengers: The Initiative (2007) #20"
            },
            {
                "id": 21546,
                "resourceURI": "http://gateway.marvel.com/v1/public/comics/21546",
                "name": "Avengers: The Initiative (2007) #15"
            },
            {
                "id": 21085,
                "resourceURI": "http://gateway.marvel.com/v1/public/comics/21085",
                "name": "Secret Invasion: The Infiltration (Trade Paperback)"
            },
            {
                "id": 17293,
                "resourceURI": "http://gateway.marvel.com/v1/public/comics/17293",
                "name": "Avengers: The Initiative Annual (2007) #1"
            },
            {
                "id": 16542,
                "resourceURI": "http://gateway.marvel.com/v1/public/comics/16542",
                "name": "Avengers: The Initiative (2007) #6"
            },
            {
                "id": 14038,
                "resourceURI": "http://gateway.marvel.com/v1/public/comics/14038",
                "name": "Wolverine (1988) #100"
            },
            {
                "id": 14224,
                "resourceURI": "http://gateway.marvel.com/v1/public/comics/14224",
                "name": "Wolverine (1988) #99"
            },
            {
                "id": 7390,
                "resourceURI": "http://gateway.marvel.com/v1/public/comics/7390",
                "name": "Cable (1993) #17"
            },
            {
                "id": 14310,
                "resourceURI": "http://gateway.marvel.com/v1/public/comics/14310",
                "name": "X-Men (1991) #23"
            },
            {
                "id": 12288,
                "resourceURI": "http://gateway.marvel.com/v1/public/comics/12288",
                "name": "X-Factor (1986) #68"
            },
            {
                "id": 12287,
                "resourceURI": "http://gateway.marvel.com/v1/public/comics/12287",
                "name": "X-Factor (1986) #67"
            },
            {
                "id": 12286,
                "resourceURI": "http://gateway.marvel.com/v1/public/comics/12286",
                "name": "X-Factor (1986) #66"
            },
            {
                "id": 12285,
                "resourceURI": "http://gateway.marvel.com/v1/public/comics/12285",
                "name": "X-Factor (1986) #65"
            }
        ],
        "returned": 24
    },
    "series": {
        "available": 8,
        "collectionURI": "http://gateway.marvel.com/v1/public/characters/1009316/series",
        "items": [
            {
                "resourceURI": "http://gateway.marvel.com/v1/public/series/10235",
                "name": "Age of Heroes (2011)"
            },
            {
                "resourceURI": "http://gateway.marvel.com/v1/public/series/1945",
                "name": "Avengers: The Initiative (2007 - 2010)"
            },
            {
                "resourceURI": "http://gateway.marvel.com/v1/public/series/3087",
                "name": "Avengers: The Initiative Annual (2007)"
            },
            {
                "resourceURI": "http://gateway.marvel.com/v1/public/series/1995",
                "name": "Cable (1993 - 2002)"
            },
            {
                "resourceURI": "http://gateway.marvel.com/v1/public/series/4619",
                "name": "Secret Invasion: The Infiltration (2008)"
            },
            {
                "resourceURI": "http://gateway.marvel.com/v1/public/series/2262",
                "name": "Wolverine (1988 - 2003)"
            },
            {
                "resourceURI": "http://gateway.marvel.com/v1/public/series/2098",
                "name": "X-Factor (1986 - 1998)"
            },
            {
                "resourceURI": "http://gateway.marvel.com/v1/public/series/2265",
                "name": "X-Men (1991 - 2001)"
            }
        ],
        "returned": 8
    },
    "stories": {
        "available": 26,
        "collectionURI": "http://gateway.marvel.com/v1/public/characters/1009316/stories",
        "items": [
            {
                "resourceURI": "http://gateway.marvel.com/v1/public/stories/22314",
                "name": "Endgame Part 1: Malign Influences",
                "type": "interiorStory"
            },
            {
                "resourceURI": "http://gateway.marvel.com/v1/public/stories/22319",
                "name": "Endgame Part 2: Heroic Effort",
                "type": "interiorStory"
            },
            {
                "resourceURI": "http://gateway.marvel.com/v1/public/stories/22323",
                "name": "Endgame Part 3: Lunar Opposition",
                "type": "interiorStory"
            },
            {
                "resourceURI": "http://gateway.marvel.com/v1/public/stories/22325",
                "name": "Finale",
                "type": "interiorStory"
            },
            {
                "resourceURI": "http://gateway.marvel.com/v1/public/stories/24199",
                "name": "The Dark Ride !",
                "type": "cover"
            },
            {
                "resourceURI": "http://gateway.marvel.com/v1/public/stories/28566",
                "name": "Furnace Of His Brain, Anvil Of His Heart",
                "type": "interiorStory"
            },
            {
                "resourceURI": "http://gateway.marvel.com/v1/public/stories/28968",
                "name": "Of Mythic Metal Forged",
                "type": "interiorStory"
            },
            {
                "resourceURI": "http://gateway.marvel.com/v1/public/stories/29172",
                "name": "Comes the Time of Testing...",
                "type": "cover"
            },
            {
                "resourceURI": "http://gateway.marvel.com/v1/public/stories/33361",
                "name": "Avengers: The Initiative (2007) #6",
                "type": "cover"
            },
            {
                "resourceURI": "http://gateway.marvel.com/v1/public/stories/36242",
                "name": "1 of 1",
                "type": "cover"
            },
            {
                "resourceURI": "http://gateway.marvel.com/v1/public/stories/47499",
                "name": "Avengers: The Initiative (2007) #15 - Int",
                "type": "interiorStory"
            },
            {
                "resourceURI": "http://gateway.marvel.com/v1/public/stories/50870",
                "name": "Avengers: The Initiative (2007) #20 - Int",
                "type": "interiorStory"
            },
            {
                "resourceURI": "http://gateway.marvel.com/v1/public/stories/51249",
                "name": "Avengers: The Initiative (2007) #21 - Int",
                "type": "interiorStory"
            },
            {
                "resourceURI": "http://gateway.marvel.com/v1/public/stories/52275",
                "name": "Avengers: The Initiative (2007) #22",
                "type": "cover"
            },
            {
                "resourceURI": "http://gateway.marvel.com/v1/public/stories/52276",
                "name": "Avengers: The Initiative (2007) #22 - Int",
                "type": "interiorStory"
            },
            {
                "resourceURI": "http://gateway.marvel.com/v1/public/stories/53155",
                "name": "Avengers: The Initiative (2007) #23",
                "type": "cover"
            },
            {
                "resourceURI": "http://gateway.marvel.com/v1/public/stories/53156",
                "name": "Avengers: The Initiative (2007) #23 - Int",
                "type": "interiorStory"
            },
            {
                "resourceURI": "http://gateway.marvel.com/v1/public/stories/53551",
                "name": "Avengers: The Initiative (2007) #24 - Int",
                "type": "interiorStory"
            },
            {
                "resourceURI": "http://gateway.marvel.com/v1/public/stories/54375",
                "name": "Avengers: The Initiative (2007) #25 - Int",
                "type": "interiorStory"
            },
            {
                "resourceURI": "http://gateway.marvel.com/v1/public/stories/60365",
                "name": "Avengers: The Initiative (2007) #27",
                "type": "cover"
            }
        ],
        "returned": 20
    },
    "events": {
        "available": 4,
        "collectionURI": "http://gateway.marvel.com/v1/public/characters/1009316/events",
        "items": [
            {
                "resourceURI": "http://gateway.marvel.com/v1/public/events/318",
                "name": "Dark Reign"
            },
            {
                "resourceURI": "http://gateway.marvel.com/v1/public/events/269",
                "name": "Secret Invasion"
            },
            {
                "resourceURI": "http://gateway.marvel.com/v1/public/events/273",
                "name": "Siege"
            },
            {
                "resourceURI": "http://gateway.marvel.com/v1/public/events/277",
                "name": "World War Hulk"
            }
        ],
        "returned": 4
    },
    "urls": [
        {
            "type": "detail",
            "url": "http://marvel.com/comics/characters/1009316/gauntlet?utm_campaign=apiRef&utm_source=35410e46c72ea769348ceb6ba8cc90fd"
        }
    ]
}