{
    "id": 1009580,
    "name": "Shatterstar",
    "description": "Shatterstar is Gaveedra Seven, the product of bio-engineering on an otherdimensional world, who was at one point merged with an Earth mutant named Benjamin Russell, the nature of whose genetic mutation remains unknown.",
    "modified": "2011-11-08T11:47:58-0500",
    "thumbnail": {
        "path": "http://i.annihil.us/u/prod/marvel/i/mg/8/70/4c003c21cd9e1",
        "extension": "jpg"
    },
    "resourceURI": "http://gateway.marvel.com/v1/public/characters/1009580",
    "comics": {
        "available": 97,
        "collectionURI": "http://gateway.marvel.com/v1/public/characters/1009580/comics",
        "items": [
            {
                "id": 37946,
                "resourceURI": "http://gateway.marvel.com/v1/public/comics/37946",
                "name": "X-Factor (2005) #227"
            },
            {
                "id": 37377,
                "resourceURI": "http://gateway.marvel.com/v1/public/comics/37377",
                "name": "X-Force: Force to Be Reckoned with (2011)"
            },
            {
                "id": 21813,
                "resourceURI": "http://gateway.marvel.com/v1/public/comics/21813",
                "name": "X-Men: The Complete Onslaught Epic Book 3 (Trade Paperback)"
            },
            {
                "id": 21430,
                "resourceURI": "http://gateway.marvel.com/v1/public/comics/21430",
                "name": "X-Factor Visionaries: Peter David Vol. 4 (Trade Paperback)"
            },
            {
                "id": 21295,
                "resourceURI": "http://gateway.marvel.com/v1/public/comics/21295",
                "name": "X-Men: The Complete Onslaught Epic Book 2 (Trade Paperback)"
            },
            {
                "id": 20946,
                "resourceURI": "http://gateway.marvel.com/v1/public/comics/20946",
                "name": "Cable Classic Vol. 1 (Trade Paperback)"
            },
            {
                "id": 20731,
                "resourceURI": "http://gateway.marvel.com/v1/public/comics/20731",
                "name": "Clandestine Classic Premiere (Hardcover)"
            },
            {
                "id": 17454,
                "resourceURI": "http://gateway.marvel.com/v1/public/comics/17454",
                "name": "X-Men: The Complete Onslaught Epic Vol. 1 TPB (Trade Paperback)"
            },
            {
                "id": 6337,
                "resourceURI": "http://gateway.marvel.com/v1/public/comics/6337",
                "name": "Civil War: X-Men (Trade Paperback)"
            },
            {
                "id": 5369,
                "resourceURI": "http://gateway.marvel.com/v1/public/comics/5369",
                "name": "X-Men: The Complete Age of Apocalypse Epic Book 4 (Trade Paperback)"
            },
            {
                "id": 4498,
                "resourceURI": "http://gateway.marvel.com/v1/public/comics/4498",
                "name": "Civil War: X-Men (2006) #1"
            },
            {
                "id": 2172,
                "resourceURI": "http://gateway.marvel.com/v1/public/comics/2172",
                "name": "X-Force: Shatterstar (Trade Paperback)"
            },
            {
                "id": 1659,
                "resourceURI": "http://gateway.marvel.com/v1/public/comics/1659",
                "name": "X-Force: Shatterstar (2005) #1"
            },
            {
                "id": 1672,
                "resourceURI": "http://gateway.marvel.com/v1/public/comics/1672",
                "name": "Marvel Weddings (Trade Paperback)"
            },
            {
                "id": 17944,
                "resourceURI": "http://gateway.marvel.com/v1/public/comics/17944",
                "name": "X-Force (1991) #100"
            },
            {
                "id": 18062,
                "resourceURI": "http://gateway.marvel.com/v1/public/comics/18062",
                "name": "X-Force (1991) #91"
            },
            {
                "id": 18045,
                "resourceURI": "http://gateway.marvel.com/v1/public/comics/18045",
                "name": "X-Force (1991) #76"
            },
            {
                "id": 18039,
                "resourceURI": "http://gateway.marvel.com/v1/public/comics/18039",
                "name": "X-Force (1991) #70"
            },
            {
                "id": 18037,
                "resourceURI": "http://gateway.marvel.com/v1/public/comics/18037",
                "name": "X-Force (1991) #69"
            },
            {
                "id": 18035,
                "resourceURI": "http://gateway.marvel.com/v1/public/comics/18035",
                "name": "X-Force (1991) #67"
            },
            {
                "id": 18033,
                "resourceURI": "http://gateway.marvel.com/v1/public/comics/18033",
                "name": "X-Force (1991) #65"
            },
            {
                "id": 18032,
                "resourceURI": "http://gateway.marvel.com/v1/public/comics/18032",
                "name": "X-Force (1991) #64"
            },
            {
                "id": 18031,
                "resourceURI": "http://gateway.marvel.com/v1/public/comics/18031",
                "name": "X-Force (1991) #63"
            },
            {
                "id": 18030,
                "resourceURI": "http://gateway.marvel.com/v1/public/comics/18030",
                "name": "X-Force (1991) #62"
            },
            {
                "id": 18029,
                "resourceURI": "http://gateway.marvel.com/v1/public/comics/18029",
                "name": "X-Force (1991) #61"
            },
            {
                "id": 21141,
                "resourceURI": "http://gateway.marvel.com/v1/public/comics/21141",
                "name": "X-Men: Clan Destine (1996) #2"
            },
            {
                "id": 18028,
                "resourceURI": "http://gateway.marvel.com/v1/public/comics/18028",
                "name": "X-Force (1991) #60"
            },
            {
                "id": 18026,
                "resourceURI": "http://gateway.marvel.com/v1/public/comics/18026",
                "name": "X-Force (1991) #59"
            },
            {
                "id": 18113,
                "resourceURI": "http://gateway.marvel.com/v1/public/comics/18113",
                "name": "X-Men Unlimited (1993) #12"
            },
            {
                "id": 18025,
                "resourceURI": "http://gateway.marvel.com/v1/public/comics/18025",
                "name": "X-Force (1991) #58"
            },
            {
                "id": 18024,
                "resourceURI": "http://gateway.marvel.com/v1/public/comics/18024",
                "name": "X-Force (1991) #57"
            },
            {
                "id": 18022,
                "resourceURI": "http://gateway.marvel.com/v1/public/comics/18022",
                "name": "X-Force (1991) #55"
            },
            {
                "id": 18021,
                "resourceURI": "http://gateway.marvel.com/v1/public/comics/18021",
                "name": "X-Force (1991) #54"
            },
            {
                "id": 13872,
                "resourceURI": "http://gateway.marvel.com/v1/public/comics/13872",
                "name": "Uncanny X-Men (1963) #331"
            },
            {
                "id": 18020,
                "resourceURI": "http://gateway.marvel.com/v1/public/comics/18020",
                "name": "X-Force (1991) #53"
            },
            {
                "id": 18019,
                "resourceURI": "http://gateway.marvel.com/v1/public/comics/18019",
                "name": "X-Force (1991) #52"
            },
            {
                "id": 18018,
                "resourceURI": "http://gateway.marvel.com/v1/public/comics/18018",
                "name": "X-Force (1991) #51"
            },
            {
                "id": 18017,
                "resourceURI": "http://gateway.marvel.com/v1/public/comics/18017",
                "name": "X-Force (1991) #50"
            },
            {
                "id": 18015,
                "resourceURI": "http://gateway.marvel.com/v1/public/comics/18015",
                "name": "X-Force (1991) #49"
            },
            {
                "id": 18014,
                "resourceURI": "http://gateway.marvel.com/v1/public/comics/18014",
                "name": "X-Force (1991) #48"
            },
            {
                "id": 18158,
                "resourceURI": "http://gateway.marvel.com/v1/public/comics/18158",
                "name": "X-Men Unlimited (1993) #8"
            },
            {
                "id": 18013,
                "resourceURI": "http://gateway.marvel.com/v1/public/comics/18013",
                "name": "X-Force (1991) #47"
            },
            {
                "id": 18012,
                "resourceURI": "http://gateway.marvel.com/v1/public/comics/18012",
                "name": "X-Force (1991) #46"
            },
            {
                "id": 7396,
                "resourceURI": "http://gateway.marvel.com/v1/public/comics/7396",
                "name": "Cable (1993) #22"
            },
            {
                "id": 18011,
                "resourceURI": "http://gateway.marvel.com/v1/public/comics/18011",
                "name": "X-Force (1991) #45"
            },
            {
                "id": 12371,
                "resourceURI": "http://gateway.marvel.com/v1/public/comics/12371",
                "name": "X-Men: Prime (1995) #1"
            },
            {
                "id": 18010,
                "resourceURI": "http://gateway.marvel.com/v1/public/comics/18010",
                "name": "X-Force (1991) #44"
            },
            {
                "id": 18009,
                "resourceURI": "http://gateway.marvel.com/v1/public/comics/18009",
                "name": "X-Force (1991) #43"
            },
            {
                "id": 14330,
                "resourceURI": "http://gateway.marvel.com/v1/public/comics/14330",
                "name": "X-Men (1991) #41"
            },
            {
                "id": 18007,
                "resourceURI": "http://gateway.marvel.com/v1/public/comics/18007",
                "name": "X-Force (1991) #41"
            },
            {
                "id": 18006,
                "resourceURI": "http://gateway.marvel.com/v1/public/comics/18006",
                "name": "X-Force (1991) #40"
            },
            {
                "id": 18004,
                "resourceURI": "http://gateway.marvel.com/v1/public/comics/18004",
                "name": "X-Force (1991) #39"
            },
            {
                "id": 18003,
                "resourceURI": "http://gateway.marvel.com/v1/public/comics/18003",
                "name": "X-Force (1991) #38"
            },
            {
                "id": 12182,
                "resourceURI": "http://gateway.marvel.com/v1/public/comics/12182",
                "name": "X-Factor (1986) #106"
            },
            {
                "id": 18001,
                "resourceURI": "http://gateway.marvel.com/v1/public/comics/18001",
                "name": "X-Force (1991) #36"
            },
            {
                "id": 18000,
                "resourceURI": "http://gateway.marvel.com/v1/public/comics/18000",
                "name": "X-Force (1991) #35"
            },
            {
                "id": 17999,
                "resourceURI": "http://gateway.marvel.com/v1/public/comics/17999",
                "name": "X-Force (1991) #34"
            },
            {
                "id": 17998,
                "resourceURI": "http://gateway.marvel.com/v1/public/comics/17998",
                "name": "X-Force (1991) #33"
            },
            {
                "id": 14318,
                "resourceURI": "http://gateway.marvel.com/v1/public/comics/14318",
                "name": "X-Men (1991) #30"
            },
            {
                "id": 17997,
                "resourceURI": "http://gateway.marvel.com/v1/public/comics/17997",
                "name": "X-Force (1991) #32"
            },
            {
                "id": 17995,
                "resourceURI": "http://gateway.marvel.com/v1/public/comics/17995",
                "name": "X-Force (1991) #30"
            },
            {
                "id": 17993,
                "resourceURI": "http://gateway.marvel.com/v1/public/comics/17993",
                "name": "X-Force (1991) #29"
            },
            {
                "id": 17992,
                "resourceURI": "http://gateway.marvel.com/v1/public/comics/17992",
                "name": "X-Force (1991) #28"
            },
            {
                "id": 17991,
                "resourceURI": "http://gateway.marvel.com/v1/public/comics/17991",
                "name": "X-Force (1991) #27"
            },
            {
                "id": 13845,
                "resourceURI": "http://gateway.marvel.com/v1/public/comics/13845",
                "name": "Uncanny X-Men (1963) #304"
            },
            {
                "id": 17990,
                "resourceURI": "http://gateway.marvel.com/v1/public/comics/17990",
                "name": "X-Force (1991) #26"
            },
            {
                "id": 7415,
                "resourceURI": "http://gateway.marvel.com/v1/public/comics/7415",
                "name": "Cable (1993) #4"
            },
            {
                "id": 17989,
                "resourceURI": "http://gateway.marvel.com/v1/public/comics/17989",
                "name": "X-Force (1991) #25"
            },
            {
                "id": 17988,
                "resourceURI": "http://gateway.marvel.com/v1/public/comics/17988",
                "name": "X-Force (1991) #24"
            },
            {
                "id": 17987,
                "resourceURI": "http://gateway.marvel.com/v1/public/comics/17987",
                "name": "X-Force (1991) #23"
            },
            {
                "id": 17986,
                "resourceURI": "http://gateway.marvel.com/v1/public/comics/17986",
                "name": "X-Force (1991) #22"
            },
            {
                "id": 17985,
                "resourceURI": "http://gateway.marvel.com/v1/public/comics/17985",
                "name": "X-Force (1991) #21"
            },
            {
                "id": 17984,
                "resourceURI": "http://gateway.marvel.com/v1/public/comics/17984",
                "name": "X-Force (1991) #20"
            },
            {
                "id": 17981,
                "resourceURI": "http://gateway.marvel.com/v1/public/comics/17981",
                "name": "X-Force (1991) #18"
            },
            {
                "id": 13837,
                "resourceURI": "http://gateway.marvel.com/v1/public/comics/13837",
                "name": "Uncanny X-Men (1963) #296"
            },
            {
                "id": 13836,
                "resourceURI": "http://gateway.marvel.com/v1/public/comics/13836",
                "name": "Uncanny X-Men (1963) #295"
            },
            {
                "id": 17980,
                "resourceURI": "http://gateway.marvel.com/v1/public/comics/17980",
                "name": "X-Force (1991) #17"
            },
            {
                "id": 12306,
                "resourceURI": "http://gateway.marvel.com/v1/public/comics/12306",
                "name": "X-Factor (1986) #84"
            },
            {
                "id": 17979,
                "resourceURI": "http://gateway.marvel.com/v1/public/comics/17979",
                "name": "X-Force (1991) #16"
            },
            {
                "id": 14300,
                "resourceURI": "http://gateway.marvel.com/v1/public/comics/14300",
                "name": "X-Men (1991) #14"
            },
            {
                "id": 17978,
                "resourceURI": "http://gateway.marvel.com/v1/public/comics/17978",
                "name": "X-Force (1991) #15"
            },
            {
                "id": 17977,
                "resourceURI": "http://gateway.marvel.com/v1/public/comics/17977",
                "name": "X-Force (1991) #14"
            },
            {
                "id": 17976,
                "resourceURI": "http://gateway.marvel.com/v1/public/comics/17976",
                "name": "X-Force (1991) #13"
            },
            {
                "id": 17965,
                "resourceURI": "http://gateway.marvel.com/v1/public/comics/17965",
                "name": "X-Force (1991) #12"
            },
            {
                "id": 17954,
                "resourceURI": "http://gateway.marvel.com/v1/public/comics/17954",
                "name": "X-Force (1991) #11"
            },
            {
                "id": 14175,
                "resourceURI": "http://gateway.marvel.com/v1/public/comics/14175",
                "name": "Wolverine (1988) #54"
            },
            {
                "id": 17943,
                "resourceURI": "http://gateway.marvel.com/v1/public/comics/17943",
                "name": "X-Force (1991) #10"
            },
            {
                "id": 18060,
                "resourceURI": "http://gateway.marvel.com/v1/public/comics/18060",
                "name": "X-Force (1991) #9"
            },
            {
                "id": 18038,
                "resourceURI": "http://gateway.marvel.com/v1/public/comics/18038",
                "name": "X-Force (1991) #7"
            },
            {
                "id": 18027,
                "resourceURI": "http://gateway.marvel.com/v1/public/comics/18027",
                "name": "X-Force (1991) #6"
            },
            {
                "id": 18016,
                "resourceURI": "http://gateway.marvel.com/v1/public/comics/18016",
                "name": "X-Force (1991) #5"
            },
            {
                "id": 18005,
                "resourceURI": "http://gateway.marvel.com/v1/public/comics/18005",
                "name": "X-Force (1991) #4"
            },
            {
                "id": 17994,
                "resourceURI": "http://gateway.marvel.com/v1/public/comics/17994",
                "name": "X-Force (1991) #3"
            },
            {
                "id": 17983,
                "resourceURI": "http://gateway.marvel.com/v1/public/comics/17983",
                "name": "X-Force (1991) #2"
            },
            {
                "id": 17942,
                "resourceURI": "http://gateway.marvel.com/v1/public/comics/17942",
                "name": "X-Force (1991) #1"
            },
            {
                "id": 12361,
                "resourceURI": "http://gateway.marvel.com/v1/public/comics/12361",
                "name": "X-Men Annual (1970) #15"
            },
            {
                "id": 23514,
                "resourceURI": "http://gateway.marvel.com/v1/public/comics/23514",
                "name": "X-Factor Annual (1986) #6"
            }
        ],
        "returned": 97
    },
    "series": {
        "available": 25,
        "collectionURI": "http://gateway.marvel.com/v1/public/characters/1009580/series",
        "items": [
            {
                "resourceURI": "http://gateway.marvel.com/v1/public/series/1995",
                "name": "Cable (1993 - 2002)"
            },
            {
                "resourceURI": "http://gateway.marvel.com/v1/public/series/4059",
                "name": "Cable Classic Vol. 1 (2008)"
            },
            {
                "resourceURI": "http://gateway.marvel.com/v1/public/series/1110",
                "name": "Civil War: X-Men (2006)"
            },
            {
                "resourceURI": "http://gateway.marvel.com/v1/public/series/1965",
                "name": "Civil War: X-Men (2007)"
            },
            {
                "resourceURI": "http://gateway.marvel.com/v1/public/series/3874",
                "name": "Clandestine Classic Premiere (2008)"
            },
            {
                "resourceURI": "http://gateway.marvel.com/v1/public/series/1430",
                "name": "Marvel Weddings (2005)"
            },
            {
                "resourceURI": "http://gateway.marvel.com/v1/public/series/2258",
                "name": "Uncanny X-Men (1963 - 2011)"
            },
            {
                "resourceURI": "http://gateway.marvel.com/v1/public/series/2262",
                "name": "Wolverine (1988 - 2003)"
            },
            {
                "resourceURI": "http://gateway.marvel.com/v1/public/series/2098",
                "name": "X-Factor (1986 - 1998)"
            },
            {
                "resourceURI": "http://gateway.marvel.com/v1/public/series/1035",
                "name": "X-Factor (2005 - Present)"
            },
            {
                "resourceURI": "http://gateway.marvel.com/v1/public/series/6689",
                "name": "X-Factor Annual (1986 - Present)"
            },
            {
                "resourceURI": "http://gateway.marvel.com/v1/public/series/5068",
                "name": "X-Factor Visionaries: Peter David Vol. 4 (2008)"
            },
            {
                "resourceURI": "http://gateway.marvel.com/v1/public/series/3633",
                "name": "X-Force (1991 - 2004)"
            },
            {
                "resourceURI": "http://gateway.marvel.com/v1/public/series/13428",
                "name": "X-Force: Force to Be Reckoned with (2011)"
            },
            {
                "resourceURI": "http://gateway.marvel.com/v1/public/series/825",
                "name": "X-Force: Shatterstar (2005)"
            },
            {
                "resourceURI": "http://gateway.marvel.com/v1/public/series/1386",
                "name": "X-Force: Shatterstar (2005)"
            },
            {
                "resourceURI": "http://gateway.marvel.com/v1/public/series/2265",
                "name": "X-Men (1991 - 2001)"
            },
            {
                "resourceURI": "http://gateway.marvel.com/v1/public/series/2100",
                "name": "X-Men Annual (1970 - 1991)"
            },
            {
                "resourceURI": "http://gateway.marvel.com/v1/public/series/3637",
                "name": "X-Men Unlimited (1993 - 1999)"
            },
            {
                "resourceURI": "http://gateway.marvel.com/v1/public/series/4773",
                "name": "X-Men: Clan Destine (1996)"
            }
        ],
        "returned": 20
    },
    "stories": {
        "available": 116,
        "collectionURI": "http://gateway.marvel.com/v1/public/characters/1009580/stories",
        "items": [
            {
                "resourceURI": "http://gateway.marvel.com/v1/public/stories/4193",
                "name": "1 of 3",
                "type": "cover"
            },
            {
                "resourceURI": "http://gateway.marvel.com/v1/public/stories/6126",
                "name": "1 of 4",
                "type": "cover"
            },
            {
                "resourceURI": "http://gateway.marvel.com/v1/public/stories/19865",
                "name": "Kings of Pain Part 3: Queens of Sacrifice",
                "type": "interiorStory"
            },
            {
                "resourceURI": "http://gateway.marvel.com/v1/public/stories/22101",
                "name": "Phalanx Covenant: Life Signs Part 1",
                "type": "interiorStory"
            },
            {
                "resourceURI": "http://gateway.marvel.com/v1/public/stories/22362",
                "name": "Tough Love",
                "type": "interiorStory"
            },
            {
                "resourceURI": "http://gateway.marvel.com/v1/public/stories/24211",
                "name": "Cover #24211",
                "type": "cover"
            },
            {
                "resourceURI": "http://gateway.marvel.com/v1/public/stories/24254",
                "name": "A Leader Among Men",
                "type": "interiorStory"
            },
            {
                "resourceURI": "http://gateway.marvel.com/v1/public/stories/24495",
                "name": "Racing the Night",
                "type": "interiorStory"
            },
            {
                "resourceURI": "http://gateway.marvel.com/v1/public/stories/28100",
                "name": "Familiar Refrain",
                "type": "interiorStory"
            },
            {
                "resourceURI": "http://gateway.marvel.com/v1/public/stories/28102",
                "name": "Crescendo",
                "type": "interiorStory"
            },
            {
                "resourceURI": "http://gateway.marvel.com/v1/public/stories/28118",
                "name": "Fatal Attractions",
                "type": "cover"
            },
            {
                "resourceURI": "http://gateway.marvel.com/v1/public/stories/28119",
                "name": "...For What I Have Done",
                "type": "interiorStory"
            },
            {
                "resourceURI": "http://gateway.marvel.com/v1/public/stories/28176",
                "name": "The Splinter Of Our Discontent",
                "type": "interiorStory"
            },
            {
                "resourceURI": "http://gateway.marvel.com/v1/public/stories/28865",
                "name": "And Now--Shatterstar!",
                "type": "cover"
            },
            {
                "resourceURI": "http://gateway.marvel.com/v1/public/stories/28866",
                "name": "Station Identification",
                "type": "interiorStory"
            },
            {
                "resourceURI": "http://gateway.marvel.com/v1/public/stories/29153",
                "name": "Fingers on the Trigger",
                "type": "interiorStory"
            },
            {
                "resourceURI": "http://gateway.marvel.com/v1/public/stories/29189",
                "name": "The Ties That Bind",
                "type": "interiorStory"
            },
            {
                "resourceURI": "http://gateway.marvel.com/v1/public/stories/29215",
                "name": "Dreams Die",
                "type": "interiorStory"
            },
            {
                "resourceURI": "http://gateway.marvel.com/v1/public/stories/38161",
                "name": "Cover #38161",
                "type": "cover"
            },
            {
                "resourceURI": "http://gateway.marvel.com/v1/public/stories/38162",
                "name": "A Force To Be Reckoned With",
                "type": "interiorStory"
            }
        ],
        "returned": 20
    },
    "events": {
        "available": 5,
        "collectionURI": "http://gateway.marvel.com/v1/public/characters/1009580/events",
        "items": [
            {
                "resourceURI": "http://gateway.marvel.com/v1/public/events/227",
                "name": "Age of Apocalypse"
            },
            {
                "resourceURI": "http://gateway.marvel.com/v1/public/events/238",
                "name": "Civil War"
            },
            {
                "resourceURI": "http://gateway.marvel.com/v1/public/events/249",
                "name": "Fatal Attractions"
            },
            {
                "resourceURI": "http://gateway.marvel.com/v1/public/events/32",
                "name": "Kings of Pain"
            },
            {
                "resourceURI": "http://gateway.marvel.com/v1/public/events/154",
                "name": "Onslaught"
            }
        ],
        "returned": 5
    },
    "urls": [
        {
            "type": "detail",
            "url": "http://marvel.com/comics/characters/1009580/shatterstar?utm_campaign=apiRef&utm_source=35410e46c72ea769348ceb6ba8cc90fd"
        },
        {
            "type": "wiki",
            "url": "http://marvel.com/universe/Shatterstar?utm_campaign=apiRef&utm_source=35410e46c72ea769348ceb6ba8cc90fd"
        }
    ],
    "wiki": {
        "universe": "[[Marvel Universe]]",
        "real_name": "Gaveedra Seven",
        "identity": "Secret",
        "occupation": "Warrior, adventurer",
        "place_of_birth": "Mojoworld",
        "groups": "[[X-Factor Investigations]]; formerly [[X-Force]]",
        "citizenship": "Mojoworld",
        "education": "Unrevealed",
        "aliases": "Benjamin Russell",
        "relatives": "Longshot (father), Dazzler (Alison Blaire, mother), Windsong (wife, deceased)",
        "height": "6'3\"",
        "weight": "195 lbs.",
        "eyes": "Blue",
        "hair": "Blond",
        "powers": "Enhanced strength, speed, agility, durability and healing; can focus energy through custom swords to create concussive force blasts",
        "abilities": "Shatterstar is an experienced warrior, highly trained in the use of multiple types of weaponry.",
        "debut": "New Mutants #100 (1991)",
        "origin": "",
        "significant_issues": "",
        "main_image": "s_star.jpg",
        "bio_text": "Official records on the individual called Shatterstar are sparse, and limited to recent years. Supposedly, Shatterstar is Gaveedra Seven, the product of bio-engineering on an otherdimensional world, who was at one point merged with an Earth mutant named Benjamin Russell, the nature of whose genetic mutation remains unknown. Some sources suggest that Shatterstar possesses superhuman abilities relating to the absorption of sonic and vibrational energy, as well as an intuitive learning capability, but these claims can not be substantiated at this time. Shatterstar is known to have served in the unsanctioned mutant group [[X-Force]], and has been involved in numerous superhuman conflicts.",
        "bio": "Official records on the individual called Shatterstar are sparse, and limited to recent years. Supposedly, Shatterstar is Gaveedra Seven, the product of bio-engineering on an otherdimensional world, who was at one point merged with an Earth mutant named Benjamin Russell, the nature of whose genetic mutation remains unknown. Some sources suggest that Shatterstar possesses superhuman abilities relating to the absorption of sonic and vibrational energy, as well as an intuitive learning capability, but these claims can not be substantiated at this time. Shatterstar is known to have served in the unsanctioned mutant group [[X-Force]], and has been involved in numerous superhuman conflicts. \n\n\nDuring [[Civil War]], Shatterstar briefly rejoined X-Force, and helped in the assault in the X-Mansion, to free the [[198]] from the grounds. Recently, he joined [[X-Factor Investigations]].",
        "categories": [
            "X-Men",
            "Heroes",
            "Mutants",
            "Civil War"
        ]
    }
}