{
    "id": 1009481,
    "name": "Ogun",
    "description": "",
    "modified": "1969-12-31T19:00:00-0500",
    "thumbnail": {
        "path": "http://i.annihil.us/u/prod/marvel/i/mg/b/a0/4c003d0c92efb",
        "extension": "jpg"
    },
    "resourceURI": "http://gateway.marvel.com/v1/public/characters/1009481",
    "comics": {
        "available": 7,
        "collectionURI": "http://gateway.marvel.com/v1/public/characters/1009481/comics",
        "items": [
            {
                "resourceURI": "http://gateway.marvel.com/v1/public/comics/20176",
                "name": "Doctor Strange, Sorcerer Supreme (1988) #17"
            },
            {
                "resourceURI": "http://gateway.marvel.com/v1/public/comics/8576",
                "name": "Excalibur (1988) #111"
            },
            {
                "resourceURI": "http://gateway.marvel.com/v1/public/comics/13792",
                "name": "Uncanny X-Men (1963) #251"
            },
            {
                "resourceURI": "http://gateway.marvel.com/v1/public/comics/14213",
                "name": "Wolverine (1988) #89"
            },
            {
                "resourceURI": "http://gateway.marvel.com/v1/public/comics/14041",
                "name": "Wolverine (1988) #103"
            },
            {
                "resourceURI": "http://gateway.marvel.com/v1/public/comics/14050",
                "name": "Wolverine (1988) #111"
            },
            {
                "resourceURI": "http://gateway.marvel.com/v1/public/comics/14053",
                "name": "Wolverine (1988) #114"
            }
        ],
        "returned": 7
    },
    "series": {
        "available": 4,
        "collectionURI": "http://gateway.marvel.com/v1/public/characters/1009481/series",
        "items": [
            {
                "resourceURI": "http://gateway.marvel.com/v1/public/series/3741",
                "name": "Doctor Strange, Sorcerer Supreme (1988 - 1996)"
            },
            {
                "resourceURI": "http://gateway.marvel.com/v1/public/series/2011",
                "name": "Excalibur (1988 - 1998)"
            },
            {
                "resourceURI": "http://gateway.marvel.com/v1/public/series/2258",
                "name": "Uncanny X-Men (1963 - 2011)"
            },
            {
                "resourceURI": "http://gateway.marvel.com/v1/public/series/2262",
                "name": "Wolverine (1988 - 2003)"
            }
        ],
        "returned": 4
    },
    "stories": {
        "available": 9,
        "collectionURI": "http://gateway.marvel.com/v1/public/characters/1009481/stories",
        "items": [
            {
                "resourceURI": "http://gateway.marvel.com/v1/public/stories/22431",
                "name": "Cover #22431",
                "type": "cover"
            },
            {
                "resourceURI": "http://gateway.marvel.com/v1/public/stories/22432",
                "name": "Broken Vows",
                "type": "interiorStory"
            },
            {
                "resourceURI": "http://gateway.marvel.com/v1/public/stories/28012",
                "name": "Fever Dream",
                "type": "interiorStory"
            },
            {
                "resourceURI": "http://gateway.marvel.com/v1/public/stories/28572",
                "name": "Top of the World, Ma!",
                "type": "interiorStory"
            },
            {
                "resourceURI": "http://gateway.marvel.com/v1/public/stories/28589",
                "name": "Shades of Things to Come",
                "type": "cover"
            },
            {
                "resourceURI": "http://gateway.marvel.com/v1/public/stories/28596",
                "name": "For the Snark was a Roojum, You See",
                "type": "interiorStory"
            },
            {
                "resourceURI": "http://gateway.marvel.com/v1/public/stories/28944",
                "name": "Cover #28944",
                "type": "cover"
            },
            {
                "resourceURI": "http://gateway.marvel.com/v1/public/stories/28945",
                "name": "The Mask of Ogun",
                "type": "interiorStory"
            },
            {
                "resourceURI": "http://gateway.marvel.com/v1/public/stories/43222",
                "name": "TBOTV:The Mark of the Vod£, Part II",
                "type": "interiorStory"
            }
        ],
        "returned": 9
    },
    "events": {
        "available": 0,
        "collectionURI": "http://gateway.marvel.com/v1/public/characters/1009481/events",
        "items": [],
        "returned": 0
    },
    "urls": [
        {
            "type": "detail",
            "url": "http://marvel.com/comics/characters/1009481/ogun?utm_campaign=apiRef&utm_source=35410e46c72ea769348ceb6ba8cc90fd"
        },
        {
            "type": "wiki",
            "url": "http://marvel.com/universe/Ogun?utm_campaign=apiRef&utm_source=35410e46c72ea769348ceb6ba8cc90fd"
        }
    ]
}