{
    "id": 1009392,
    "name": "La Nuit",
    "description": "",
    "modified": "1969-12-31T19:00:00-0500",
    "thumbnail": {
        "path": "http://i.annihil.us/u/prod/marvel/i/mg/9/10/4c003d76b5ec6",
        "extension": "jpg"
    },
    "resourceURI": "http://gateway.marvel.com/v1/public/characters/1009392",
    "comics": {
        "available": 2,
        "collectionURI": "http://gateway.marvel.com/v1/public/characters/1009392/comics",
        "items": [
            {
                "resourceURI": "http://gateway.marvel.com/v1/public/comics/17961",
                "name": "X-Force (1991) #116"
            },
            {
                "resourceURI": "http://gateway.marvel.com/v1/public/comics/1028",
                "name": "X-Force: Famous, Mutant & Mortal (Hardcover)"
            }
        ],
        "returned": 2
    },
    "series": {
        "available": 2,
        "collectionURI": "http://gateway.marvel.com/v1/public/characters/1009392/series",
        "items": [
            {
                "resourceURI": "http://gateway.marvel.com/v1/public/series/3633",
                "name": "X-Force (1991 - 2004)"
            },
            {
                "resourceURI": "http://gateway.marvel.com/v1/public/series/88",
                "name": "X-Force: Famous, Mutant & Mortal (2003)"
            }
        ],
        "returned": 2
    },
    "stories": {
        "available": 2,
        "collectionURI": "http://gateway.marvel.com/v1/public/characters/1009392/stories",
        "items": [
            {
                "resourceURI": "http://gateway.marvel.com/v1/public/stories/38198",
                "name": "Cover #38198",
                "type": "cover"
            },
            {
                "resourceURI": "http://gateway.marvel.com/v1/public/stories/38199",
                "name": "Exit Wounds",
                "type": "interiorStory"
            }
        ],
        "returned": 2
    },
    "events": {
        "available": 0,
        "collectionURI": "http://gateway.marvel.com/v1/public/characters/1009392/events",
        "items": [],
        "returned": 0
    },
    "urls": [
        {
            "type": "detail",
            "url": "http://marvel.com/comics/characters/1009392/la_nuit?utm_campaign=apiRef&utm_source=35410e46c72ea769348ceb6ba8cc90fd"
        },
        {
            "type": "wiki",
            "url": "http://marvel.com/universe/Nuit%2C_La?utm_campaign=apiRef&utm_source=35410e46c72ea769348ceb6ba8cc90fd"
        }
    ],
    "wiki": {
        "universe": "[[Marvel Universe]]",
        "real_name": "Pierre Truffaut",
        "identity": "Publicly known",
        "occupation": "Superhero, media star",
        "place_of_birth": "Unknown",
        "groups": "Formerly [[X-Statix|X-Force]]",
        "citizenship": "France",
        "education": "Unrevealed",
        "aliases": "\"The Night\" (English translation of codename)",
        "relatives": "None",
        "height": "6'3\"",
        "weight": "172 lbs.",
        "eyes": "Yellow",
        "hair": "Black",
        "powers": "La Nuit could project a veil of dark shadow energy and he can manipulate objects around him. Presumbly his dark energy is in the same way as Darkstar or the Shroud. It is unknown if his powers had any connection to the Darkforce dimension.",
        "debut": "X-Force #116 (2001)",
        "origin": "",
        "significant_issues": "X-Force #116 (2001)",
        "main_image": "Nuit_head.jpg",
        "bio_text": "La Nuit was teamed with Battering Ram and Plazm on a mission with X-Force in North Africa. Later, he was seen suiting up and participated in the X-Force mission in New York, where he was killed by a helicopter firing on the team.",
        "bio": "La Nuit was teamed with Battering Ram and Plazm on a mission with X-Force in North Africa. Later, he was seen suiting up and participated in the X-Force mission in New York, where he was killed by a helicopter firing on the team.",
        "categories": [
            "Heroes",
            "X-Men",
            "Deceased",
            "Mutants"
        ]
    }
}