{
    "id": 1009605,
    "name": "Spencer Smythe",
    "description": "",
    "modified": "1969-12-31T19:00:00-0500",
    "thumbnail": {
        "path": "http://i.annihil.us/u/prod/marvel/i/mg/b/40/image_not_available",
        "extension": "jpg"
    },
    "resourceURI": "http://gateway.marvel.com/v1/public/characters/1009605",
    "comics": {
        "available": 4,
        "collectionURI": "http://gateway.marvel.com/v1/public/characters/1009605/comics",
        "items": [
            {
                "resourceURI": "http://gateway.marvel.com/v1/public/comics/30326",
                "name": "Amazing Spider-Man (1999) #651"
            },
            {
                "resourceURI": "http://gateway.marvel.com/v1/public/comics/39275",
                "name": "Amazing Spider-Man (1999) #651 (2nd Printing Variant)"
            },
            {
                "resourceURI": "http://gateway.marvel.com/v1/public/comics/37018",
                "name": "Amazing Spider-Man (1999) #651 (TRON VARIANT)"
            },
            {
                "resourceURI": "http://gateway.marvel.com/v1/public/comics/8905",
                "name": "Human Torch (1940) #9"
            }
        ],
        "returned": 4
    },
    "series": {
        "available": 2,
        "collectionURI": "http://gateway.marvel.com/v1/public/characters/1009605/series",
        "items": [
            {
                "resourceURI": "http://gateway.marvel.com/v1/public/series/454",
                "name": "Amazing Spider-Man (1999 - 2013)"
            },
            {
                "resourceURI": "http://gateway.marvel.com/v1/public/series/2020",
                "name": "Human Torch (1940 - 1954)"
            }
        ],
        "returned": 2
    },
    "stories": {
        "available": 4,
        "collectionURI": "http://gateway.marvel.com/v1/public/characters/1009605/stories",
        "items": [
            {
                "resourceURI": "http://gateway.marvel.com/v1/public/stories/9049",
                "name": "[The Ghost of Reuben Hartnett]",
                "type": "interiorStory"
            },
            {
                "resourceURI": "http://gateway.marvel.com/v1/public/stories/26547",
                "name": "[The Ghost of Reuben Hartnett]",
                "type": "interiorStory"
            },
            {
                "resourceURI": "http://gateway.marvel.com/v1/public/stories/69479",
                "name": "Amazing Spider-Man (1999) #651 - Int",
                "type": "interiorStory"
            },
            {
                "resourceURI": "http://gateway.marvel.com/v1/public/stories/82071",
                "name": "Amazing Spider-Man (1999) #651, Tron Variant - Int",
                "type": "interiorStory"
            }
        ],
        "returned": 4
    },
    "events": {
        "available": 0,
        "collectionURI": "http://gateway.marvel.com/v1/public/characters/1009605/events",
        "items": [],
        "returned": 0
    },
    "urls": [
        {
            "type": "detail",
            "url": "http://marvel.com/comics/characters/1009605/spencer_smythe?utm_campaign=apiRef&utm_source=35410e46c72ea769348ceb6ba8cc90fd"
        },
        {
            "type": "wiki",
            "url": "http://marvel.com/universe/Spencer%20Smythe?utm_campaign=apiRef&utm_source=35410e46c72ea769348ceb6ba8cc90fd"
        }
    ]
}