{
    "id": 1009302,
    "name": "Fenris",
    "description": "",
    "modified": "1969-12-31T19:00:00-0500",
    "thumbnail": {
        "path": "http://i.annihil.us/u/prod/marvel/i/mg/b/40/image_not_available",
        "extension": "jpg"
    },
    "resourceURI": "http://gateway.marvel.com/v1/public/characters/1009302",
    "comics": {
        "available": 5,
        "collectionURI": "http://gateway.marvel.com/v1/public/characters/1009302/comics",
        "items": [
            {
                "resourceURI": "http://gateway.marvel.com/v1/public/comics/9689",
                "name": "Journey Into Mystery (1952) #114"
            },
            {
                "resourceURI": "http://gateway.marvel.com/v1/public/comics/17469",
                "name": "Marvel Masterworks: The Mighty Thor Vol. 3 (Hardcover)"
            },
            {
                "resourceURI": "http://gateway.marvel.com/v1/public/comics/30174",
                "name": "Secret Warriors (2008) #13"
            },
            {
                "resourceURI": "http://gateway.marvel.com/v1/public/comics/31597",
                "name": "Secret Warriors (2008) #13 (DEADPOOL VARIANT)"
            },
            {
                "resourceURI": "http://gateway.marvel.com/v1/public/comics/18349",
                "name": "What If? (1989) #46"
            }
        ],
        "returned": 5
    },
    "series": {
        "available": 4,
        "collectionURI": "http://gateway.marvel.com/v1/public/characters/1009302/series",
        "items": [
            {
                "resourceURI": "http://gateway.marvel.com/v1/public/series/2032",
                "name": "Journey Into Mystery (1952 - 1966)"
            },
            {
                "resourceURI": "http://gateway.marvel.com/v1/public/series/3301",
                "name": "Marvel Masterworks: The Mighty Thor Vol. 3 (0000 - Present)"
            },
            {
                "resourceURI": "http://gateway.marvel.com/v1/public/series/6796",
                "name": "Secret Warriors (2008 - 2011)"
            },
            {
                "resourceURI": "http://gateway.marvel.com/v1/public/series/3648",
                "name": "What If? (1989 - 1998)"
            }
        ],
        "returned": 4
    },
    "stories": {
        "available": 3,
        "collectionURI": "http://gateway.marvel.com/v1/public/characters/1009302/stories",
        "items": [
            {
                "resourceURI": "http://gateway.marvel.com/v1/public/stories/10999",
                "name": "The Golden Apples",
                "type": ""
            },
            {
                "resourceURI": "http://gateway.marvel.com/v1/public/stories/39086",
                "name": "What If Cable Destroyed  the X-Men",
                "type": "interiorStory"
            },
            {
                "resourceURI": "http://gateway.marvel.com/v1/public/stories/69175",
                "name": "Secret Warriors (2008) #13",
                "type": "interiorStory"
            }
        ],
        "returned": 3
    },
    "events": {
        "available": 0,
        "collectionURI": "http://gateway.marvel.com/v1/public/characters/1009302/events",
        "items": [],
        "returned": 0
    },
    "urls": [
        {
            "type": "detail",
            "url": "http://marvel.com/comics/characters/1009302/fenris?utm_campaign=apiRef&utm_source=35410e46c72ea769348ceb6ba8cc90fd"
        }
    ]
}