{
    "id": 1009707,
    "name": "Wasp",
    "description": "When Janet Van Dyne's father died, she convinced her father's associate Hank Pym to give her a supply of \"Pym particles\"; Pym also subjected her to a procedure which granted her the ability to, upon shrinking, grow wings and fire blasts of energy, which she called her \"wasp's stings.\"",
    "modified": "2012-05-04T15:56:58-0400",
    "thumbnail": {
        "path": "http://i.annihil.us/u/prod/marvel/i/mg/5/50/4c003a713d0b8",
        "extension": "jpg"
    },
    "resourceURI": "http://gateway.marvel.com/v1/public/characters/1009707",
    "comics": {
        "available": 232,
        "collectionURI": "http://gateway.marvel.com/v1/public/characters/1009707/comics",
        "items": [
            {
                "id": 41691,
                "resourceURI": "http://gateway.marvel.com/v1/public/comics/41691",
                "name": "Marvel Universe Avengers: Earth's Mightiest Heroes (2011) #3"
            },
            {
                "id": 42117,
                "resourceURI": "http://gateway.marvel.com/v1/public/comics/42117",
                "name": "Point One (2011) #1 (Bradshaw Variant)"
            },
            {
                "id": 42118,
                "resourceURI": "http://gateway.marvel.com/v1/public/comics/42118",
                "name": "Point One (2011) #1 (Bradshaw Inked Variant)"
            },
            {
                "id": 32686,
                "resourceURI": "http://gateway.marvel.com/v1/public/comics/32686",
                "name": "Avengers Origins: Vision (2013) #1"
            },
            {
                "id": 32680,
                "resourceURI": "http://gateway.marvel.com/v1/public/comics/32680",
                "name": "Avengers Origins: Ant-Man & the Wasp (2013) #1"
            },
            {
                "id": 29200,
                "resourceURI": "http://gateway.marvel.com/v1/public/comics/29200",
                "name": "Avengers (2010) #14"
            },
            {
                "id": 37655,
                "resourceURI": "http://gateway.marvel.com/v1/public/comics/37655",
                "name": "Ant-Man & Wasp: Small World (Trade Paperback)"
            },
            {
                "id": 38305,
                "resourceURI": "http://gateway.marvel.com/v1/public/comics/38305",
                "name": "Super Hero Squad Vol. 3 GN-TPB (Graphic Novel)"
            },
            {
                "id": 37488,
                "resourceURI": "http://gateway.marvel.com/v1/public/comics/37488",
                "name": "Sensational She-Hulk by John Byrne Vol. 1 (Trade Paperback)"
            },
            {
                "id": 39576,
                "resourceURI": "http://gateway.marvel.com/v1/public/comics/39576",
                "name": "Marvel Masterworks: The Avengers Vol. 3 (Trade Paperback)"
            },
            {
                "id": 39571,
                "resourceURI": "http://gateway.marvel.com/v1/public/comics/39571",
                "name": "Marvel Masterworks: The Avengers Vol. 3 Variant (DM Only) (Trade Paperback)"
            },
            {
                "id": 29214,
                "resourceURI": "http://gateway.marvel.com/v1/public/comics/29214",
                "name": "Avengers Academy (2010) #10"
            },
            {
                "id": 36394,
                "resourceURI": "http://gateway.marvel.com/v1/public/comics/36394",
                "name": "Captain America: Hail Hydra (2010) #2"
            },
            {
                "id": 34819,
                "resourceURI": "http://gateway.marvel.com/v1/public/comics/34819",
                "name": "Captain America: Hail Hydra (2010) #2"
            },
            {
                "id": 29222,
                "resourceURI": "http://gateway.marvel.com/v1/public/comics/29222",
                "name": "Avengers Academy (2010) #7"
            },
            {
                "id": 37874,
                "resourceURI": "http://gateway.marvel.com/v1/public/comics/37874",
                "name": "Avengers: Earth's Mightiest Heroes (2010) #1"
            },
            {
                "id": 31158,
                "resourceURI": "http://gateway.marvel.com/v1/public/comics/31158",
                "name": "Avengers: The Origin (2010) #5"
            },
            {
                "id": 31155,
                "resourceURI": "http://gateway.marvel.com/v1/public/comics/31155",
                "name": "Avengers: The Origin (2010) #3"
            },
            {
                "id": 31153,
                "resourceURI": "http://gateway.marvel.com/v1/public/comics/31153",
                "name": "Avengers: The Origin (2010) #2"
            },
            {
                "id": 31151,
                "resourceURI": "http://gateway.marvel.com/v1/public/comics/31151",
                "name": "Avengers: The Origin (2010) #1"
            },
            {
                "id": 29742,
                "resourceURI": "http://gateway.marvel.com/v1/public/comics/29742",
                "name": "Black Widow & the Marvel Girls (2009) #2"
            },
            {
                "id": 24348,
                "resourceURI": "http://gateway.marvel.com/v1/public/comics/24348",
                "name": "Adam: Legend of the Blue Marvel (Trade Paperback)"
            },
            {
                "id": 24549,
                "resourceURI": "http://gateway.marvel.com/v1/public/comics/24549",
                "name": "Avengers/Invaders (2008) #9"
            },
            {
                "id": 22912,
                "resourceURI": "http://gateway.marvel.com/v1/public/comics/22912",
                "name": "Avengers: The Initiative (2007) #20"
            },
            {
                "id": 22935,
                "resourceURI": "http://gateway.marvel.com/v1/public/comics/22935",
                "name": "Avengers/Invaders (2008) #7"
            },
            {
                "id": 22500,
                "resourceURI": "http://gateway.marvel.com/v1/public/comics/22500",
                "name": "Mighty Avengers (2007) #20"
            },
            {
                "id": 23057,
                "resourceURI": "http://gateway.marvel.com/v1/public/comics/23057",
                "name": "Avengers: First to Last Premiere (Hardcover)"
            },
            {
                "id": 23060,
                "resourceURI": "http://gateway.marvel.com/v1/public/comics/23060",
                "name": "Avengers: First to Last (Hardcover)"
            },
            {
                "id": 22461,
                "resourceURI": "http://gateway.marvel.com/v1/public/comics/22461",
                "name": "Adam: Legend of the Blue Marvel (2008) #1"
            },
            {
                "id": 21813,
                "resourceURI": "http://gateway.marvel.com/v1/public/comics/21813",
                "name": "X-Men: The Complete Onslaught Epic Book 3 (Trade Paperback)"
            },
            {
                "id": 21802,
                "resourceURI": "http://gateway.marvel.com/v1/public/comics/21802",
                "name": "Mighty Avengers Vol. 1: The Ultron Initiative (Trade Paperback)"
            },
            {
                "id": 21355,
                "resourceURI": "http://gateway.marvel.com/v1/public/comics/21355",
                "name": "Mighty Avengers (2007) #15"
            },
            {
                "id": 21394,
                "resourceURI": "http://gateway.marvel.com/v1/public/comics/21394",
                "name": "Avengers/Invaders (2008) #2"
            },
            {
                "id": 21315,
                "resourceURI": "http://gateway.marvel.com/v1/public/comics/21315",
                "name": "Hulk Vs. the Marvel Universe (Trade Paperback)"
            },
            {
                "id": 21085,
                "resourceURI": "http://gateway.marvel.com/v1/public/comics/21085",
                "name": "Secret Invasion: The Infiltration (Trade Paperback)"
            },
            {
                "id": 20866,
                "resourceURI": "http://gateway.marvel.com/v1/public/comics/20866",
                "name": "Mighty Avengers (2007) #11"
            },
            {
                "id": 20865,
                "resourceURI": "http://gateway.marvel.com/v1/public/comics/20865",
                "name": "Mighty Avengers (2007) #10"
            },
            {
                "id": 20670,
                "resourceURI": "http://gateway.marvel.com/v1/public/comics/20670",
                "name": "Mighty Avengers (2007) #9"
            },
            {
                "id": 17627,
                "resourceURI": "http://gateway.marvel.com/v1/public/comics/17627",
                "name": "Mighty Avengers (2007) #8"
            },
            {
                "id": 17247,
                "resourceURI": "http://gateway.marvel.com/v1/public/comics/17247",
                "name": "Mighty Avengers (2007) #7"
            },
            {
                "id": 16519,
                "resourceURI": "http://gateway.marvel.com/v1/public/comics/16519",
                "name": "Mighty Avengers (2007) #6"
            },
            {
                "id": 17454,
                "resourceURI": "http://gateway.marvel.com/v1/public/comics/17454",
                "name": "X-Men: The Complete Onslaught Epic Vol. 1 TPB (Trade Paperback)"
            },
            {
                "id": 17449,
                "resourceURI": "http://gateway.marvel.com/v1/public/comics/17449",
                "name": "Fantastic Four Visionaries: John Byrne Vol. 8 (Trade Paperback)"
            },
            {
                "id": 16626,
                "resourceURI": "http://gateway.marvel.com/v1/public/comics/16626",
                "name": "Avengers Assemble Vol. 5 (Hardcover)"
            },
            {
                "id": 16645,
                "resourceURI": "http://gateway.marvel.com/v1/public/comics/16645",
                "name": "Marvel Masterworks: The Avengers Vol. 7 (Hardcover)"
            },
            {
                "id": 15965,
                "resourceURI": "http://gateway.marvel.com/v1/public/comics/15965",
                "name": "Mighty Avengers (2007) #5"
            },
            {
                "id": 16222,
                "resourceURI": "http://gateway.marvel.com/v1/public/comics/16222",
                "name": "Women of Marvel Vol. 2 (Trade Paperback)"
            },
            {
                "id": 15855,
                "resourceURI": "http://gateway.marvel.com/v1/public/comics/15855",
                "name": "Mighty Avengers (2007) #4"
            },
            {
                "id": 15902,
                "resourceURI": "http://gateway.marvel.com/v1/public/comics/15902",
                "name": "Paradise X Vol. 1 (Trade Paperback)"
            },
            {
                "id": 15858,
                "resourceURI": "http://gateway.marvel.com/v1/public/comics/15858",
                "name": "Avengers Classic (2007) #1"
            },
            {
                "id": 15917,
                "resourceURI": "http://gateway.marvel.com/v1/public/comics/15917",
                "name": "Fantastic Four Visionaries: John Byrne Vol. 7 (Trade Paperback)"
            },
            {
                "id": 13477,
                "resourceURI": "http://gateway.marvel.com/v1/public/comics/13477",
                "name": "Mighty Avengers (2007) #3"
            },
            {
                "id": 6301,
                "resourceURI": "http://gateway.marvel.com/v1/public/comics/6301",
                "name": "Mighty Avengers (2007) #2"
            },
            {
                "id": 6146,
                "resourceURI": "http://gateway.marvel.com/v1/public/comics/6146",
                "name": "Spider-Man: Birth of Venom (Trade Paperback)"
            },
            {
                "id": 6040,
                "resourceURI": "http://gateway.marvel.com/v1/public/comics/6040",
                "name": "Beyond! (Hardcover)"
            },
            {
                "id": 5844,
                "resourceURI": "http://gateway.marvel.com/v1/public/comics/5844",
                "name": "Avengers Assemble Vol. 4 (Hardcover)"
            },
            {
                "id": 5705,
                "resourceURI": "http://gateway.marvel.com/v1/public/comics/5705",
                "name": "Heroes Reborn: Avengers (Trade Paperback)"
            },
            {
                "id": 5589,
                "resourceURI": "http://gateway.marvel.com/v1/public/comics/5589",
                "name": "Heroes Reborn: Iron Man (Trade Paperback)"
            },
            {
                "id": 4787,
                "resourceURI": "http://gateway.marvel.com/v1/public/comics/4787",
                "name": "Civil War (2006) #4 (Michael Turner Variant Cover)"
            },
            {
                "id": 4786,
                "resourceURI": "http://gateway.marvel.com/v1/public/comics/4786",
                "name": "Civil War (2006) #4"
            },
            {
                "id": 4461,
                "resourceURI": "http://gateway.marvel.com/v1/public/comics/4461",
                "name": "Avengers Assemble Vol. 3 (Hardcover)"
            },
            {
                "id": 4447,
                "resourceURI": "http://gateway.marvel.com/v1/public/comics/4447",
                "name": "Beyond! (2006) #1"
            },
            {
                "id": 4241,
                "resourceURI": "http://gateway.marvel.com/v1/public/comics/4241",
                "name": "Earth X (New (Trade Paperback)"
            },
            {
                "id": 4100,
                "resourceURI": "http://gateway.marvel.com/v1/public/comics/4100",
                "name": "Uncanny X-Men Omnibus Vol. 1 (Hardcover)"
            },
            {
                "id": 3965,
                "resourceURI": "http://gateway.marvel.com/v1/public/comics/3965",
                "name": "Marvel Masterworks: Ant-Man/Giant-Man Vol. (Hardcover)"
            },
            {
                "id": 3171,
                "resourceURI": "http://gateway.marvel.com/v1/public/comics/3171",
                "name": "Marvel Comics Presents Wolverine Vol. 2 (Trade Paperback)"
            },
            {
                "id": 3117,
                "resourceURI": "http://gateway.marvel.com/v1/public/comics/3117",
                "name": "G.L.a.: Misassembled (Trade Paperback)"
            },
            {
                "id": 2270,
                "resourceURI": "http://gateway.marvel.com/v1/public/comics/2270",
                "name": "Secret Wars (Trade Paperback)"
            },
            {
                "id": 2006,
                "resourceURI": "http://gateway.marvel.com/v1/public/comics/2006",
                "name": "Giant-Size Marvel (Trade Paperback)"
            },
            {
                "id": 2025,
                "resourceURI": "http://gateway.marvel.com/v1/public/comics/2025",
                "name": "Avengers: Kang Time and Time Again (Trade Paperback)"
            },
            {
                "id": 1981,
                "resourceURI": "http://gateway.marvel.com/v1/public/comics/1981",
                "name": "G.L.a. (2005) #2"
            },
            {
                "id": 1795,
                "resourceURI": "http://gateway.marvel.com/v1/public/comics/1795",
                "name": "Avengers Assemble Vol. 2 (Hardcover)"
            },
            {
                "id": 1672,
                "resourceURI": "http://gateway.marvel.com/v1/public/comics/1672",
                "name": "Marvel Weddings (Trade Paperback)"
            },
            {
                "id": 1587,
                "resourceURI": "http://gateway.marvel.com/v1/public/comics/1587",
                "name": "Marvel Masterworks: The Uncanny X-Men Vol. (Hardcover)"
            },
            {
                "id": 12120,
                "resourceURI": "http://gateway.marvel.com/v1/public/comics/12120",
                "name": "Wha...Huh? (2005) #1"
            },
            {
                "id": 1498,
                "resourceURI": "http://gateway.marvel.com/v1/public/comics/1498",
                "name": "What If? Classic Vol. 1 (Trade Paperback)"
            },
            {
                "id": 87,
                "resourceURI": "http://gateway.marvel.com/v1/public/comics/87",
                "name": "Marvel Masterworks: The Avengers Vol. (Hardcover)"
            },
            {
                "id": 845,
                "resourceURI": "http://gateway.marvel.com/v1/public/comics/845",
                "name": "Avengers (1998) #502"
            },
            {
                "id": 1311,
                "resourceURI": "http://gateway.marvel.com/v1/public/comics/1311",
                "name": "Avengers Assemble (Hardcover)"
            },
            {
                "id": 1214,
                "resourceURI": "http://gateway.marvel.com/v1/public/comics/1214",
                "name": "Avengers Vol. II: Red Zone (Trade Paperback)"
            },
            {
                "id": 1213,
                "resourceURI": "http://gateway.marvel.com/v1/public/comics/1213",
                "name": "Marvel Masterworks: The Avengers Vol. II - 2nd Edition (1st) (Trade Paperback)"
            },
            {
                "id": 10505,
                "resourceURI": "http://gateway.marvel.com/v1/public/comics/10505",
                "name": "Paradise X (2002)"
            },
            {
                "id": 1170,
                "resourceURI": "http://gateway.marvel.com/v1/public/comics/1170",
                "name": "Avengers Vol. 2: Red Zone (Trade Paperback)"
            },
            {
                "id": 1165,
                "resourceURI": "http://gateway.marvel.com/v1/public/comics/1165",
                "name": "Thor Legends Vol. 2: Walt Simonson Book II (Trade Paperback)"
            },
            {
                "id": 17551,
                "resourceURI": "http://gateway.marvel.com/v1/public/comics/17551",
                "name": "Avengers (1998) #65"
            },
            {
                "id": 1113,
                "resourceURI": "http://gateway.marvel.com/v1/public/comics/1113",
                "name": "Thor Vol. 3: Gods on Earth (Trade Paperback)"
            },
            {
                "id": 1098,
                "resourceURI": "http://gateway.marvel.com/v1/public/comics/1098",
                "name": "Avengers Vol. 1: World Trust (Trade Paperback)"
            },
            {
                "id": 17549,
                "resourceURI": "http://gateway.marvel.com/v1/public/comics/17549",
                "name": "Avengers (1998) #63"
            },
            {
                "id": 17548,
                "resourceURI": "http://gateway.marvel.com/v1/public/comics/17548",
                "name": "Avengers (1998) #62"
            },
            {
                "id": 17547,
                "resourceURI": "http://gateway.marvel.com/v1/public/comics/17547",
                "name": "Avengers (1998) #61"
            },
            {
                "id": 17546,
                "resourceURI": "http://gateway.marvel.com/v1/public/comics/17546",
                "name": "Avengers (1998) #60"
            },
            {
                "id": 17544,
                "resourceURI": "http://gateway.marvel.com/v1/public/comics/17544",
                "name": "Avengers (1998) #59"
            },
            {
                "id": 1033,
                "resourceURI": "http://gateway.marvel.com/v1/public/comics/1033",
                "name": "Avengers Legends Vol. I: Avengers Forever (Trade Paperback)"
            },
            {
                "id": 1038,
                "resourceURI": "http://gateway.marvel.com/v1/public/comics/1038",
                "name": "Avengers: The Kang Dynasty (Trade Paperback)"
            },
            {
                "id": 17543,
                "resourceURI": "http://gateway.marvel.com/v1/public/comics/17543",
                "name": "Avengers (1998) #58"
            },
            {
                "id": 17542,
                "resourceURI": "http://gateway.marvel.com/v1/public/comics/17542",
                "name": "Avengers (1998) #57"
            },
            {
                "id": 17540,
                "resourceURI": "http://gateway.marvel.com/v1/public/comics/17540",
                "name": "Avengers (1998) #55"
            },
            {
                "id": 12613,
                "resourceURI": "http://gateway.marvel.com/v1/public/comics/12613",
                "name": "Black Panther (1998) #44"
            },
            {
                "id": 17539,
                "resourceURI": "http://gateway.marvel.com/v1/public/comics/17539",
                "name": "Avengers (1998) #54"
            },
            {
                "id": 17538,
                "resourceURI": "http://gateway.marvel.com/v1/public/comics/17538",
                "name": "Avengers (1998) #53"
            },
            {
                "id": 15013,
                "resourceURI": "http://gateway.marvel.com/v1/public/comics/15013",
                "name": "X-Treme X-Men (2001) #11"
            },
            {
                "id": 17537,
                "resourceURI": "http://gateway.marvel.com/v1/public/comics/17537",
                "name": "Avengers (1998) #52"
            },
            {
                "id": 12611,
                "resourceURI": "http://gateway.marvel.com/v1/public/comics/12611",
                "name": "Black Panther (1998) #42"
            },
            {
                "id": 10492,
                "resourceURI": "http://gateway.marvel.com/v1/public/comics/10492",
                "name": "Paradise X (2002)"
            },
            {
                "id": 17536,
                "resourceURI": "http://gateway.marvel.com/v1/public/comics/17536",
                "name": "Avengers (1998) #51"
            },
            {
                "id": 15572,
                "resourceURI": "http://gateway.marvel.com/v1/public/comics/15572",
                "name": "Fantastic Four (1998) #50"
            },
            {
                "id": 17533,
                "resourceURI": "http://gateway.marvel.com/v1/public/comics/17533",
                "name": "Avengers (1998) #49"
            },
            {
                "id": 17532,
                "resourceURI": "http://gateway.marvel.com/v1/public/comics/17532",
                "name": "Avengers (1998) #48"
            },
            {
                "id": 17530,
                "resourceURI": "http://gateway.marvel.com/v1/public/comics/17530",
                "name": "Avengers (1998) #46"
            },
            {
                "id": 7354,
                "resourceURI": "http://gateway.marvel.com/v1/public/comics/7354",
                "name": "Avengers: Ultron Imperative (2001) #1"
            },
            {
                "id": 17529,
                "resourceURI": "http://gateway.marvel.com/v1/public/comics/17529",
                "name": "Avengers (1998) #45"
            },
            {
                "id": 17528,
                "resourceURI": "http://gateway.marvel.com/v1/public/comics/17528",
                "name": "Avengers (1998) #44"
            },
            {
                "id": 17527,
                "resourceURI": "http://gateway.marvel.com/v1/public/comics/17527",
                "name": "Avengers (1998) #43"
            },
            {
                "id": 17526,
                "resourceURI": "http://gateway.marvel.com/v1/public/comics/17526",
                "name": "Avengers (1998) #42"
            },
            {
                "id": 17525,
                "resourceURI": "http://gateway.marvel.com/v1/public/comics/17525",
                "name": "Avengers (1998) #41"
            },
            {
                "id": 19914,
                "resourceURI": "http://gateway.marvel.com/v1/public/comics/19914",
                "name": "Iron Man (1998) #40"
            },
            {
                "id": 17522,
                "resourceURI": "http://gateway.marvel.com/v1/public/comics/17522",
                "name": "Avengers (1998) #39"
            },
            {
                "id": 17521,
                "resourceURI": "http://gateway.marvel.com/v1/public/comics/17521",
                "name": "Avengers (1998) #38"
            },
            {
                "id": 17520,
                "resourceURI": "http://gateway.marvel.com/v1/public/comics/17520",
                "name": "Avengers (1998) #37"
            },
            {
                "id": 6946,
                "resourceURI": "http://gateway.marvel.com/v1/public/comics/6946",
                "name": "Avengers Forever (1998) #1"
            },
            {
                "id": 17519,
                "resourceURI": "http://gateway.marvel.com/v1/public/comics/17519",
                "name": "Avengers (1998) #36"
            },
            {
                "id": 10286,
                "resourceURI": "http://gateway.marvel.com/v1/public/comics/10286",
                "name": "Maximum Security (2000) #3"
            },
            {
                "id": 17518,
                "resourceURI": "http://gateway.marvel.com/v1/public/comics/17518",
                "name": "Avengers (1998) #35"
            },
            {
                "id": 10285,
                "resourceURI": "http://gateway.marvel.com/v1/public/comics/10285",
                "name": "Maximum Security (2000) #2"
            },
            {
                "id": 10284,
                "resourceURI": "http://gateway.marvel.com/v1/public/comics/10284",
                "name": "Maximum Security (2000) #1"
            },
            {
                "id": 17517,
                "resourceURI": "http://gateway.marvel.com/v1/public/comics/17517",
                "name": "Avengers (1998) #34"
            },
            {
                "id": 17516,
                "resourceURI": "http://gateway.marvel.com/v1/public/comics/17516",
                "name": "Avengers (1998) #33"
            },
            {
                "id": 17515,
                "resourceURI": "http://gateway.marvel.com/v1/public/comics/17515",
                "name": "Avengers (1998) #32"
            },
            {
                "id": 17514,
                "resourceURI": "http://gateway.marvel.com/v1/public/comics/17514",
                "name": "Avengers (1998) #31"
            },
            {
                "id": 17513,
                "resourceURI": "http://gateway.marvel.com/v1/public/comics/17513",
                "name": "Avengers (1998) #30"
            },
            {
                "id": 17511,
                "resourceURI": "http://gateway.marvel.com/v1/public/comics/17511",
                "name": "Avengers (1998) #29"
            },
            {
                "id": 17510,
                "resourceURI": "http://gateway.marvel.com/v1/public/comics/17510",
                "name": "Avengers (1998) #28"
            },
            {
                "id": 17509,
                "resourceURI": "http://gateway.marvel.com/v1/public/comics/17509",
                "name": "Avengers (1998) #27"
            },
            {
                "id": 8551,
                "resourceURI": "http://gateway.marvel.com/v1/public/comics/8551",
                "name": "Earth X (1999) #12"
            },
            {
                "id": 17507,
                "resourceURI": "http://gateway.marvel.com/v1/public/comics/17507",
                "name": "Avengers (1998) #25"
            },
            {
                "id": 17505,
                "resourceURI": "http://gateway.marvel.com/v1/public/comics/17505",
                "name": "Avengers (1998) #23"
            },
            {
                "id": 6952,
                "resourceURI": "http://gateway.marvel.com/v1/public/comics/6952",
                "name": "Avengers (1996) #1"
            },
            {
                "id": 1083,
                "resourceURI": "http://gateway.marvel.com/v1/public/comics/1083",
                "name": "X-Treme X-Men Vol. II (Trade Paperback)"
            },
            {
                "id": 12404,
                "resourceURI": "http://gateway.marvel.com/v1/public/comics/12404",
                "name": "Avengers Forever (1998) #12"
            },
            {
                "id": 17504,
                "resourceURI": "http://gateway.marvel.com/v1/public/comics/17504",
                "name": "Avengers (1998) #22"
            },
            {
                "id": 17503,
                "resourceURI": "http://gateway.marvel.com/v1/public/comics/17503",
                "name": "Avengers (1998) #21"
            },
            {
                "id": 12403,
                "resourceURI": "http://gateway.marvel.com/v1/public/comics/12403",
                "name": "Avengers Forever (1998) #11"
            },
            {
                "id": 12402,
                "resourceURI": "http://gateway.marvel.com/v1/public/comics/12402",
                "name": "Avengers Forever (1998) #10"
            },
            {
                "id": 17502,
                "resourceURI": "http://gateway.marvel.com/v1/public/comics/17502",
                "name": "Avengers (1998) #20"
            },
            {
                "id": 12780,
                "resourceURI": "http://gateway.marvel.com/v1/public/comics/12780",
                "name": "Captain America (1998) #21"
            },
            {
                "id": 17500,
                "resourceURI": "http://gateway.marvel.com/v1/public/comics/17500",
                "name": "Avengers (1998) #19"
            },
            {
                "id": 8555,
                "resourceURI": "http://gateway.marvel.com/v1/public/comics/8555",
                "name": "Earth X (1999) #5"
            },
            {
                "id": 12411,
                "resourceURI": "http://gateway.marvel.com/v1/public/comics/12411",
                "name": "Avengers Forever (1998) #8"
            },
            {
                "id": 17499,
                "resourceURI": "http://gateway.marvel.com/v1/public/comics/17499",
                "name": "Avengers (1998) #18"
            },
            {
                "id": 17498,
                "resourceURI": "http://gateway.marvel.com/v1/public/comics/17498",
                "name": "Avengers (1998) #17"
            },
            {
                "id": 12410,
                "resourceURI": "http://gateway.marvel.com/v1/public/comics/12410",
                "name": "Avengers Forever (1998) #7"
            },
            {
                "id": 14382,
                "resourceURI": "http://gateway.marvel.com/v1/public/comics/14382",
                "name": "X-Men (1991) #89"
            },
            {
                "id": 8553,
                "resourceURI": "http://gateway.marvel.com/v1/public/comics/8553",
                "name": "Earth X (1999) #3"
            },
            {
                "id": 12409,
                "resourceURI": "http://gateway.marvel.com/v1/public/comics/12409",
                "name": "Avengers Forever (1998) #6"
            },
            {
                "id": 17497,
                "resourceURI": "http://gateway.marvel.com/v1/public/comics/17497",
                "name": "Avengers (1998) #16"
            },
            {
                "id": 12407,
                "resourceURI": "http://gateway.marvel.com/v1/public/comics/12407",
                "name": "Avengers Forever (1998) #4"
            },
            {
                "id": 12408,
                "resourceURI": "http://gateway.marvel.com/v1/public/comics/12408",
                "name": "Avengers Forever (1998) #5"
            },
            {
                "id": 12406,
                "resourceURI": "http://gateway.marvel.com/v1/public/comics/12406",
                "name": "Avengers Forever (1998) #3"
            },
            {
                "id": 12405,
                "resourceURI": "http://gateway.marvel.com/v1/public/comics/12405",
                "name": "Avengers Forever (1998) #2"
            },
            {
                "id": 17492,
                "resourceURI": "http://gateway.marvel.com/v1/public/comics/17492",
                "name": "Avengers (1998) #11"
            },
            {
                "id": 17491,
                "resourceURI": "http://gateway.marvel.com/v1/public/comics/17491",
                "name": "Avengers (1998) #10"
            },
            {
                "id": 17523,
                "resourceURI": "http://gateway.marvel.com/v1/public/comics/17523",
                "name": "Avengers (1998) #4"
            },
            {
                "id": 17512,
                "resourceURI": "http://gateway.marvel.com/v1/public/comics/17512",
                "name": "Avengers (1998) #3"
            },
            {
                "id": 17501,
                "resourceURI": "http://gateway.marvel.com/v1/public/comics/17501",
                "name": "Avengers (1998) #2"
            },
            {
                "id": 17490,
                "resourceURI": "http://gateway.marvel.com/v1/public/comics/17490",
                "name": "Avengers (1998) #1"
            },
            {
                "id": 17754,
                "resourceURI": "http://gateway.marvel.com/v1/public/comics/17754",
                "name": "Avengers (1996) #12"
            },
            {
                "id": 16331,
                "resourceURI": "http://gateway.marvel.com/v1/public/comics/16331",
                "name": "Iron Man (1996) #12"
            },
            {
                "id": 17753,
                "resourceURI": "http://gateway.marvel.com/v1/public/comics/17753",
                "name": "Avengers (1996) #11"
            },
            {
                "id": 17752,
                "resourceURI": "http://gateway.marvel.com/v1/public/comics/17752",
                "name": "Avengers (1996) #10"
            },
            {
                "id": 17763,
                "resourceURI": "http://gateway.marvel.com/v1/public/comics/17763",
                "name": "Avengers (1996) #9"
            },
            {
                "id": 17758,
                "resourceURI": "http://gateway.marvel.com/v1/public/comics/17758",
                "name": "Avengers (1996) #4"
            },
            {
                "id": 17757,
                "resourceURI": "http://gateway.marvel.com/v1/public/comics/17757",
                "name": "Avengers (1996) #3"
            },
            {
                "id": 10453,
                "resourceURI": "http://gateway.marvel.com/v1/public/comics/10453",
                "name": "Onslaught: Marvel Universe (1996) #1"
            },
            {
                "id": 20767,
                "resourceURI": "http://gateway.marvel.com/v1/public/comics/20767",
                "name": "Onslaught: X-Men (1996) #1"
            },
            {
                "id": 14345,
                "resourceURI": "http://gateway.marvel.com/v1/public/comics/14345",
                "name": "X-Men (1991) #55"
            },
            {
                "id": 23314,
                "resourceURI": "http://gateway.marvel.com/v1/public/comics/23314",
                "name": "The Last Avengers Story (1995) #2"
            },
            {
                "id": 23313,
                "resourceURI": "http://gateway.marvel.com/v1/public/comics/23313",
                "name": "The Last Avengers Story (1995) #1"
            },
            {
                "id": 18121,
                "resourceURI": "http://gateway.marvel.com/v1/public/comics/18121",
                "name": "X-Men Unlimited (1993) #2"
            },
            {
                "id": 9533,
                "resourceURI": "http://gateway.marvel.com/v1/public/comics/9533",
                "name": "Iron Man (1968) #285"
            },
            {
                "id": 13192,
                "resourceURI": "http://gateway.marvel.com/v1/public/comics/13192",
                "name": "Fantastic Four (1961) #368"
            },
            {
                "id": 17844,
                "resourceURI": "http://gateway.marvel.com/v1/public/comics/17844",
                "name": "Avengers West Coast Annual (1989) #6"
            },
            {
                "id": 10128,
                "resourceURI": "http://gateway.marvel.com/v1/public/comics/10128",
                "name": "Marvel Comics Presents (1988) #48"
            },
            {
                "id": 7158,
                "resourceURI": "http://gateway.marvel.com/v1/public/comics/7158",
                "name": "Avengers (1963) #285"
            },
            {
                "id": 7157,
                "resourceURI": "http://gateway.marvel.com/v1/public/comics/7157",
                "name": "Avengers (1963) #284"
            },
            {
                "id": 7156,
                "resourceURI": "http://gateway.marvel.com/v1/public/comics/7156",
                "name": "Avengers (1963) #283"
            },
            {
                "id": 7138,
                "resourceURI": "http://gateway.marvel.com/v1/public/comics/7138",
                "name": "Avengers (1963) #267"
            },
            {
                "id": 13102,
                "resourceURI": "http://gateway.marvel.com/v1/public/comics/13102",
                "name": "Fantastic Four (1961) #287"
            },
            {
                "id": 6929,
                "resourceURI": "http://gateway.marvel.com/v1/public/comics/6929",
                "name": "Avengers Annual (1967) #15"
            },
            {
                "id": 8697,
                "resourceURI": "http://gateway.marvel.com/v1/public/comics/8697",
                "name": "Fantastic Four Annual (1963) #19"
            },
            {
                "id": 18884,
                "resourceURI": "http://gateway.marvel.com/v1/public/comics/18884",
                "name": "Secret Wars II (1985) #1"
            },
            {
                "id": 10583,
                "resourceURI": "http://gateway.marvel.com/v1/public/comics/10583",
                "name": "Secret Wars (1984) #12"
            },
            {
                "id": 13732,
                "resourceURI": "http://gateway.marvel.com/v1/public/comics/13732",
                "name": "Uncanny X-Men (1963) #191"
            },
            {
                "id": 10582,
                "resourceURI": "http://gateway.marvel.com/v1/public/comics/10582",
                "name": "Secret Wars (1984) #11"
            },
            {
                "id": 10581,
                "resourceURI": "http://gateway.marvel.com/v1/public/comics/10581",
                "name": "Secret Wars (1984) #10"
            },
            {
                "id": 13731,
                "resourceURI": "http://gateway.marvel.com/v1/public/comics/13731",
                "name": "Uncanny X-Men (1963) #190"
            },
            {
                "id": 10591,
                "resourceURI": "http://gateway.marvel.com/v1/public/comics/10591",
                "name": "Secret Wars (1984) #9"
            },
            {
                "id": 11678,
                "resourceURI": "http://gateway.marvel.com/v1/public/comics/11678",
                "name": "Thor (1966) #350"
            },
            {
                "id": 10590,
                "resourceURI": "http://gateway.marvel.com/v1/public/comics/10590",
                "name": "Secret Wars (1984) #8"
            },
            {
                "id": 10589,
                "resourceURI": "http://gateway.marvel.com/v1/public/comics/10589",
                "name": "Secret Wars (1984) #7"
            },
            {
                "id": 7118,
                "resourceURI": "http://gateway.marvel.com/v1/public/comics/7118",
                "name": "Avengers (1963) #249"
            },
            {
                "id": 10588,
                "resourceURI": "http://gateway.marvel.com/v1/public/comics/10588",
                "name": "Secret Wars (1984) #6"
            },
            {
                "id": 9111,
                "resourceURI": "http://gateway.marvel.com/v1/public/comics/9111",
                "name": "Incredible Hulk (1962) #300"
            },
            {
                "id": 10587,
                "resourceURI": "http://gateway.marvel.com/v1/public/comics/10587",
                "name": "Secret Wars (1984) #5"
            },
            {
                "id": 10586,
                "resourceURI": "http://gateway.marvel.com/v1/public/comics/10586",
                "name": "Secret Wars (1984) #4"
            },
            {
                "id": 7115,
                "resourceURI": "http://gateway.marvel.com/v1/public/comics/7115",
                "name": "Avengers (1963) #246"
            },
            {
                "id": 10585,
                "resourceURI": "http://gateway.marvel.com/v1/public/comics/10585",
                "name": "Secret Wars (1984) #3"
            },
            {
                "id": 10584,
                "resourceURI": "http://gateway.marvel.com/v1/public/comics/10584",
                "name": "Secret Wars (1984) #2"
            },
            {
                "id": 10580,
                "resourceURI": "http://gateway.marvel.com/v1/public/comics/10580",
                "name": "Secret Wars (1984) #1"
            },
            {
                "id": 7100,
                "resourceURI": "http://gateway.marvel.com/v1/public/comics/7100",
                "name": "Avengers (1963) #232"
            },
            {
                "id": 19571,
                "resourceURI": "http://gateway.marvel.com/v1/public/comics/19571",
                "name": "Marvel Two-in-One (1974) #96"
            },
            {
                "id": 7095,
                "resourceURI": "http://gateway.marvel.com/v1/public/comics/7095",
                "name": "Avengers (1963) #228"
            },
            {
                "id": 7048,
                "resourceURI": "http://gateway.marvel.com/v1/public/comics/7048",
                "name": "Avengers (1963) #186"
            },
            {
                "id": 12423,
                "resourceURI": "http://gateway.marvel.com/v1/public/comics/12423",
                "name": "Uncanny X-Men (1963) #108"
            },
            {
                "id": 12143,
                "resourceURI": "http://gateway.marvel.com/v1/public/comics/12143",
                "name": "What If? (1977) #3"
            },
            {
                "id": 7015,
                "resourceURI": "http://gateway.marvel.com/v1/public/comics/7015",
                "name": "Avengers (1963) #156"
            },
            {
                "id": 18795,
                "resourceURI": "http://gateway.marvel.com/v1/public/comics/18795",
                "name": "Super-Villain Team-Up (1975) #9"
            },
            {
                "id": 7004,
                "resourceURI": "http://gateway.marvel.com/v1/public/comics/7004",
                "name": "Avengers (1963) #146"
            },
            {
                "id": 20020,
                "resourceURI": "http://gateway.marvel.com/v1/public/comics/20020",
                "name": "Giant-Size Avengers (1974) #1"
            },
            {
                "id": 6940,
                "resourceURI": "http://gateway.marvel.com/v1/public/comics/6940",
                "name": "Avengers Annual (1967) #4"
            },
            {
                "id": 7336,
                "resourceURI": "http://gateway.marvel.com/v1/public/comics/7336",
                "name": "Avengers (1963) #83"
            },
            {
                "id": 7314,
                "resourceURI": "http://gateway.marvel.com/v1/public/comics/7314",
                "name": "Avengers (1963) #63"
            },
            {
                "id": 7309,
                "resourceURI": "http://gateway.marvel.com/v1/public/comics/7309",
                "name": "Avengers (1963) #59"
            },
            {
                "id": 6975,
                "resourceURI": "http://gateway.marvel.com/v1/public/comics/6975",
                "name": "Avengers (1963) #12"
            },
            {
                "id": 11407,
                "resourceURI": "http://gateway.marvel.com/v1/public/comics/11407",
                "name": "Tales to Astonish (1959) #62"
            },
            {
                "id": 6953,
                "resourceURI": "http://gateway.marvel.com/v1/public/comics/6953",
                "name": "Avengers (1963) #10"
            },
            {
                "id": 7332,
                "resourceURI": "http://gateway.marvel.com/v1/public/comics/7332",
                "name": "Avengers (1963) #8"
            },
            {
                "id": 11402,
                "resourceURI": "http://gateway.marvel.com/v1/public/comics/11402",
                "name": "Tales to Astonish (1959) #58"
            },
            {
                "id": 7299,
                "resourceURI": "http://gateway.marvel.com/v1/public/comics/7299",
                "name": "Avengers (1963) #5"
            },
            {
                "id": 11394,
                "resourceURI": "http://gateway.marvel.com/v1/public/comics/11394",
                "name": "Tales to Astonish (1959) #50"
            },
            {
                "id": 11391,
                "resourceURI": "http://gateway.marvel.com/v1/public/comics/11391",
                "name": "Tales to Astonish (1959) #48"
            },
            {
                "id": 17487,
                "resourceURI": "http://gateway.marvel.com/v1/public/comics/17487",
                "name": "X-Men: The Complete Onslaught Epic Vol. 4 (0000)"
            },
            {
                "id": 17465,
                "resourceURI": "http://gateway.marvel.com/v1/public/comics/17465",
                "name": "Marvel Masterworks: Ant-Man/Giant-Man Vol. 1 (Hardcover)"
            }
        ],
        "returned": 232
    },
    "series": {
        "available": 105,
        "collectionURI": "http://gateway.marvel.com/v1/public/characters/1009707/series",
        "items": [
            {
                "resourceURI": "http://gateway.marvel.com/v1/public/series/6079",
                "name": "Adam: Legend of the Blue Marvel (2008)"
            },
            {
                "resourceURI": "http://gateway.marvel.com/v1/public/series/7524",
                "name": "Adam: Legend of the Blue Marvel (2008)"
            },
            {
                "resourceURI": "http://gateway.marvel.com/v1/public/series/13540",
                "name": "Ant-Man & Wasp: Small World (2010 - Present)"
            },
            {
                "resourceURI": "http://gateway.marvel.com/v1/public/series/1991",
                "name": "Avengers (1963 - 1996)"
            },
            {
                "resourceURI": "http://gateway.marvel.com/v1/public/series/354",
                "name": "Avengers (1998 - 2004)"
            },
            {
                "resourceURI": "http://gateway.marvel.com/v1/public/series/9085",
                "name": "Avengers (2010 - 2012)"
            },
            {
                "resourceURI": "http://gateway.marvel.com/v1/public/series/3621",
                "name": "Avengers (1996 - 1997)"
            },
            {
                "resourceURI": "http://gateway.marvel.com/v1/public/series/9086",
                "name": "Avengers Academy (2010 - 2012)"
            },
            {
                "resourceURI": "http://gateway.marvel.com/v1/public/series/1988",
                "name": "Avengers Annual (1967 - 1994)"
            },
            {
                "resourceURI": "http://gateway.marvel.com/v1/public/series/1340",
                "name": "Avengers Assemble (2004)"
            },
            {
                "resourceURI": "http://gateway.marvel.com/v1/public/series/1496",
                "name": "Avengers Assemble Vol. 2 (2005)"
            },
            {
                "resourceURI": "http://gateway.marvel.com/v1/public/series/1737",
                "name": "Avengers Assemble Vol. 3 (2006)"
            },
            {
                "resourceURI": "http://gateway.marvel.com/v1/public/series/1816",
                "name": "Avengers Assemble Vol. 4 (2007)"
            },
            {
                "resourceURI": "http://gateway.marvel.com/v1/public/series/2929",
                "name": "Avengers Assemble Vol. 5 (2007)"
            },
            {
                "resourceURI": "http://gateway.marvel.com/v1/public/series/2384",
                "name": "Avengers Classic (2007 - 2008)"
            },
            {
                "resourceURI": "http://gateway.marvel.com/v1/public/series/2111",
                "name": "Avengers Forever (1998 - 2001)"
            },
            {
                "resourceURI": "http://gateway.marvel.com/v1/public/series/93",
                "name": "Avengers Legends Vol. I: Avengers Forever (2002)"
            },
            {
                "resourceURI": "http://gateway.marvel.com/v1/public/series/9860",
                "name": "Avengers Origins: Ant-Man & the Wasp (2013)"
            },
            {
                "resourceURI": "http://gateway.marvel.com/v1/public/series/9863",
                "name": "Avengers Origins: Vision (2013)"
            },
            {
                "resourceURI": "http://gateway.marvel.com/v1/public/series/158",
                "name": "Avengers Vol. 1: World Trust (2003)"
            }
        ],
        "returned": 20
    },
    "stories": {
        "available": 250,
        "collectionURI": "http://gateway.marvel.com/v1/public/characters/1009707/stories",
        "items": [
            {
                "resourceURI": "http://gateway.marvel.com/v1/public/stories/1040",
                "name": "Avengers (1998) #502",
                "type": "cover"
            },
            {
                "resourceURI": "http://gateway.marvel.com/v1/public/stories/4185",
                "name": "2 of 4 - 4XLS",
                "type": "cover"
            },
            {
                "resourceURI": "http://gateway.marvel.com/v1/public/stories/5621",
                "name": "1 of 6 - 6XLS",
                "type": "cover"
            },
            {
                "resourceURI": "http://gateway.marvel.com/v1/public/stories/5884",
                "name": "4 of 7 - 7XLS",
                "type": "cover"
            },
            {
                "resourceURI": "http://gateway.marvel.com/v1/public/stories/5886",
                "name": "Cover #5886",
                "type": "cover"
            },
            {
                "resourceURI": "http://gateway.marvel.com/v1/public/stories/8340",
                "name": "2 of 6 - Ultron",
                "type": "interiorStory"
            },
            {
                "resourceURI": "http://gateway.marvel.com/v1/public/stories/8682",
                "name": "3 of 6 - Ultron; THE INITIATIVE BANNER",
                "type": "interiorStory"
            },
            {
                "resourceURI": "http://gateway.marvel.com/v1/public/stories/12199",
                "name": "Cover #12199",
                "type": "cover"
            },
            {
                "resourceURI": "http://gateway.marvel.com/v1/public/stories/12215",
                "name": "The Human Top",
                "type": "interiorStory"
            },
            {
                "resourceURI": "http://gateway.marvel.com/v1/public/stories/12241",
                "name": "Cover #12241",
                "type": "cover"
            },
            {
                "resourceURI": "http://gateway.marvel.com/v1/public/stories/12260",
                "name": "Cover #12260",
                "type": "cover"
            },
            {
                "resourceURI": "http://gateway.marvel.com/v1/public/stories/12261",
                "name": "Giant-Man versus the Wonderful Wasp!",
                "type": "interiorStory"
            },
            {
                "resourceURI": "http://gateway.marvel.com/v1/public/stories/12849",
                "name": "Prisoner of the Flesh",
                "type": "interiorStory"
            },
            {
                "resourceURI": "http://gateway.marvel.com/v1/public/stories/13107",
                "name": "Day of the Dark Side!",
                "type": "interiorStory"
            },
            {
                "resourceURI": "http://gateway.marvel.com/v1/public/stories/14437",
                "name": "Cover #14437",
                "type": "cover"
            },
            {
                "resourceURI": "http://gateway.marvel.com/v1/public/stories/14438",
                "name": "\"The Death-Trap of Doctor Doom!\"",
                "type": "interiorStory"
            },
            {
                "resourceURI": "http://gateway.marvel.com/v1/public/stories/14439",
                "name": "A Marvel Masterworks Pin-up",
                "type": "pinup"
            },
            {
                "resourceURI": "http://gateway.marvel.com/v1/public/stories/14442",
                "name": "The Avengers Break Up!",
                "type": "interiorStory"
            },
            {
                "resourceURI": "http://gateway.marvel.com/v1/public/stories/14487",
                "name": "Avengers (1963) #12 cover",
                "type": "cover"
            },
            {
                "resourceURI": "http://gateway.marvel.com/v1/public/stories/14546",
                "name": "The Assassin Never Fails!",
                "type": "interiorStory"
            }
        ],
        "returned": 20
    },
    "events": {
        "available": 11,
        "collectionURI": "http://gateway.marvel.com/v1/public/characters/1009707/events",
        "items": [
            {
                "resourceURI": "http://gateway.marvel.com/v1/public/events/234",
                "name": "Avengers Disassembled"
            },
            {
                "resourceURI": "http://gateway.marvel.com/v1/public/events/238",
                "name": "Civil War"
            },
            {
                "resourceURI": "http://gateway.marvel.com/v1/public/events/318",
                "name": "Dark Reign"
            },
            {
                "resourceURI": "http://gateway.marvel.com/v1/public/events/302",
                "name": "Fear Itself"
            },
            {
                "resourceURI": "http://gateway.marvel.com/v1/public/events/29",
                "name": "Infinity War"
            },
            {
                "resourceURI": "http://gateway.marvel.com/v1/public/events/255",
                "name": "Initiative"
            },
            {
                "resourceURI": "http://gateway.marvel.com/v1/public/events/37",
                "name": "Maximum Security"
            },
            {
                "resourceURI": "http://gateway.marvel.com/v1/public/events/154",
                "name": "Onslaught"
            },
            {
                "resourceURI": "http://gateway.marvel.com/v1/public/events/269",
                "name": "Secret Invasion"
            },
            {
                "resourceURI": "http://gateway.marvel.com/v1/public/events/270",
                "name": "Secret Wars"
            },
            {
                "resourceURI": "http://gateway.marvel.com/v1/public/events/271",
                "name": "Secret Wars II"
            }
        ],
        "returned": 11
    },
    "urls": [
        {
            "type": "detail",
            "url": "http://marvel.com/comics/characters/1009707/wasp?utm_campaign=apiRef&utm_source=35410e46c72ea769348ceb6ba8cc90fd"
        },
        {
            "type": "wiki",
            "url": "http://marvel.com/universe/Wasp?utm_campaign=apiRef&utm_source=35410e46c72ea769348ceb6ba8cc90fd"
        }
    ],
    "wiki": {
        "universe": "[[Marvel Universe]]",
        "real_name": "Janet Van Dyne",
        "identity": "Known",
        "occupation": "Adventurer; former fashion designer, owner of Van Dyne Industries",
        "place_of_birth": "Cresskill, New Jersey",
        "groups": "Formerly [[Avengers]], [[West Coast Avengers]]",
        "citizenship": "United States of America",
        "education": "College Degree",
        "aliases": "Pixie, Doctor Spectrum",
        "relatives": "Vernon Van Dyne (father, deceased), unidentified mother (deceased), [[Yellowjacket (Henry Pym)|Henry \"Hank\" Pym]] (ex-husband)giant man[husband]",
        "height": "5' 4\"",
        "weight": "110 lbs",
        "eyes": "Blue",
        "hair": "Auburn",
        "powers": "Flight (approx 40 mph), size Reduction (with gain in strength), bio-electric blasts.",
        "abilities": "Combat and leader skills.",
        "weapons": "Formerly, wrist stingers. Her stings can now be projected without these mechanical aids.",
        "paraphernalia": "",
        "debut": "Tales to Astonish #44",
        "origin": "",
        "significant_issues": "Becomes Doctor Spectrum (Avengers Annual #8, 1978); apparently dies (Secret Invasion #8, 2008); transformed into a celestial entity (Mighty Avengers #35, 2010)",
        "main_image": "waspers.jpg",
        "bio_text": "Janet van Dyne was a daughter of a wealthy scientist named Vernon van Dyne. During an experiment, however, an [[Glossary:A#alien|alien]] monster was unleashed and Dr. van Dyne was killed. Her father's associate, Dr. Henry \"Hank\" Pym, had created a substance called \"[[Glossary:P#Pym Particles|Pym particles]]\", which allowed the user to grow or shrink in size, and had become the [[Glossary:S#super hero|superhero]] [[Ant-Man]]; when Janet's father died, she convinced Pym to help her, and he gave her a supply of \"Pym particles\" and subjected her to a procedure which granted her the ability to, upon shrinking, grow wings and fire blasts of energy, which she called her \"wasp's stings\". As Ant-Man and The Wasp, they defeated the monster and sent it to its own [[Glossary:D#dimension|dimension]], and had several more adventures together. To the Wasp's credit her first solo victory, despite the protests of her absent partner, was against the maniacal [[Magician (Unrevealed)|Magician]].",
        "bio": "Janet van Dyne was a daughter of a wealthy scientist named Vernon van Dyne. During an experiment, however, an [[Glossary:A#alien|alien]] monster was unleashed and Dr. van Dyne was killed. Her father's associate, Dr. Henry \"Hank\" Pym, had created a substance called \"[[Glossary:P#Pym Particles|Pym particles]]\", which allowed the user to grow or shrink in size, and had become the [[Glossary:S#super hero|superhero]] [[Ant-Man]]; when Janet's father died, she convinced Pym to help her, and he gave her a supply of \"Pym particles\" and subjected her to a procedure which granted her the ability to, upon shrinking, grow wings and fire blasts of energy, which she called her \"wasp's stings\". As Ant-Man and The Wasp, they defeated the monster and sent it to its own [[Glossary:D#dimension|dimension]], and had several more adventures together. To the Wasp's credit her first solo victory, despite the protests of her absent partner, was against the maniacal [[Magician (Unrevealed)|Magician]].\n\n\nSoon afterward, the superhero team, which Janet herself dubbed the [[Avengers]], formed, and the pair were among its founding members. Although they took occasional leaves of absence, the two have almost always remained members; during the course, Janet grew as a person and several years later would be elected leader of the team.\n\nThe relationship between Janet and Pym had always been one of loving squabbling, but her wealth and his research had always stopped him from proposing. One day a cocky new costumed crimefighter called Yellowjacket broke into Avengers HQ. He claimed to have disposed of Pym and even kidnapped Janet. To the outrage of her colleagues, Janet then married Yellowjacket. A tension-filled wedding was made even more edgy by an attack by the [[Circus of Crime]]. During the fight it was discovered that Yellowjacket was Pym. He had had an accident with some chemicals causing him a severe case of schizophrenia. Janet had realized this from very early on and had taken advantage to finally tie the knot.\n\nHowever, her relationship with Pym became rocky, as he suffered a further series of mental problems. A few years later, Pym had a complete breakdown, and became completely paranoid. During the course of this breakdown, he became overbearing and verbally abusive. At the nadir of his degeneration, he struck Janet, and then proceeded to concoct a plan to make himself look good in front of his teammates by staging an attack upon them which only he could stop. This plan backfired and Pym was exposed, disgraced, and expelled from the Avengers, and the couple divorced. She remained with the team despite these hardships, and after Pym's mental state returned to normal, the two became friends again and, some years later, resumed a romantic relationship.\n\nDuring the [[Avengers Disassembled|mental breakdown of one of their long-time teammates]], [[Scarlet Witch (Wanda Maximoff)|Scarlet Witch]], Janet was knocked into a coma by an attack on [[Avengers Mansion]]. Hank watched over her as she lay in the hospital, and when she recovered, they reconciled. The two have retired from the Avengers in order to pursue a new life together in Oxford.\n\nLife wasn't meant to be peaceful for one of the premiere heroines of the world for there were enemies lurking everywhere. The shape-shifting race known as the [[Skrulls]] had infiltrated Earth and replaced much of the population, including many heroes, with their own people. Even Hank Pym was switched out and remained hidden for years among those who knew him best, especially Janet. At the cusp of their [[Secret Invasion|invasion]], it would seem the Earth would fall into enemy hands, but the Wasp along with every hero and villain left standing would face off against the alien invaders. Unfortunately for the Wasp, the Skrull Hank was experimenting on her and changed her into a biological bomb meant to destroy the heroes of Earth. When she used her size-changing abilities to grow to gigantic proportions, the Skrulls detonated the bomb, apparently killing Janet in the process.",
        "categories": [
            "Women",
            "Heroes",
            "Avengers",
            "Civil War"
        ]
    }
}