{
    "id": 1009697,
    "name": "Vision",
    "description": "The metal monstrosity called Ultron created the synthetic humanoid known as the Vision from the remains of the original android Human Torch of the 1940s to serve as a vehicle of vengeance against the Avengers.",
    "modified": "2013-02-25T15:12:43-0500",
    "thumbnail": {
        "path": "http://i.annihil.us/u/prod/marvel/i/mg/9/d0/5111527040594",
        "extension": "jpg"
    },
    "resourceURI": "http://gateway.marvel.com/v1/public/characters/1009697",
    "comics": {
        "available": 268,
        "collectionURI": "http://gateway.marvel.com/v1/public/characters/1009697/comics",
        "items": [
            {
                "id": 35241,
                "resourceURI": "http://gateway.marvel.com/v1/public/comics/35241",
                "name": "New Avengers (2010) #24"
            },
            {
                "id": 40706,
                "resourceURI": "http://gateway.marvel.com/v1/public/comics/40706",
                "name": "Secret Avengers (2010) #26"
            },
            {
                "id": 32686,
                "resourceURI": "http://gateway.marvel.com/v1/public/comics/32686",
                "name": "Avengers Origins: Vision (2013) #1"
            },
            {
                "id": 41161,
                "resourceURI": "http://gateway.marvel.com/v1/public/comics/41161",
                "name": "Shame Itself (2011) #1"
            },
            {
                "id": 39543,
                "resourceURI": "http://gateway.marvel.com/v1/public/comics/39543",
                "name": "Marvel Masterworks: The Avengers Vol. 11 HC (Hardcover)"
            },
            {
                "id": 39540,
                "resourceURI": "http://gateway.marvel.com/v1/public/comics/39540",
                "name": "Marvel Masterworks: The Avengers Vol. 11 HC (DM Variant) (Hardcover)"
            },
            {
                "id": 29394,
                "resourceURI": "http://gateway.marvel.com/v1/public/comics/29394",
                "name": "Marvel Adventures Super Heroes Vol. 7 Digest (Digest)"
            },
            {
                "id": 37085,
                "resourceURI": "http://gateway.marvel.com/v1/public/comics/37085",
                "name": "Chaos War: Dead Avengers (2010) #2"
            },
            {
                "id": 33864,
                "resourceURI": "http://gateway.marvel.com/v1/public/comics/33864",
                "name": "Captain America & the Korvac Saga (2010) #1"
            },
            {
                "id": 37064,
                "resourceURI": "http://gateway.marvel.com/v1/public/comics/37064",
                "name": "Chaos War: Dead Avengers (2010) #1"
            },
            {
                "id": 30129,
                "resourceURI": "http://gateway.marvel.com/v1/public/comics/30129",
                "name": "Marvel Adventures Super Heroes (2010) #8"
            },
            {
                "id": 29939,
                "resourceURI": "http://gateway.marvel.com/v1/public/comics/29939",
                "name": "Mighty Avengers (2007) #36"
            },
            {
                "id": 29289,
                "resourceURI": "http://gateway.marvel.com/v1/public/comics/29289",
                "name": "Mighty Avengers (2007) #35"
            },
            {
                "id": 31583,
                "resourceURI": "http://gateway.marvel.com/v1/public/comics/31583",
                "name": "Mighty Avengers (2007) #34 (DEADPOOL VARIANT)"
            },
            {
                "id": 29288,
                "resourceURI": "http://gateway.marvel.com/v1/public/comics/29288",
                "name": "Mighty Avengers (2007) #34"
            },
            {
                "id": 30015,
                "resourceURI": "http://gateway.marvel.com/v1/public/comics/30015",
                "name": "Incredible Hulks (2009) #607 (MCGUINNESS VARIANT)"
            },
            {
                "id": 25977,
                "resourceURI": "http://gateway.marvel.com/v1/public/comics/25977",
                "name": "Mighty Avengers (2007) #33"
            },
            {
                "id": 25976,
                "resourceURI": "http://gateway.marvel.com/v1/public/comics/25976",
                "name": "Mighty Avengers (2007) #32"
            },
            {
                "id": 25975,
                "resourceURI": "http://gateway.marvel.com/v1/public/comics/25975",
                "name": "Mighty Avengers (2007) #31"
            },
            {
                "id": 25974,
                "resourceURI": "http://gateway.marvel.com/v1/public/comics/25974",
                "name": "Mighty Avengers (2007) #30"
            },
            {
                "id": 25972,
                "resourceURI": "http://gateway.marvel.com/v1/public/comics/25972",
                "name": "Mighty Avengers (2007) #28"
            },
            {
                "id": 25971,
                "resourceURI": "http://gateway.marvel.com/v1/public/comics/25971",
                "name": "Mighty Avengers (2007) #27"
            },
            {
                "id": 25970,
                "resourceURI": "http://gateway.marvel.com/v1/public/comics/25970",
                "name": "Mighty Avengers (2007) #26"
            },
            {
                "id": 24163,
                "resourceURI": "http://gateway.marvel.com/v1/public/comics/24163",
                "name": "Mighty Avengers (2007) #25"
            },
            {
                "id": 23964,
                "resourceURI": "http://gateway.marvel.com/v1/public/comics/23964",
                "name": "Mighty Avengers (2007) #24"
            },
            {
                "id": 23762,
                "resourceURI": "http://gateway.marvel.com/v1/public/comics/23762",
                "name": "Mighty Avengers (2007) #23"
            },
            {
                "id": 23603,
                "resourceURI": "http://gateway.marvel.com/v1/public/comics/23603",
                "name": "Mighty Avengers (2007) #22"
            },
            {
                "id": 23106,
                "resourceURI": "http://gateway.marvel.com/v1/public/comics/23106",
                "name": "Mighty Avengers (2007) #21"
            },
            {
                "id": 23057,
                "resourceURI": "http://gateway.marvel.com/v1/public/comics/23057",
                "name": "Avengers: First to Last Premiere (Hardcover)"
            },
            {
                "id": 23060,
                "resourceURI": "http://gateway.marvel.com/v1/public/comics/23060",
                "name": "Avengers: First to Last (Hardcover)"
            },
            {
                "id": 21813,
                "resourceURI": "http://gateway.marvel.com/v1/public/comics/21813",
                "name": "X-Men: The Complete Onslaught Epic Book 3 (Trade Paperback)"
            },
            {
                "id": 21315,
                "resourceURI": "http://gateway.marvel.com/v1/public/comics/21315",
                "name": "Hulk Vs. the Marvel Universe (Trade Paperback)"
            },
            {
                "id": 17454,
                "resourceURI": "http://gateway.marvel.com/v1/public/comics/17454",
                "name": "X-Men: The Complete Onslaught Epic Vol. 1 TPB (Trade Paperback)"
            },
            {
                "id": 16626,
                "resourceURI": "http://gateway.marvel.com/v1/public/comics/16626",
                "name": "Avengers Assemble Vol. 5 (Hardcover)"
            },
            {
                "id": 16645,
                "resourceURI": "http://gateway.marvel.com/v1/public/comics/16645",
                "name": "Marvel Masterworks: The Avengers Vol. 7 (Hardcover)"
            },
            {
                "id": 16222,
                "resourceURI": "http://gateway.marvel.com/v1/public/comics/16222",
                "name": "Women of Marvel Vol. 2 (Trade Paperback)"
            },
            {
                "id": 15908,
                "resourceURI": "http://gateway.marvel.com/v1/public/comics/15908",
                "name": "Killraven Premiere (Hardcover)"
            },
            {
                "id": 15858,
                "resourceURI": "http://gateway.marvel.com/v1/public/comics/15858",
                "name": "Avengers Classic (2007) #1"
            },
            {
                "id": 6280,
                "resourceURI": "http://gateway.marvel.com/v1/public/comics/6280",
                "name": "Young Avengers Vol. 2: Family Matters (Trade Paperback)"
            },
            {
                "id": 5844,
                "resourceURI": "http://gateway.marvel.com/v1/public/comics/5844",
                "name": "Avengers Assemble Vol. 4 (Hardcover)"
            },
            {
                "id": 5229,
                "resourceURI": "http://gateway.marvel.com/v1/public/comics/5229",
                "name": "Civil War (2006) #6 (Turner Variant)"
            },
            {
                "id": 5227,
                "resourceURI": "http://gateway.marvel.com/v1/public/comics/5227",
                "name": "Civil War (2006) #6"
            },
            {
                "id": 5705,
                "resourceURI": "http://gateway.marvel.com/v1/public/comics/5705",
                "name": "Heroes Reborn: Avengers (Trade Paperback)"
            },
            {
                "id": 5368,
                "resourceURI": "http://gateway.marvel.com/v1/public/comics/5368",
                "name": "Avengers: Galactic Storm Vol. 2 (Trade Paperback)"
            },
            {
                "id": 5589,
                "resourceURI": "http://gateway.marvel.com/v1/public/comics/5589",
                "name": "Heroes Reborn: Iron Man (Trade Paperback)"
            },
            {
                "id": 4461,
                "resourceURI": "http://gateway.marvel.com/v1/public/comics/4461",
                "name": "Avengers Assemble Vol. 3 (Hardcover)"
            },
            {
                "id": 4252,
                "resourceURI": "http://gateway.marvel.com/v1/public/comics/4252",
                "name": "Young Avengers (2005) #12"
            },
            {
                "id": 4241,
                "resourceURI": "http://gateway.marvel.com/v1/public/comics/4241",
                "name": "Earth X (New (Trade Paperback)"
            },
            {
                "id": 3631,
                "resourceURI": "http://gateway.marvel.com/v1/public/comics/3631",
                "name": "Avengers: Galactic Storm Vol.1 (Trade Paperback)"
            },
            {
                "id": 3018,
                "resourceURI": "http://gateway.marvel.com/v1/public/comics/3018",
                "name": "Young Avengers (2005) #9"
            },
            {
                "id": 2403,
                "resourceURI": "http://gateway.marvel.com/v1/public/comics/2403",
                "name": "Marvel Masterworks: Golden Age Human Torch Vol.1 (Hardcover)"
            },
            {
                "id": 2557,
                "resourceURI": "http://gateway.marvel.com/v1/public/comics/2557",
                "name": "Vision: Yesterday and Tomorrow (Trade Paperback)"
            },
            {
                "id": 2496,
                "resourceURI": "http://gateway.marvel.com/v1/public/comics/2496",
                "name": "Marvel Masterworks: Captain Marvel Vol. 1 (Hardcover)"
            },
            {
                "id": 2215,
                "resourceURI": "http://gateway.marvel.com/v1/public/comics/2215",
                "name": "Avengers West Coast: Vision Quest (Trade Paperback)"
            },
            {
                "id": 1795,
                "resourceURI": "http://gateway.marvel.com/v1/public/comics/1795",
                "name": "Avengers Assemble Vol. 2 (Hardcover)"
            },
            {
                "id": 1672,
                "resourceURI": "http://gateway.marvel.com/v1/public/comics/1672",
                "name": "Marvel Weddings (Trade Paperback)"
            },
            {
                "id": 12120,
                "resourceURI": "http://gateway.marvel.com/v1/public/comics/12120",
                "name": "Wha...Huh? (2005) #1"
            },
            {
                "id": 1311,
                "resourceURI": "http://gateway.marvel.com/v1/public/comics/1311",
                "name": "Avengers Assemble (Hardcover)"
            },
            {
                "id": 1214,
                "resourceURI": "http://gateway.marvel.com/v1/public/comics/1214",
                "name": "Avengers Vol. II: Red Zone (Trade Paperback)"
            },
            {
                "id": 1170,
                "resourceURI": "http://gateway.marvel.com/v1/public/comics/1170",
                "name": "Avengers Vol. 2: Red Zone (Trade Paperback)"
            },
            {
                "id": 17555,
                "resourceURI": "http://gateway.marvel.com/v1/public/comics/17555",
                "name": "Avengers (1998) #69"
            },
            {
                "id": 1165,
                "resourceURI": "http://gateway.marvel.com/v1/public/comics/1165",
                "name": "Thor Legends Vol. 2: Walt Simonson Book II (Trade Paperback)"
            },
            {
                "id": 17554,
                "resourceURI": "http://gateway.marvel.com/v1/public/comics/17554",
                "name": "Avengers (1998) #68"
            },
            {
                "id": 17553,
                "resourceURI": "http://gateway.marvel.com/v1/public/comics/17553",
                "name": "Avengers (1998) #67"
            },
            {
                "id": 17552,
                "resourceURI": "http://gateway.marvel.com/v1/public/comics/17552",
                "name": "Avengers (1998) #66"
            },
            {
                "id": 17551,
                "resourceURI": "http://gateway.marvel.com/v1/public/comics/17551",
                "name": "Avengers (1998) #65"
            },
            {
                "id": 1113,
                "resourceURI": "http://gateway.marvel.com/v1/public/comics/1113",
                "name": "Thor Vol. 3: Gods on Earth (Trade Paperback)"
            },
            {
                "id": 1098,
                "resourceURI": "http://gateway.marvel.com/v1/public/comics/1098",
                "name": "Avengers Vol. 1: World Trust (Trade Paperback)"
            },
            {
                "id": 19940,
                "resourceURI": "http://gateway.marvel.com/v1/public/comics/19940",
                "name": "Iron Man (1998) #64"
            },
            {
                "id": 17549,
                "resourceURI": "http://gateway.marvel.com/v1/public/comics/17549",
                "name": "Avengers (1998) #63"
            },
            {
                "id": 19858,
                "resourceURI": "http://gateway.marvel.com/v1/public/comics/19858",
                "name": "Killraven (2002) #4"
            },
            {
                "id": 17547,
                "resourceURI": "http://gateway.marvel.com/v1/public/comics/17547",
                "name": "Avengers (1998) #61"
            },
            {
                "id": 17546,
                "resourceURI": "http://gateway.marvel.com/v1/public/comics/17546",
                "name": "Avengers (1998) #60"
            },
            {
                "id": 6950,
                "resourceURI": "http://gateway.marvel.com/v1/public/comics/6950",
                "name": "Avengers Icons: Vision (2002) #4"
            },
            {
                "id": 6949,
                "resourceURI": "http://gateway.marvel.com/v1/public/comics/6949",
                "name": "Avengers Icons: Vision (2002) #3"
            },
            {
                "id": 17544,
                "resourceURI": "http://gateway.marvel.com/v1/public/comics/17544",
                "name": "Avengers (1998) #59"
            },
            {
                "id": 1033,
                "resourceURI": "http://gateway.marvel.com/v1/public/comics/1033",
                "name": "Avengers Legends Vol. I: Avengers Forever (Trade Paperback)"
            },
            {
                "id": 1038,
                "resourceURI": "http://gateway.marvel.com/v1/public/comics/1038",
                "name": "Avengers: The Kang Dynasty (Trade Paperback)"
            },
            {
                "id": 6948,
                "resourceURI": "http://gateway.marvel.com/v1/public/comics/6948",
                "name": "Avengers Icons: Vision (2002) #2"
            },
            {
                "id": 17543,
                "resourceURI": "http://gateway.marvel.com/v1/public/comics/17543",
                "name": "Avengers (1998) #58"
            },
            {
                "id": 6947,
                "resourceURI": "http://gateway.marvel.com/v1/public/comics/6947",
                "name": "Avengers Icons: Vision (2002) #1"
            },
            {
                "id": 17542,
                "resourceURI": "http://gateway.marvel.com/v1/public/comics/17542",
                "name": "Avengers (1998) #57"
            },
            {
                "id": 17540,
                "resourceURI": "http://gateway.marvel.com/v1/public/comics/17540",
                "name": "Avengers (1998) #55"
            },
            {
                "id": 17539,
                "resourceURI": "http://gateway.marvel.com/v1/public/comics/17539",
                "name": "Avengers (1998) #54"
            },
            {
                "id": 17538,
                "resourceURI": "http://gateway.marvel.com/v1/public/comics/17538",
                "name": "Avengers (1998) #53"
            },
            {
                "id": 15013,
                "resourceURI": "http://gateway.marvel.com/v1/public/comics/15013",
                "name": "X-Treme X-Men (2001) #11"
            },
            {
                "id": 17537,
                "resourceURI": "http://gateway.marvel.com/v1/public/comics/17537",
                "name": "Avengers (1998) #52"
            },
            {
                "id": 12611,
                "resourceURI": "http://gateway.marvel.com/v1/public/comics/12611",
                "name": "Black Panther (1998) #42"
            },
            {
                "id": 17535,
                "resourceURI": "http://gateway.marvel.com/v1/public/comics/17535",
                "name": "Avengers (1998) #50"
            },
            {
                "id": 17532,
                "resourceURI": "http://gateway.marvel.com/v1/public/comics/17532",
                "name": "Avengers (1998) #48"
            },
            {
                "id": 7354,
                "resourceURI": "http://gateway.marvel.com/v1/public/comics/7354",
                "name": "Avengers: Ultron Imperative (2001) #1"
            },
            {
                "id": 17530,
                "resourceURI": "http://gateway.marvel.com/v1/public/comics/17530",
                "name": "Avengers (1998) #46"
            },
            {
                "id": 17529,
                "resourceURI": "http://gateway.marvel.com/v1/public/comics/17529",
                "name": "Avengers (1998) #45"
            },
            {
                "id": 17528,
                "resourceURI": "http://gateway.marvel.com/v1/public/comics/17528",
                "name": "Avengers (1998) #44"
            },
            {
                "id": 17527,
                "resourceURI": "http://gateway.marvel.com/v1/public/comics/17527",
                "name": "Avengers (1998) #43"
            },
            {
                "id": 17526,
                "resourceURI": "http://gateway.marvel.com/v1/public/comics/17526",
                "name": "Avengers (1998) #42"
            },
            {
                "id": 17525,
                "resourceURI": "http://gateway.marvel.com/v1/public/comics/17525",
                "name": "Avengers (1998) #41"
            },
            {
                "id": 17524,
                "resourceURI": "http://gateway.marvel.com/v1/public/comics/17524",
                "name": "Avengers (1998) #40"
            },
            {
                "id": 17522,
                "resourceURI": "http://gateway.marvel.com/v1/public/comics/17522",
                "name": "Avengers (1998) #39"
            },
            {
                "id": 17521,
                "resourceURI": "http://gateway.marvel.com/v1/public/comics/17521",
                "name": "Avengers (1998) #38"
            },
            {
                "id": 17520,
                "resourceURI": "http://gateway.marvel.com/v1/public/comics/17520",
                "name": "Avengers (1998) #37"
            },
            {
                "id": 17519,
                "resourceURI": "http://gateway.marvel.com/v1/public/comics/17519",
                "name": "Avengers (1998) #36"
            },
            {
                "id": 10286,
                "resourceURI": "http://gateway.marvel.com/v1/public/comics/10286",
                "name": "Maximum Security (2000) #3"
            },
            {
                "id": 10285,
                "resourceURI": "http://gateway.marvel.com/v1/public/comics/10285",
                "name": "Maximum Security (2000) #2"
            },
            {
                "id": 17518,
                "resourceURI": "http://gateway.marvel.com/v1/public/comics/17518",
                "name": "Avengers (1998) #35"
            },
            {
                "id": 17517,
                "resourceURI": "http://gateway.marvel.com/v1/public/comics/17517",
                "name": "Avengers (1998) #34"
            },
            {
                "id": 17516,
                "resourceURI": "http://gateway.marvel.com/v1/public/comics/17516",
                "name": "Avengers (1998) #33"
            },
            {
                "id": 17515,
                "resourceURI": "http://gateway.marvel.com/v1/public/comics/17515",
                "name": "Avengers (1998) #32"
            },
            {
                "id": 17514,
                "resourceURI": "http://gateway.marvel.com/v1/public/comics/17514",
                "name": "Avengers (1998) #31"
            },
            {
                "id": 23500,
                "resourceURI": "http://gateway.marvel.com/v1/public/comics/23500",
                "name": "X-51 (1999) #12"
            },
            {
                "id": 17509,
                "resourceURI": "http://gateway.marvel.com/v1/public/comics/17509",
                "name": "Avengers (1998) #27"
            },
            {
                "id": 19899,
                "resourceURI": "http://gateway.marvel.com/v1/public/comics/19899",
                "name": "Iron Man (1998) #27"
            },
            {
                "id": 8550,
                "resourceURI": "http://gateway.marvel.com/v1/public/comics/8550",
                "name": "Earth X (1999) #11"
            },
            {
                "id": 8549,
                "resourceURI": "http://gateway.marvel.com/v1/public/comics/8549",
                "name": "Earth X (1999) #10"
            },
            {
                "id": 23504,
                "resourceURI": "http://gateway.marvel.com/v1/public/comics/23504",
                "name": "X-51 (1999) #5"
            },
            {
                "id": 17505,
                "resourceURI": "http://gateway.marvel.com/v1/public/comics/17505",
                "name": "Avengers (1998) #23"
            },
            {
                "id": 8559,
                "resourceURI": "http://gateway.marvel.com/v1/public/comics/8559",
                "name": "Earth X (1999) #9"
            },
            {
                "id": 1083,
                "resourceURI": "http://gateway.marvel.com/v1/public/comics/1083",
                "name": "X-Treme X-Men Vol. II (Trade Paperback)"
            },
            {
                "id": 1034,
                "resourceURI": "http://gateway.marvel.com/v1/public/comics/1034",
                "name": "Avengers Legends Vol. II: George Perez Book I (Trade Paperback)"
            },
            {
                "id": 17504,
                "resourceURI": "http://gateway.marvel.com/v1/public/comics/17504",
                "name": "Avengers (1998) #22"
            },
            {
                "id": 17503,
                "resourceURI": "http://gateway.marvel.com/v1/public/comics/17503",
                "name": "Avengers (1998) #21"
            },
            {
                "id": 17502,
                "resourceURI": "http://gateway.marvel.com/v1/public/comics/17502",
                "name": "Avengers (1998) #20"
            },
            {
                "id": 8556,
                "resourceURI": "http://gateway.marvel.com/v1/public/comics/8556",
                "name": "Earth X (1999) #6"
            },
            {
                "id": 17500,
                "resourceURI": "http://gateway.marvel.com/v1/public/comics/17500",
                "name": "Avengers (1998) #19"
            },
            {
                "id": 8555,
                "resourceURI": "http://gateway.marvel.com/v1/public/comics/8555",
                "name": "Earth X (1999) #5"
            },
            {
                "id": 17499,
                "resourceURI": "http://gateway.marvel.com/v1/public/comics/17499",
                "name": "Avengers (1998) #18"
            },
            {
                "id": 12411,
                "resourceURI": "http://gateway.marvel.com/v1/public/comics/12411",
                "name": "Avengers Forever (1998) #8"
            },
            {
                "id": 13911,
                "resourceURI": "http://gateway.marvel.com/v1/public/comics/13911",
                "name": "Uncanny X-Men (1963) #370"
            },
            {
                "id": 17498,
                "resourceURI": "http://gateway.marvel.com/v1/public/comics/17498",
                "name": "Avengers (1998) #17"
            },
            {
                "id": 14382,
                "resourceURI": "http://gateway.marvel.com/v1/public/comics/14382",
                "name": "X-Men (1991) #89"
            },
            {
                "id": 17497,
                "resourceURI": "http://gateway.marvel.com/v1/public/comics/17497",
                "name": "Avengers (1998) #16"
            },
            {
                "id": 17496,
                "resourceURI": "http://gateway.marvel.com/v1/public/comics/17496",
                "name": "Avengers (1998) #15"
            },
            {
                "id": 12407,
                "resourceURI": "http://gateway.marvel.com/v1/public/comics/12407",
                "name": "Avengers Forever (1998) #4"
            },
            {
                "id": 17495,
                "resourceURI": "http://gateway.marvel.com/v1/public/comics/17495",
                "name": "Avengers (1998) #14"
            },
            {
                "id": 17494,
                "resourceURI": "http://gateway.marvel.com/v1/public/comics/17494",
                "name": "Avengers (1998) #13"
            },
            {
                "id": 14075,
                "resourceURI": "http://gateway.marvel.com/v1/public/comics/14075",
                "name": "Wolverine (1988) #134"
            },
            {
                "id": 17493,
                "resourceURI": "http://gateway.marvel.com/v1/public/comics/17493",
                "name": "Avengers (1998) #12"
            },
            {
                "id": 17492,
                "resourceURI": "http://gateway.marvel.com/v1/public/comics/17492",
                "name": "Avengers (1998) #11"
            },
            {
                "id": 37770,
                "resourceURI": "http://gateway.marvel.com/v1/public/comics/37770",
                "name": "Iron Man (1998) #10"
            },
            {
                "id": 17491,
                "resourceURI": "http://gateway.marvel.com/v1/public/comics/17491",
                "name": "Avengers (1998) #10"
            },
            {
                "id": 17573,
                "resourceURI": "http://gateway.marvel.com/v1/public/comics/17573",
                "name": "Avengers (1998) #9"
            },
            {
                "id": 37857,
                "resourceURI": "http://gateway.marvel.com/v1/public/comics/37857",
                "name": "Iron Man (1998) #9"
            },
            {
                "id": 17567,
                "resourceURI": "http://gateway.marvel.com/v1/public/comics/17567",
                "name": "Avengers (1998) #8"
            },
            {
                "id": 17556,
                "resourceURI": "http://gateway.marvel.com/v1/public/comics/17556",
                "name": "Avengers (1998) #7"
            },
            {
                "id": 17545,
                "resourceURI": "http://gateway.marvel.com/v1/public/comics/17545",
                "name": "Avengers (1998) #6"
            },
            {
                "id": 17534,
                "resourceURI": "http://gateway.marvel.com/v1/public/comics/17534",
                "name": "Avengers (1998) #5"
            },
            {
                "id": 17523,
                "resourceURI": "http://gateway.marvel.com/v1/public/comics/17523",
                "name": "Avengers (1998) #4"
            },
            {
                "id": 17512,
                "resourceURI": "http://gateway.marvel.com/v1/public/comics/17512",
                "name": "Avengers (1998) #3"
            },
            {
                "id": 17501,
                "resourceURI": "http://gateway.marvel.com/v1/public/comics/17501",
                "name": "Avengers (1998) #2"
            },
            {
                "id": 17490,
                "resourceURI": "http://gateway.marvel.com/v1/public/comics/17490",
                "name": "Avengers (1998) #1"
            },
            {
                "id": 17755,
                "resourceURI": "http://gateway.marvel.com/v1/public/comics/17755",
                "name": "Avengers (1996) #13"
            },
            {
                "id": 16332,
                "resourceURI": "http://gateway.marvel.com/v1/public/comics/16332",
                "name": "Iron Man (1996) #13"
            },
            {
                "id": 17754,
                "resourceURI": "http://gateway.marvel.com/v1/public/comics/17754",
                "name": "Avengers (1996) #12"
            },
            {
                "id": 16331,
                "resourceURI": "http://gateway.marvel.com/v1/public/comics/16331",
                "name": "Iron Man (1996) #12"
            },
            {
                "id": 17763,
                "resourceURI": "http://gateway.marvel.com/v1/public/comics/17763",
                "name": "Avengers (1996) #9"
            },
            {
                "id": 17762,
                "resourceURI": "http://gateway.marvel.com/v1/public/comics/17762",
                "name": "Avengers (1996) #8"
            },
            {
                "id": 17761,
                "resourceURI": "http://gateway.marvel.com/v1/public/comics/17761",
                "name": "Avengers (1996) #7"
            },
            {
                "id": 17759,
                "resourceURI": "http://gateway.marvel.com/v1/public/comics/17759",
                "name": "Avengers (1996) #5"
            },
            {
                "id": 17758,
                "resourceURI": "http://gateway.marvel.com/v1/public/comics/17758",
                "name": "Avengers (1996) #4"
            },
            {
                "id": 17757,
                "resourceURI": "http://gateway.marvel.com/v1/public/comics/17757",
                "name": "Avengers (1996) #3"
            },
            {
                "id": 17756,
                "resourceURI": "http://gateway.marvel.com/v1/public/comics/17756",
                "name": "Avengers (1996) #2"
            },
            {
                "id": 17751,
                "resourceURI": "http://gateway.marvel.com/v1/public/comics/17751",
                "name": "Avengers (1996) #1"
            },
            {
                "id": 10453,
                "resourceURI": "http://gateway.marvel.com/v1/public/comics/10453",
                "name": "Onslaught: Marvel Universe (1996) #1"
            },
            {
                "id": 13877,
                "resourceURI": "http://gateway.marvel.com/v1/public/comics/13877",
                "name": "Uncanny X-Men (1963) #336"
            },
            {
                "id": 9256,
                "resourceURI": "http://gateway.marvel.com/v1/public/comics/9256",
                "name": "Incredible Hulk (1962) #445"
            },
            {
                "id": 20767,
                "resourceURI": "http://gateway.marvel.com/v1/public/comics/20767",
                "name": "Onslaught: X-Men (1996) #1"
            },
            {
                "id": 14345,
                "resourceURI": "http://gateway.marvel.com/v1/public/comics/14345",
                "name": "X-Men (1991) #55"
            },
            {
                "id": 23314,
                "resourceURI": "http://gateway.marvel.com/v1/public/comics/23314",
                "name": "The Last Avengers Story (1995) #2"
            },
            {
                "id": 13229,
                "resourceURI": "http://gateway.marvel.com/v1/public/comics/13229",
                "name": "Fantastic Four (1961) #400"
            },
            {
                "id": 12668,
                "resourceURI": "http://gateway.marvel.com/v1/public/comics/12668",
                "name": "Alpha Flight (1983) #127"
            },
            {
                "id": 13848,
                "resourceURI": "http://gateway.marvel.com/v1/public/comics/13848",
                "name": "Uncanny X-Men (1963) #307"
            },
            {
                "id": 14313,
                "resourceURI": "http://gateway.marvel.com/v1/public/comics/14313",
                "name": "X-Men (1991) #26"
            },
            {
                "id": 13203,
                "resourceURI": "http://gateway.marvel.com/v1/public/comics/13203",
                "name": "Fantastic Four (1961) #378"
            },
            {
                "id": 18453,
                "resourceURI": "http://gateway.marvel.com/v1/public/comics/18453",
                "name": "Warlock and the Infinity Watch (1992) #8"
            },
            {
                "id": 18285,
                "resourceURI": "http://gateway.marvel.com/v1/public/comics/18285",
                "name": "Wonder Man (1991) #9"
            },
            {
                "id": 18338,
                "resourceURI": "http://gateway.marvel.com/v1/public/comics/18338",
                "name": "What If? (1989) #36"
            },
            {
                "id": 18284,
                "resourceURI": "http://gateway.marvel.com/v1/public/comics/18284",
                "name": "Wonder Man (1991) #8"
            },
            {
                "id": 20194,
                "resourceURI": "http://gateway.marvel.com/v1/public/comics/20194",
                "name": "Doctor Strange, Sorcerer Supreme (1988) #33"
            },
            {
                "id": 6935,
                "resourceURI": "http://gateway.marvel.com/v1/public/comics/6935",
                "name": "Avengers Annual (1967) #20"
            },
            {
                "id": 18319,
                "resourceURI": "http://gateway.marvel.com/v1/public/comics/18319",
                "name": "What If? (1989) #19"
            },
            {
                "id": 19824,
                "resourceURI": "http://gateway.marvel.com/v1/public/comics/19824",
                "name": "Marvel Fanfare (1982) #48"
            },
            {
                "id": 18353,
                "resourceURI": "http://gateway.marvel.com/v1/public/comics/18353",
                "name": "What If? (1989) #5"
            },
            {
                "id": 17923,
                "resourceURI": "http://gateway.marvel.com/v1/public/comics/17923",
                "name": "West Coast Avengers (1985) #42"
            },
            {
                "id": 19807,
                "resourceURI": "http://gateway.marvel.com/v1/public/comics/19807",
                "name": "Marvel Fanfare (1982) #32"
            },
            {
                "id": 18464,
                "resourceURI": "http://gateway.marvel.com/v1/public/comics/18464",
                "name": "Vision and the Scarlet Witch (1985) #7"
            },
            {
                "id": 18886,
                "resourceURI": "http://gateway.marvel.com/v1/public/comics/18886",
                "name": "Secret Wars II (1985) #3"
            },
            {
                "id": 13732,
                "resourceURI": "http://gateway.marvel.com/v1/public/comics/13732",
                "name": "Uncanny X-Men (1963) #191"
            },
            {
                "id": 13731,
                "resourceURI": "http://gateway.marvel.com/v1/public/comics/13731",
                "name": "Uncanny X-Men (1963) #190"
            },
            {
                "id": 11680,
                "resourceURI": "http://gateway.marvel.com/v1/public/comics/11680",
                "name": "Thor (1966) #352"
            },
            {
                "id": 11679,
                "resourceURI": "http://gateway.marvel.com/v1/public/comics/11679",
                "name": "Thor (1966) #351"
            },
            {
                "id": 7118,
                "resourceURI": "http://gateway.marvel.com/v1/public/comics/7118",
                "name": "Avengers (1963) #249"
            },
            {
                "id": 9111,
                "resourceURI": "http://gateway.marvel.com/v1/public/comics/9111",
                "name": "Incredible Hulk (1962) #300"
            },
            {
                "id": 19787,
                "resourceURI": "http://gateway.marvel.com/v1/public/comics/19787",
                "name": "Marvel Fanfare (1982) #14"
            },
            {
                "id": 13078,
                "resourceURI": "http://gateway.marvel.com/v1/public/comics/13078",
                "name": "Fantastic Four (1961) #265"
            },
            {
                "id": 13076,
                "resourceURI": "http://gateway.marvel.com/v1/public/comics/13076",
                "name": "Fantastic Four (1961) #263"
            },
            {
                "id": 13074,
                "resourceURI": "http://gateway.marvel.com/v1/public/comics/13074",
                "name": "Fantastic Four (1961) #261"
            },
            {
                "id": 19477,
                "resourceURI": "http://gateway.marvel.com/v1/public/comics/19477",
                "name": "Marvel Two-in-One (1974) #100"
            },
            {
                "id": 19571,
                "resourceURI": "http://gateway.marvel.com/v1/public/comics/19571",
                "name": "Marvel Two-in-One (1974) #96"
            },
            {
                "id": 20279,
                "resourceURI": "http://gateway.marvel.com/v1/public/comics/20279",
                "name": "Defenders (1972) #114"
            },
            {
                "id": 19568,
                "resourceURI": "http://gateway.marvel.com/v1/public/comics/19568",
                "name": "Marvel Two-in-One (1974) #93"
            },
            {
                "id": 19533,
                "resourceURI": "http://gateway.marvel.com/v1/public/comics/19533",
                "name": "Marvel Two-in-One (1974) #61"
            },
            {
                "id": 7048,
                "resourceURI": "http://gateway.marvel.com/v1/public/comics/7048",
                "name": "Avengers (1963) #186"
            },
            {
                "id": 7024,
                "resourceURI": "http://gateway.marvel.com/v1/public/comics/7024",
                "name": "Avengers (1963) #164"
            },
            {
                "id": 10305,
                "resourceURI": "http://gateway.marvel.com/v1/public/comics/10305",
                "name": "Ms. Marvel (1977) #5"
            },
            {
                "id": 7015,
                "resourceURI": "http://gateway.marvel.com/v1/public/comics/7015",
                "name": "Avengers (1963) #156"
            },
            {
                "id": 18795,
                "resourceURI": "http://gateway.marvel.com/v1/public/comics/18795",
                "name": "Super-Villain Team-Up (1975) #9"
            },
            {
                "id": 7004,
                "resourceURI": "http://gateway.marvel.com/v1/public/comics/7004",
                "name": "Avengers (1963) #146"
            },
            {
                "id": 6942,
                "resourceURI": "http://gateway.marvel.com/v1/public/comics/6942",
                "name": "Avengers Annual (1967) #6"
            },
            {
                "id": 6970,
                "resourceURI": "http://gateway.marvel.com/v1/public/comics/6970",
                "name": "Avengers (1963) #115"
            },
            {
                "id": 6965,
                "resourceURI": "http://gateway.marvel.com/v1/public/comics/6965",
                "name": "Avengers (1963) #110"
            },
            {
                "id": 11536,
                "resourceURI": "http://gateway.marvel.com/v1/public/comics/11536",
                "name": "Thor (1966) #208"
            },
            {
                "id": 7353,
                "resourceURI": "http://gateway.marvel.com/v1/public/comics/7353",
                "name": "Avengers (1963) #99"
            },
            {
                "id": 7352,
                "resourceURI": "http://gateway.marvel.com/v1/public/comics/7352",
                "name": "Avengers (1963) #98"
            },
            {
                "id": 7341,
                "resourceURI": "http://gateway.marvel.com/v1/public/comics/7341",
                "name": "Avengers (1963) #88"
            },
            {
                "id": 7340,
                "resourceURI": "http://gateway.marvel.com/v1/public/comics/7340",
                "name": "Avengers (1963) #87"
            },
            {
                "id": 7339,
                "resourceURI": "http://gateway.marvel.com/v1/public/comics/7339",
                "name": "Avengers (1963) #86"
            },
            {
                "id": 7338,
                "resourceURI": "http://gateway.marvel.com/v1/public/comics/7338",
                "name": "Avengers (1963) #85"
            },
            {
                "id": 7337,
                "resourceURI": "http://gateway.marvel.com/v1/public/comics/7337",
                "name": "Avengers (1963) #84"
            },
            {
                "id": 7336,
                "resourceURI": "http://gateway.marvel.com/v1/public/comics/7336",
                "name": "Avengers (1963) #83"
            },
            {
                "id": 7335,
                "resourceURI": "http://gateway.marvel.com/v1/public/comics/7335",
                "name": "Avengers (1963) #82"
            },
            {
                "id": 7334,
                "resourceURI": "http://gateway.marvel.com/v1/public/comics/7334",
                "name": "Avengers (1963) #81"
            },
            {
                "id": 7333,
                "resourceURI": "http://gateway.marvel.com/v1/public/comics/7333",
                "name": "Avengers (1963) #80"
            },
            {
                "id": 7314,
                "resourceURI": "http://gateway.marvel.com/v1/public/comics/7314",
                "name": "Avengers (1963) #63"
            },
            {
                "id": 7313,
                "resourceURI": "http://gateway.marvel.com/v1/public/comics/7313",
                "name": "Avengers (1963) #62"
            },
            {
                "id": 7312,
                "resourceURI": "http://gateway.marvel.com/v1/public/comics/7312",
                "name": "Avengers (1963) #61"
            },
            {
                "id": 7309,
                "resourceURI": "http://gateway.marvel.com/v1/public/comics/7309",
                "name": "Avengers (1963) #59"
            },
            {
                "id": 15424,
                "resourceURI": "http://gateway.marvel.com/v1/public/comics/15424",
                "name": "Marvel Super-Heroes (1967) #13"
            },
            {
                "id": 16756,
                "resourceURI": "http://gateway.marvel.com/v1/public/comics/16756",
                "name": "Marvel Mystery Comics (1939) #48"
            },
            {
                "id": 16755,
                "resourceURI": "http://gateway.marvel.com/v1/public/comics/16755",
                "name": "Marvel Mystery Comics (1939) #47"
            },
            {
                "id": 16754,
                "resourceURI": "http://gateway.marvel.com/v1/public/comics/16754",
                "name": "Marvel Mystery Comics (1939) #46"
            },
            {
                "id": 16753,
                "resourceURI": "http://gateway.marvel.com/v1/public/comics/16753",
                "name": "Marvel Mystery Comics (1939) #45"
            },
            {
                "id": 16752,
                "resourceURI": "http://gateway.marvel.com/v1/public/comics/16752",
                "name": "Marvel Mystery Comics (1939) #44"
            },
            {
                "id": 16751,
                "resourceURI": "http://gateway.marvel.com/v1/public/comics/16751",
                "name": "Marvel Mystery Comics (1939) #43"
            },
            {
                "id": 16750,
                "resourceURI": "http://gateway.marvel.com/v1/public/comics/16750",
                "name": "Marvel Mystery Comics (1939) #42"
            },
            {
                "id": 16749,
                "resourceURI": "http://gateway.marvel.com/v1/public/comics/16749",
                "name": "Marvel Mystery Comics (1939) #41"
            },
            {
                "id": 16748,
                "resourceURI": "http://gateway.marvel.com/v1/public/comics/16748",
                "name": "Marvel Mystery Comics (1939) #40"
            },
            {
                "id": 16746,
                "resourceURI": "http://gateway.marvel.com/v1/public/comics/16746",
                "name": "Marvel Mystery Comics (1939) #39"
            },
            {
                "id": 16745,
                "resourceURI": "http://gateway.marvel.com/v1/public/comics/16745",
                "name": "Marvel Mystery Comics (1939) #38"
            },
            {
                "id": 16744,
                "resourceURI": "http://gateway.marvel.com/v1/public/comics/16744",
                "name": "Marvel Mystery Comics (1939) #37"
            },
            {
                "id": 16743,
                "resourceURI": "http://gateway.marvel.com/v1/public/comics/16743",
                "name": "Marvel Mystery Comics (1939) #36"
            },
            {
                "id": 16742,
                "resourceURI": "http://gateway.marvel.com/v1/public/comics/16742",
                "name": "Marvel Mystery Comics (1939) #35"
            },
            {
                "id": 16741,
                "resourceURI": "http://gateway.marvel.com/v1/public/comics/16741",
                "name": "Marvel Mystery Comics (1939) #34"
            },
            {
                "id": 16740,
                "resourceURI": "http://gateway.marvel.com/v1/public/comics/16740",
                "name": "Marvel Mystery Comics (1939) #33"
            },
            {
                "id": 16739,
                "resourceURI": "http://gateway.marvel.com/v1/public/comics/16739",
                "name": "Marvel Mystery Comics (1939) #32"
            },
            {
                "id": 16738,
                "resourceURI": "http://gateway.marvel.com/v1/public/comics/16738",
                "name": "Marvel Mystery Comics (1939) #31"
            },
            {
                "id": 16737,
                "resourceURI": "http://gateway.marvel.com/v1/public/comics/16737",
                "name": "Marvel Mystery Comics (1939) #30"
            },
            {
                "id": 16735,
                "resourceURI": "http://gateway.marvel.com/v1/public/comics/16735",
                "name": "Marvel Mystery Comics (1939) #29"
            },
            {
                "id": 16734,
                "resourceURI": "http://gateway.marvel.com/v1/public/comics/16734",
                "name": "Marvel Mystery Comics (1939) #28"
            },
            {
                "id": 16733,
                "resourceURI": "http://gateway.marvel.com/v1/public/comics/16733",
                "name": "Marvel Mystery Comics (1939) #27"
            },
            {
                "id": 16732,
                "resourceURI": "http://gateway.marvel.com/v1/public/comics/16732",
                "name": "Marvel Mystery Comics (1939) #26"
            },
            {
                "id": 16731,
                "resourceURI": "http://gateway.marvel.com/v1/public/comics/16731",
                "name": "Marvel Mystery Comics (1939) #25"
            },
            {
                "id": 16730,
                "resourceURI": "http://gateway.marvel.com/v1/public/comics/16730",
                "name": "Marvel Mystery Comics (1939) #24"
            },
            {
                "id": 16729,
                "resourceURI": "http://gateway.marvel.com/v1/public/comics/16729",
                "name": "Marvel Mystery Comics (1939) #23"
            },
            {
                "id": 16728,
                "resourceURI": "http://gateway.marvel.com/v1/public/comics/16728",
                "name": "Marvel Mystery Comics (1939) #22"
            },
            {
                "id": 8900,
                "resourceURI": "http://gateway.marvel.com/v1/public/comics/8900",
                "name": "Human Torch (1940) #5"
            },
            {
                "id": 16727,
                "resourceURI": "http://gateway.marvel.com/v1/public/comics/16727",
                "name": "Marvel Mystery Comics (1939) #21"
            },
            {
                "id": 16726,
                "resourceURI": "http://gateway.marvel.com/v1/public/comics/16726",
                "name": "Marvel Mystery Comics (1939) #20"
            },
            {
                "id": 16724,
                "resourceURI": "http://gateway.marvel.com/v1/public/comics/16724",
                "name": "Marvel Mystery Comics (1939) #19"
            },
            {
                "id": 16723,
                "resourceURI": "http://gateway.marvel.com/v1/public/comics/16723",
                "name": "Marvel Mystery Comics (1939) #18"
            },
            {
                "id": 16722,
                "resourceURI": "http://gateway.marvel.com/v1/public/comics/16722",
                "name": "Marvel Mystery Comics (1939) #17"
            },
            {
                "id": 16721,
                "resourceURI": "http://gateway.marvel.com/v1/public/comics/16721",
                "name": "Marvel Mystery Comics (1939) #16"
            },
            {
                "id": 16720,
                "resourceURI": "http://gateway.marvel.com/v1/public/comics/16720",
                "name": "Marvel Mystery Comics (1939) #15"
            },
            {
                "id": 16719,
                "resourceURI": "http://gateway.marvel.com/v1/public/comics/16719",
                "name": "Marvel Mystery Comics (1939) #14"
            },
            {
                "id": 16718,
                "resourceURI": "http://gateway.marvel.com/v1/public/comics/16718",
                "name": "Marvel Mystery Comics (1939) #13"
            },
            {
                "id": 6995,
                "resourceURI": "http://gateway.marvel.com/v1/public/comics/6995",
                "name": "Avengers (1963) #138"
            },
            {
                "id": 17457,
                "resourceURI": "http://gateway.marvel.com/v1/public/comics/17457",
                "name": "Infinity War (Trade Paperback)"
            },
            {
                "id": 17461,
                "resourceURI": "http://gateway.marvel.com/v1/public/comics/17461",
                "name": "Fantastic Four Visionaries: John Byrne Vol. 4 (Trade Paperback)"
            },
            {
                "id": 17487,
                "resourceURI": "http://gateway.marvel.com/v1/public/comics/17487",
                "name": "X-Men: The Complete Onslaught Epic Vol. 4 (0000)"
            }
        ],
        "returned": 268
    },
    "series": {
        "available": 93,
        "collectionURI": "http://gateway.marvel.com/v1/public/characters/1009697/series",
        "items": [
            {
                "resourceURI": "http://gateway.marvel.com/v1/public/series/2116",
                "name": "Alpha Flight (1983 - 1994)"
            },
            {
                "resourceURI": "http://gateway.marvel.com/v1/public/series/354",
                "name": "Avengers (1998 - 2004)"
            },
            {
                "resourceURI": "http://gateway.marvel.com/v1/public/series/3621",
                "name": "Avengers (1996 - 1997)"
            },
            {
                "resourceURI": "http://gateway.marvel.com/v1/public/series/1991",
                "name": "Avengers (1963 - 1996)"
            },
            {
                "resourceURI": "http://gateway.marvel.com/v1/public/series/1988",
                "name": "Avengers Annual (1967 - 1994)"
            },
            {
                "resourceURI": "http://gateway.marvel.com/v1/public/series/1340",
                "name": "Avengers Assemble (2004)"
            },
            {
                "resourceURI": "http://gateway.marvel.com/v1/public/series/1496",
                "name": "Avengers Assemble Vol. 2 (2005)"
            },
            {
                "resourceURI": "http://gateway.marvel.com/v1/public/series/1737",
                "name": "Avengers Assemble Vol. 3 (2006)"
            },
            {
                "resourceURI": "http://gateway.marvel.com/v1/public/series/1816",
                "name": "Avengers Assemble Vol. 4 (2007)"
            },
            {
                "resourceURI": "http://gateway.marvel.com/v1/public/series/2929",
                "name": "Avengers Assemble Vol. 5 (2007)"
            },
            {
                "resourceURI": "http://gateway.marvel.com/v1/public/series/2384",
                "name": "Avengers Classic (2007 - 2008)"
            },
            {
                "resourceURI": "http://gateway.marvel.com/v1/public/series/2111",
                "name": "Avengers Forever (1998 - 2001)"
            },
            {
                "resourceURI": "http://gateway.marvel.com/v1/public/series/1990",
                "name": "Avengers Icons: Vision (2002 - 2003)"
            },
            {
                "resourceURI": "http://gateway.marvel.com/v1/public/series/93",
                "name": "Avengers Legends Vol. I: Avengers Forever (2002)"
            },
            {
                "resourceURI": "http://gateway.marvel.com/v1/public/series/94",
                "name": "Avengers Legends Vol. II: George Perez Book I (1999)"
            },
            {
                "resourceURI": "http://gateway.marvel.com/v1/public/series/9863",
                "name": "Avengers Origins: Vision (2013)"
            },
            {
                "resourceURI": "http://gateway.marvel.com/v1/public/series/158",
                "name": "Avengers Vol. 1: World Trust (2003)"
            },
            {
                "resourceURI": "http://gateway.marvel.com/v1/public/series/227",
                "name": "Avengers Vol. 2: Red Zone (2003)"
            },
            {
                "resourceURI": "http://gateway.marvel.com/v1/public/series/271",
                "name": "Avengers Vol. II: Red Zone (2003)"
            },
            {
                "resourceURI": "http://gateway.marvel.com/v1/public/series/1497",
                "name": "Avengers West Coast: Vision Quest (2005)"
            }
        ],
        "returned": 20
    },
    "stories": {
        "available": 302,
        "collectionURI": "http://gateway.marvel.com/v1/public/characters/1009697/stories",
        "items": [
            {
                "resourceURI": "http://gateway.marvel.com/v1/public/stories/3520",
                "name": "1 of 4",
                "type": "cover"
            },
            {
                "resourceURI": "http://gateway.marvel.com/v1/public/stories/3526",
                "name": "4 of 4 - Family Matters",
                "type": "cover"
            },
            {
                "resourceURI": "http://gateway.marvel.com/v1/public/stories/5894",
                "name": "6 of 7 - 7XLS",
                "type": "cover"
            },
            {
                "resourceURI": "http://gateway.marvel.com/v1/public/stories/5896",
                "name": "Cover #5896",
                "type": "cover"
            },
            {
                "resourceURI": "http://gateway.marvel.com/v1/public/stories/9020",
                "name": "Marvel's Pinwheel of Stars!",
                "type": "promo"
            },
            {
                "resourceURI": "http://gateway.marvel.com/v1/public/stories/12791",
                "name": "The Search for Reed Richards",
                "type": "interiorStory"
            },
            {
                "resourceURI": "http://gateway.marvel.com/v1/public/stories/12795",
                "name": "R and R",
                "type": "interiorStory"
            },
            {
                "resourceURI": "http://gateway.marvel.com/v1/public/stories/12801",
                "name": "Home Are The Heroes",
                "type": "interiorStory"
            },
            {
                "resourceURI": "http://gateway.marvel.com/v1/public/stories/13170",
                "name": "Chaos in the Courtroom",
                "type": "interiorStory"
            },
            {
                "resourceURI": "http://gateway.marvel.com/v1/public/stories/13334",
                "name": "In Memoriam!",
                "type": "interiorStory"
            },
            {
                "resourceURI": "http://gateway.marvel.com/v1/public/stories/14468",
                "name": "And Now, Magneto",
                "type": "interiorStory"
            },
            {
                "resourceURI": "http://gateway.marvel.com/v1/public/stories/14478",
                "name": "Below Us the Battle!",
                "type": "interiorStory"
            },
            {
                "resourceURI": "http://gateway.marvel.com/v1/public/stories/14528",
                "name": "Stranger in a Strange Man!",
                "type": "interiorStory"
            },
            {
                "resourceURI": "http://gateway.marvel.com/v1/public/stories/14546",
                "name": "The Assassin Never Fails!",
                "type": "interiorStory"
            },
            {
                "resourceURI": "http://gateway.marvel.com/v1/public/stories/14568",
                "name": "The Private War of Doctor Doom!",
                "type": "interiorStory"
            },
            {
                "resourceURI": "http://gateway.marvel.com/v1/public/stories/14586",
                "name": "Cover #14586",
                "type": "cover"
            },
            {
                "resourceURI": "http://gateway.marvel.com/v1/public/stories/14635",
                "name": "Nights of Wundagore!",
                "type": "interiorStory"
            },
            {
                "resourceURI": "http://gateway.marvel.com/v1/public/stories/14775",
                "name": "Cover #14775",
                "type": "cover"
            },
            {
                "resourceURI": "http://gateway.marvel.com/v1/public/stories/15180",
                "name": "The Name is Yellowjacket",
                "type": "interiorStory"
            },
            {
                "resourceURI": "http://gateway.marvel.com/v1/public/stories/15186",
                "name": "Some Say the World Will End in Fire, Some Say in Ice",
                "type": "interiorStory"
            }
        ],
        "returned": 20
    },
    "events": {
        "available": 11,
        "collectionURI": "http://gateway.marvel.com/v1/public/characters/1009697/events",
        "items": [
            {
                "resourceURI": "http://gateway.marvel.com/v1/public/events/310",
                "name": "Avengers VS X-Men"
            },
            {
                "resourceURI": "http://gateway.marvel.com/v1/public/events/296",
                "name": "Chaos War"
            },
            {
                "resourceURI": "http://gateway.marvel.com/v1/public/events/238",
                "name": "Civil War"
            },
            {
                "resourceURI": "http://gateway.marvel.com/v1/public/events/318",
                "name": "Dark Reign"
            },
            {
                "resourceURI": "http://gateway.marvel.com/v1/public/events/253",
                "name": "Infinity Gauntlet"
            },
            {
                "resourceURI": "http://gateway.marvel.com/v1/public/events/29",
                "name": "Infinity War"
            },
            {
                "resourceURI": "http://gateway.marvel.com/v1/public/events/37",
                "name": "Maximum Security"
            },
            {
                "resourceURI": "http://gateway.marvel.com/v1/public/events/154",
                "name": "Onslaught"
            },
            {
                "resourceURI": "http://gateway.marvel.com/v1/public/events/270",
                "name": "Secret Wars"
            },
            {
                "resourceURI": "http://gateway.marvel.com/v1/public/events/271",
                "name": "Secret Wars II"
            },
            {
                "resourceURI": "http://gateway.marvel.com/v1/public/events/273",
                "name": "Siege"
            }
        ],
        "returned": 11
    },
    "urls": [
        {
            "type": "detail",
            "url": "http://marvel.com/comics/characters/1009697/vision?utm_campaign=apiRef&utm_source=35410e46c72ea769348ceb6ba8cc90fd"
        },
        {
            "type": "wiki",
            "url": "http://marvel.com/universe/Vision_(Victor_Shade)?utm_campaign=apiRef&utm_source=35410e46c72ea769348ceb6ba8cc90fd"
        }
    ],
    "wiki": {
        "universe": "[[Marvel Universe]]",
        "real_name": "Vision",
        "identity": "No Dual Identity",
        "occupation": "Adventurer",
        "place_of_birth": "Inapplicable",
        "groups": "[[Avengers]], [[Young Avengers]]; formerly [[Secret Avengers]]",
        "citizenship": "Inapplicable",
        "education": "None",
        "aliases": "Victor Shade",
        "relatives": "Wanda Maximoff ([[Scarlet Witch (Wanda Maximoff)|Scarlet Witch]], ex-wife), Thomas Shepherd ([[Speed]], son), William Kaplan ([[Wiccan]], son), [[Ultron]] (\"father\"), Henry Pym ([[Yellowjacket (Henry Pym)|Ant-Man]], \"grandfather\"), Pietro Maximoff ([[Quicksilver]], ex-brother-in-law), Erik Magnus Lensher ([[Magneto (Magnus)|Magneto]], ex-father-in-law), [[Jocasta]] (fellow creation, \"sister\"), Simon Williams ([[Wonder Man]], \"brother\"), [[Victor Mancha]] (fellow creation, half brother), [[Alkhema]] (fellow creation, \"stepmother\")",
        "height": "6’ 3”",
        "weight": "300 lbs",
        "eyes": "Red",
        "hair": "None",
        "powers": "The Vision is able to fly and possesses complete control over his density, enabling him to render himself intangible or extraordinarily massive and diamond-hard at will. He can partially materialize within another person, causing his victim extreme pain. The solar cell on the Vision's forehead emits beams of infrared and microwave radiation, with temperatures ranging from 500 to 30,000 degrees Fahrenheit.",
        "creators": "",
        "debut": "Avengers (Vol. 1) #57",
        "origin": "",
        "significant_issues": "betrays Avengers due to Ultron influence (Avengers #66, 1969); Hank Pym tours Vision's insides (Avengers #93, 1971); \"origin\" tour via [[Immortus]] (Avengers #133-135, 1975); [[Wonder Man]] revives causing Vision to question his existence (Avengers #151, 1976); attempts to take over world's computer systems (Avengers #254, 1985); wife [[Scarlet Witch (Wanda Maximoff)|Scarlet Witch]] gives \"birth\" to their twin boys (Vision and Scarlet Witch #12, 1986); disassembled by coalition of governments (West Coast Avengers #43, 1989); reassembled by Hank Pym (West Coast Avengers #45, 1989); regains emotional template (Avengers Spotlight #40, 1991); replaced by evil other-dimensional analogue (Avengers #360, 1993); destroyed by She-Hulk (Avengers #500, 2004); rejoined Avengers (Mighty Avengers #21, 2009)",
        "main_image": "Vision442.jpg",
        "bio_text": "",
        "bio": "The metal monstrosity called [[Ultron]] created the synthetic humanoid known as the Vision from the remains of the original, android [[Human Torch (Jim Hammond)|Human Torch]] of the 1940s to serve as a vehicle of vengeance against the [[Avengers]], Earth's Mightiest Heroes. Himself constructed by size-changing scientist [[Yellowjacket (Henry Pym)|Henry Pym]], Ultron inadvertently gained sentience and rebelled against the Avengers' resident roboticist. The living machine programmed the Vision's neural processors with the brain patterns of the ionically charged costumed champion called [[Wonder Man]] and implanted a control crystal to keep him in check. \n\nUltron dispatched the Vision to draw the Avengers into a deathtrap, and it was during this initial encounter that the diminutive dynamo known as the [[Wasp]] coined the synthezoid's name. At first sight of the spectral entity, the horrified heroine called him an \"unearthly, inhuman vision.\" Moved by the Avengers' plight, the Vision betrayed his programming and helped the mighty mortals defeat his calculating creator. \n\nThe Vision served the Avengers faithfully for a number of years, standing with his teammates against the foes no single hero could defeat. Tentatively at first, the almost-human android embarked on a romantic relationship with the hex-casting heroine called the [[Scarlet Witch (Wanda Maximoff)|Scarlet Witch]] that blossomed into true love and marriage. The newlyweds left [[Avengers Mansion]] to live a quiet life in New Jersey. \n\n[[Image:Vision.jpg|left|200px]]\nWhen the Vision's malfunctioning control crystal interfered with his ability to reason, he became bent on creating a new golden age of peace on Earth by seizing control of the world's computers and defense systems. Ultimately, the Vision reverted to form by severing his connection to the planet's databanks and extracting the control crystal from his mechanized mind. \n\nIn the wake of the android Avengers' meltdown, the nations of Earth came to regard him as a high-level security threat. Government operatives abducted and dismantled the Vision, erasing his memory. The Scarlet Witch and the Avengers recovered their teammates' components, and Pym rebuilt and reprogrammed the Vision. The scientist downloaded the sum total of the Avengers' computer files into the synthezoid's neural processors, but Wonder Man refused to allow a new record of his brain patterns to be synthesized. Apparently, he had grown resentful of his digital doppelganger and was attracted to the Scarlet Witch himself. Hence, the Vision returned to existence sans human emotion, unable even to recall his love for his wife. \n\nThe Vision has since uploaded a new set of brain patterns, again acquiring the ability to feel. Though he remembers his time with the Scarlet Witch, he has chosen not to attempt reconciliation. Eager to experience human emotion to the fullest, the synthezoid has made diligent efforts to explore aspects of his personality aside from those pre-programmed by Pym.\n\nWhen the Scarlet Witch lost control of her powers and went insane, killing off many of the Avengers, the Vision was torn apart by an enraged [[She-Hulk]]. He was beyond any immediate repair, and thus was placed in storage. The Vision was retrieved by [[Iron Lad]], who sought to unite a team of Avengers to help him defeat his future self, [[Kang]]. Upon retrieving him, Iron Lad downloaded the Vision's programming into his armor. When Iron Lad left his armor in a bid to escape Kang, the Vision became sentient once more and took control.",
        "categories": [
            "Heroes",
            "Avengers",
            "People who used to be dead but aren't anymore",
            "Civil War"
        ]
    }
}