{
    "id": 1009455,
    "name": "Morg",
    "description": "",
    "modified": "1969-12-31T19:00:00-0500",
    "thumbnail": {
        "path": "http://i.annihil.us/u/prod/marvel/i/mg/b/40/image_not_available",
        "extension": "jpg"
    },
    "resourceURI": "http://gateway.marvel.com/v1/public/characters/1009455",
    "comics": {
        "available": 5,
        "collectionURI": "http://gateway.marvel.com/v1/public/characters/1009455/comics",
        "items": [
            {
                "resourceURI": "http://gateway.marvel.com/v1/public/comics/15102",
                "name": "Silver Surfer (1987) #105"
            },
            {
                "resourceURI": "http://gateway.marvel.com/v1/public/comics/15103",
                "name": "Silver Surfer (1987) #106"
            },
            {
                "resourceURI": "http://gateway.marvel.com/v1/public/comics/15104",
                "name": "Silver Surfer (1987) #107"
            },
            {
                "resourceURI": "http://gateway.marvel.com/v1/public/comics/15105",
                "name": "Silver Surfer (1987) #108"
            },
            {
                "resourceURI": "http://gateway.marvel.com/v1/public/comics/15106",
                "name": "Silver Surfer (1987) #109"
            }
        ],
        "returned": 5
    },
    "series": {
        "available": 1,
        "collectionURI": "http://gateway.marvel.com/v1/public/characters/1009455/series",
        "items": [
            {
                "resourceURI": "http://gateway.marvel.com/v1/public/series/2288",
                "name": "Silver Surfer (1987 - 1998)"
            }
        ],
        "returned": 1
    },
    "stories": {
        "available": 5,
        "collectionURI": "http://gateway.marvel.com/v1/public/characters/1009455/stories",
        "items": [
            {
                "resourceURI": "http://gateway.marvel.com/v1/public/stories/30674",
                "name": "Fatal Errors!",
                "type": "interiorStory"
            },
            {
                "resourceURI": "http://gateway.marvel.com/v1/public/stories/30676",
                "name": "Crowd Control",
                "type": "interiorStory"
            },
            {
                "resourceURI": "http://gateway.marvel.com/v1/public/stories/30678",
                "name": "Weapon 'S'",
                "type": "interiorStory"
            },
            {
                "resourceURI": "http://gateway.marvel.com/v1/public/stories/30680",
                "name": "Galactic Grapplerama",
                "type": "interiorStory"
            },
            {
                "resourceURI": "http://gateway.marvel.com/v1/public/stories/30682",
                "name": "Nullified and Void!",
                "type": "interiorStory"
            }
        ],
        "returned": 5
    },
    "events": {
        "available": 0,
        "collectionURI": "http://gateway.marvel.com/v1/public/characters/1009455/events",
        "items": [],
        "returned": 0
    },
    "urls": [
        {
            "type": "detail",
            "url": "http://marvel.com/comics/characters/1009455/morg?utm_campaign=apiRef&utm_source=35410e46c72ea769348ceb6ba8cc90fd"
        }
    ]
}