{
    "id": 1009172,
    "name": "Batroc the Leaper",
    "description": "",
    "modified": "2011-03-03T11:45:12-0500",
    "thumbnail": {
        "path": "http://i.annihil.us/u/prod/marvel/i/mg/c/80/4ce59eb840da5",
        "extension": "gif"
    },
    "resourceURI": "http://gateway.marvel.com/v1/public/characters/1009172",
    "comics": {
        "available": 10,
        "collectionURI": "http://gateway.marvel.com/v1/public/characters/1009172/comics",
        "items": [
            {
                "resourceURI": "http://gateway.marvel.com/v1/public/comics/36945",
                "name": "Batroc (2010) #1"
            },
            {
                "resourceURI": "http://gateway.marvel.com/v1/public/comics/12800",
                "name": "Captain America (1998) #4"
            },
            {
                "resourceURI": "http://gateway.marvel.com/v1/public/comics/7739",
                "name": "Captain America (1968) #358"
            },
            {
                "resourceURI": "http://gateway.marvel.com/v1/public/comics/7740",
                "name": "Captain America (1968) #359"
            },
            {
                "resourceURI": "http://gateway.marvel.com/v1/public/comics/7741",
                "name": "Captain America (1968) #360"
            },
            {
                "resourceURI": "http://gateway.marvel.com/v1/public/comics/7742",
                "name": "Captain America (1968) #361"
            },
            {
                "resourceURI": "http://gateway.marvel.com/v1/public/comics/7743",
                "name": "Captain America (1968) #362"
            },
            {
                "resourceURI": "http://gateway.marvel.com/v1/public/comics/37570",
                "name": "Captain America: Allies & Enemies (Trade Paperback)"
            },
            {
                "resourceURI": "http://gateway.marvel.com/v1/public/comics/8474",
                "name": "Deadpool (1997) #20"
            },
            {
                "resourceURI": "http://gateway.marvel.com/v1/public/comics/38273",
                "name": "Hawkeye: Blind Spot TPB (Trade Paperback)"
            }
        ],
        "returned": 10
    },
    "series": {
        "available": 6,
        "collectionURI": "http://gateway.marvel.com/v1/public/characters/1009172/series",
        "items": [
            {
                "resourceURI": "http://gateway.marvel.com/v1/public/series/13194",
                "name": "Batroc (2010 - 2011)"
            },
            {
                "resourceURI": "http://gateway.marvel.com/v1/public/series/1997",
                "name": "Captain America (1998 - 2002)"
            },
            {
                "resourceURI": "http://gateway.marvel.com/v1/public/series/1996",
                "name": "Captain America (1968 - 1996)"
            },
            {
                "resourceURI": "http://gateway.marvel.com/v1/public/series/13504",
                "name": "Captain America: Allies & Enemies (2010 - Present)"
            },
            {
                "resourceURI": "http://gateway.marvel.com/v1/public/series/2005",
                "name": "Deadpool (1997 - 2002)"
            },
            {
                "resourceURI": "http://gateway.marvel.com/v1/public/series/13787",
                "name": "Hawkeye: Blind Spot TPB (2011 - Present)"
            }
        ],
        "returned": 6
    },
    "stories": {
        "available": 10,
        "collectionURI": "http://gateway.marvel.com/v1/public/characters/1009172/stories",
        "items": [
            {
                "resourceURI": "http://gateway.marvel.com/v1/public/stories/17986",
                "name": "Captain America (1968) #358",
                "type": "interiorStory"
            },
            {
                "resourceURI": "http://gateway.marvel.com/v1/public/stories/17989",
                "name": "Captain America (1968) #359",
                "type": "interiorStory"
            },
            {
                "resourceURI": "http://gateway.marvel.com/v1/public/stories/17992",
                "name": "Captain America (1968) #360",
                "type": "interiorStory"
            },
            {
                "resourceURI": "http://gateway.marvel.com/v1/public/stories/17995",
                "name": "Captain America (1968) #361",
                "type": "interiorStory"
            },
            {
                "resourceURI": "http://gateway.marvel.com/v1/public/stories/17998",
                "name": "Captain America (1968) #362",
                "type": "interiorStory"
            },
            {
                "resourceURI": "http://gateway.marvel.com/v1/public/stories/24556",
                "name": "Deadpool (1997) #20",
                "type": "interiorStory"
            },
            {
                "resourceURI": "http://gateway.marvel.com/v1/public/stories/67177",
                "name": "Captain America (1998) #4",
                "type": "cover"
            },
            {
                "resourceURI": "http://gateway.marvel.com/v1/public/stories/81931",
                "name": "Batroc (2010) #1",
                "type": "cover"
            },
            {
                "resourceURI": "http://gateway.marvel.com/v1/public/stories/83065",
                "name": "Cover #83065",
                "type": "cover"
            },
            {
                "resourceURI": "http://gateway.marvel.com/v1/public/stories/91269",
                "name": "Hawkeye: Blind Spot TPB",
                "type": "interiorStory"
            }
        ],
        "returned": 10
    },
    "events": {
        "available": 0,
        "collectionURI": "http://gateway.marvel.com/v1/public/characters/1009172/events",
        "items": [],
        "returned": 0
    },
    "urls": [
        {
            "type": "detail",
            "url": "http://marvel.com/comics/characters/1009172/batroc_the_leaper?utm_campaign=apiRef&utm_source=35410e46c72ea769348ceb6ba8cc90fd"
        },
        {
            "type": "wiki",
            "url": "http://marvel.com/universe/Batroc_(Georges_Batroc)?utm_campaign=apiRef&utm_source=35410e46c72ea769348ceb6ba8cc90fd"
        }
    ],
    "wiki": {
        "universe": "[[Marvel Universe]]",
        "real_name": "Georges Batroc",
        "identity": "No dual identity",
        "occupation": "Mercenary; former soldier",
        "place_of_birth": "Marseilles, France",
        "groups": "Formerly [[Thunderbolts Army]], [[Batroc’s Brigade]]; former employed by the [[Red Skull (Johann Shmidt)|Red Skull]] and [[Obadiah Stane]]",
        "citizenship": "France",
        "education": "Military training",
        "aliases": "The Leaper",
        "relatives": "Batroc (daughter, full name unrevealed)",
        "height": "6’",
        "weight": "225 lbs.",
        "eyes": "Brown",
        "hair": "Black",
        "powers": "None",
        "abilities": "Batroc has no superhuman powers, but is supremely agile and the world's expert at <i>savate</i>, the French form of kick-boxing.",
        "weapons": "None",
        "debut": "Tales of Suspense #75",
        "origin": "",
        "significant_issues": "",
        "main_image": "Bartoc.jpg",
        "bio_text": "Batroc trained himself in <i>savate</i> while in the French Foreign Legion, and he later became a costumed mercenary as the Leaper. Although originally working alone, he began and continues to often recruit fellow rogues and criminals when a job may require it, forming the so-called [[Batroc’s Brigade]]. His mercenary adventures often led him into criminal activities, and thus he has clashed and continues to clash with many superheroes and costumed crime fighters, notably [[Captain America (Steve Rogers) |Captain America]]. Batroc, while not inherently villainous, is an egotist and often caricature of the romantic ideal of a \"thief.\"",
        "bio": "Batroc trained himself in <i>savate</i> while in the French Foreign Legion, and he later became a costumed mercenary as the Leaper. Although originally working alone, he began and continues to often recruit fellow rogues and criminals when a job may require it, forming the so-called [[Batroc’s Brigade]]. His mercenary adventures often led him into criminal activities, and thus he has clashed and continues to clash with many superheroes and costumed crime fighters, notably [[Captain America (Steve Rogers) |Captain America]]. Batroc, while not inherently villainous, is an egotist and often caricature of the romantic ideal of a \"thief.\"\n\nHe once worked with an (as he called it) demon, actually a being from another planet. With him, he fought against Captain America and [[Spider-Man (Peter Parker)|Spider-Man]].\n\nOnce, Batroc came into conflict with Captain America when he believed he was dying from the breakdown of the Super Soldier serum. Batroc, moved by the Captain's sense of \"honor,\" declared that he would concede defeat and grant Cap's desire. Cap wished that just one of his former enemies would turn away from his life of crime. Genuinely moved, Batroc declared he would do this. However, Batroc soon returned to his mercenary/criminal activities.",
        "categories": [
            "Thunderbolts",
            "Villains",
            "International",
            "Civil War",
            "Initiative"
        ]
    }
}