{
    "id": 1009373,
    "name": "Jetstream",
    "description": "",
    "modified": "1969-12-31T19:00:00-0500",
    "thumbnail": {
        "path": "http://i.annihil.us/u/prod/marvel/i/mg/b/40/image_not_available",
        "extension": "jpg"
    },
    "resourceURI": "http://gateway.marvel.com/v1/public/characters/1009373",
    "comics": {
        "available": 1,
        "collectionURI": "http://gateway.marvel.com/v1/public/characters/1009373/comics",
        "items": [
            {
                "resourceURI": "http://gateway.marvel.com/v1/public/comics/13822",
                "name": "Uncanny X-Men (1963) #281"
            }
        ],
        "returned": 1
    },
    "series": {
        "available": 1,
        "collectionURI": "http://gateway.marvel.com/v1/public/characters/1009373/series",
        "items": [
            {
                "resourceURI": "http://gateway.marvel.com/v1/public/series/2258",
                "name": "Uncanny X-Men (1963 - 2011)"
            }
        ],
        "returned": 1
    },
    "stories": {
        "available": 1,
        "collectionURI": "http://gateway.marvel.com/v1/public/characters/1009373/stories",
        "items": [
            {
                "resourceURI": "http://gateway.marvel.com/v1/public/stories/28072",
                "name": "Fresh Upstart",
                "type": "interiorStory"
            }
        ],
        "returned": 1
    },
    "events": {
        "available": 0,
        "collectionURI": "http://gateway.marvel.com/v1/public/characters/1009373/events",
        "items": [],
        "returned": 0
    },
    "urls": [
        {
            "type": "detail",
            "url": "http://marvel.com/comics/characters/1009373/jetstream?utm_campaign=apiRef&utm_source=35410e46c72ea769348ceb6ba8cc90fd"
        }
    ]
}