{
    "id": 1009659,
    "name": "The Spike",
    "description": "",
    "modified": "1969-12-31T19:00:00-0500",
    "thumbnail": {
        "path": "http://i.annihil.us/u/prod/marvel/i/mg/b/40/image_not_available",
        "extension": "jpg"
    },
    "resourceURI": "http://gateway.marvel.com/v1/public/characters/1009659",
    "comics": {
        "available": 0,
        "collectionURI": "http://gateway.marvel.com/v1/public/characters/1009659/comics",
        "items": [],
        "returned": 0
    },
    "series": {
        "available": 0,
        "collectionURI": "http://gateway.marvel.com/v1/public/characters/1009659/series",
        "items": [],
        "returned": 0
    },
    "stories": {
        "available": 0,
        "collectionURI": "http://gateway.marvel.com/v1/public/characters/1009659/stories",
        "items": [],
        "returned": 0
    },
    "events": {
        "available": 0,
        "collectionURI": "http://gateway.marvel.com/v1/public/characters/1009659/events",
        "items": [],
        "returned": 0
    },
    "urls": [
        {
            "type": "detail",
            "url": "http://marvel.com/comics/characters/1009659/the_spike?utm_campaign=apiRef&utm_source=35410e46c72ea769348ceb6ba8cc90fd"
        }
    ]
}