{
    "id": 1009514,
    "name": "Puma",
    "description": "",
    "modified": "1969-12-31T19:00:00-0500",
    "thumbnail": {
        "path": "http://i.annihil.us/u/prod/marvel/i/mg/7/c0/4c003c7a0ab21",
        "extension": "jpg"
    },
    "resourceURI": "http://gateway.marvel.com/v1/public/characters/1009514",
    "comics": {
        "available": 20,
        "collectionURI": "http://gateway.marvel.com/v1/public/characters/1009514/comics",
        "items": [
            {
                "resourceURI": "http://gateway.marvel.com/v1/public/comics/10124",
                "name": "Marvel Comics Presents (1988) #44"
            },
            {
                "resourceURI": "http://gateway.marvel.com/v1/public/comics/3171",
                "name": "Marvel Comics Presents Wolverine Vol. 2 (Trade Paperback)"
            },
            {
                "resourceURI": "http://gateway.marvel.com/v1/public/comics/14611",
                "name": "Peter Parker, the Spectacular Spider-Man (1976) #161"
            },
            {
                "resourceURI": "http://gateway.marvel.com/v1/public/comics/14617",
                "name": "Peter Parker, the Spectacular Spider-Man (1976) #167"
            },
            {
                "resourceURI": "http://gateway.marvel.com/v1/public/comics/14618",
                "name": "Peter Parker, the Spectacular Spider-Man (1976) #168"
            },
            {
                "resourceURI": "http://gateway.marvel.com/v1/public/comics/14619",
                "name": "Peter Parker, the Spectacular Spider-Man (1976) #169"
            },
            {
                "resourceURI": "http://gateway.marvel.com/v1/public/comics/14621",
                "name": "Peter Parker, the Spectacular Spider-Man (1976) #170"
            },
            {
                "resourceURI": "http://gateway.marvel.com/v1/public/comics/14622",
                "name": "Peter Parker, the Spectacular Spider-Man (1976) #171"
            },
            {
                "resourceURI": "http://gateway.marvel.com/v1/public/comics/14623",
                "name": "Peter Parker, the Spectacular Spider-Man (1976) #172"
            },
            {
                "resourceURI": "http://gateway.marvel.com/v1/public/comics/14644",
                "name": "Peter Parker, the Spectacular Spider-Man (1976) #191"
            },
            {
                "resourceURI": "http://gateway.marvel.com/v1/public/comics/14645",
                "name": "Peter Parker, the Spectacular Spider-Man (1976) #192"
            },
            {
                "resourceURI": "http://gateway.marvel.com/v1/public/comics/14646",
                "name": "Peter Parker, the Spectacular Spider-Man (1976) #193"
            },
            {
                "resourceURI": "http://gateway.marvel.com/v1/public/comics/14673",
                "name": "Peter Parker, the Spectacular Spider-Man (1976) #217"
            },
            {
                "resourceURI": "http://gateway.marvel.com/v1/public/comics/4304",
                "name": "Sensational Spider-Man (2006) #27"
            },
            {
                "resourceURI": "http://gateway.marvel.com/v1/public/comics/5268",
                "name": "Sensational Spider-Man: Feral Premiere (Hardcover)"
            },
            {
                "resourceURI": "http://gateway.marvel.com/v1/public/comics/16136",
                "name": "Super-Villain Team-Up/Modok's 11 (2007) #2"
            },
            {
                "resourceURI": "http://gateway.marvel.com/v1/public/comics/11993",
                "name": "Web of Spider-Man (1985) #117"
            },
            {
                "resourceURI": "http://gateway.marvel.com/v1/public/comics/14111",
                "name": "Wolverine (1988) #167"
            },
            {
                "resourceURI": "http://gateway.marvel.com/v1/public/comics/14112",
                "name": "Wolverine (1988) #168"
            },
            {
                "resourceURI": "http://gateway.marvel.com/v1/public/comics/1025",
                "name": "Wolverine: The Best There Is (Trade Paperback)"
            }
        ],
        "returned": 20
    },
    "series": {
        "available": 9,
        "collectionURI": "http://gateway.marvel.com/v1/public/characters/1009514/series",
        "items": [
            {
                "resourceURI": "http://gateway.marvel.com/v1/public/series/2039",
                "name": "Marvel Comics Presents (1988 - 1995)"
            },
            {
                "resourceURI": "http://gateway.marvel.com/v1/public/series/1591",
                "name": "Marvel Comics Presents Wolverine Vol. 2 (2005)"
            },
            {
                "resourceURI": "http://gateway.marvel.com/v1/public/series/2271",
                "name": "Peter Parker, the Spectacular Spider-Man (1976 - 1998)"
            },
            {
                "resourceURI": "http://gateway.marvel.com/v1/public/series/722",
                "name": "Sensational Spider-Man (2006 - 2007)"
            },
            {
                "resourceURI": "http://gateway.marvel.com/v1/public/series/1803",
                "name": "Sensational Spider-Man: Feral Premiere (2006)"
            },
            {
                "resourceURI": "http://gateway.marvel.com/v1/public/series/1857",
                "name": "Super-Villain Team-Up/Modok's 11 (2007 - 2008)"
            },
            {
                "resourceURI": "http://gateway.marvel.com/v1/public/series/2092",
                "name": "Web of Spider-Man (1985 - 1995)"
            },
            {
                "resourceURI": "http://gateway.marvel.com/v1/public/series/2262",
                "name": "Wolverine (1988 - 2003)"
            },
            {
                "resourceURI": "http://gateway.marvel.com/v1/public/series/85",
                "name": "Wolverine: The Best There Is (1999)"
            }
        ],
        "returned": 9
    },
    "stories": {
        "available": 22,
        "collectionURI": "http://gateway.marvel.com/v1/public/characters/1009514/stories",
        "items": [
            {
                "resourceURI": "http://gateway.marvel.com/v1/public/stories/3005",
                "name": "5 of 5 - Feral",
                "type": "cover"
            },
            {
                "resourceURI": "http://gateway.marvel.com/v1/public/stories/21737",
                "name": "Back from the Edge",
                "type": "pinup"
            },
            {
                "resourceURI": "http://gateway.marvel.com/v1/public/stories/23349",
                "name": "... And Not A Drop To Drink",
                "type": ""
            },
            {
                "resourceURI": "http://gateway.marvel.com/v1/public/stories/28714",
                "name": "Blood Sport Part 1",
                "type": "interiorStory"
            },
            {
                "resourceURI": "http://gateway.marvel.com/v1/public/stories/28716",
                "name": "Bloodsport Part 2",
                "type": "interiorStory"
            },
            {
                "resourceURI": "http://gateway.marvel.com/v1/public/stories/29667",
                "name": "Cover #29667",
                "type": "cover"
            },
            {
                "resourceURI": "http://gateway.marvel.com/v1/public/stories/29668",
                "name": "Pardoned!",
                "type": "interiorStory"
            },
            {
                "resourceURI": "http://gateway.marvel.com/v1/public/stories/29680",
                "name": "A Misty Kind of Memory",
                "type": "interiorStory"
            },
            {
                "resourceURI": "http://gateway.marvel.com/v1/public/stories/29682",
                "name": "Sleeping Dogs",
                "type": "interiorStory"
            },
            {
                "resourceURI": "http://gateway.marvel.com/v1/public/stories/29683",
                "name": "Cover #29683",
                "type": "cover"
            },
            {
                "resourceURI": "http://gateway.marvel.com/v1/public/stories/29684",
                "name": "The Outlaw Trail",
                "type": "interiorStory"
            },
            {
                "resourceURI": "http://gateway.marvel.com/v1/public/stories/29688",
                "name": "The Final Calculation",
                "type": "interiorStory"
            },
            {
                "resourceURI": "http://gateway.marvel.com/v1/public/stories/29690",
                "name": "Ordeal",
                "type": "interiorStory"
            },
            {
                "resourceURI": "http://gateway.marvel.com/v1/public/stories/29691",
                "name": "Cover #29691",
                "type": "cover"
            },
            {
                "resourceURI": "http://gateway.marvel.com/v1/public/stories/29692",
                "name": "Savage Showdown",
                "type": "interiorStory"
            },
            {
                "resourceURI": "http://gateway.marvel.com/v1/public/stories/29743",
                "name": "Cover #29743",
                "type": "cover"
            },
            {
                "resourceURI": "http://gateway.marvel.com/v1/public/stories/29744",
                "name": "The Valley",
                "type": "interiorStory"
            },
            {
                "resourceURI": "http://gateway.marvel.com/v1/public/stories/29745",
                "name": "Cover #29745",
                "type": "cover"
            },
            {
                "resourceURI": "http://gateway.marvel.com/v1/public/stories/29746",
                "name": "The Summit",
                "type": "interiorStory"
            },
            {
                "resourceURI": "http://gateway.marvel.com/v1/public/stories/29747",
                "name": "Eye of the Puma, Conclusion",
                "type": "cover"
            }
        ],
        "returned": 20
    },
    "events": {
        "available": 0,
        "collectionURI": "http://gateway.marvel.com/v1/public/characters/1009514/events",
        "items": [],
        "returned": 0
    },
    "urls": [
        {
            "type": "detail",
            "url": "http://marvel.com/comics/characters/1009514/puma?utm_campaign=apiRef&utm_source=35410e46c72ea769348ceb6ba8cc90fd"
        },
        {
            "type": "wiki",
            "url": "http://marvel.com/universe/Puma?utm_campaign=apiRef&utm_source=35410e46c72ea769348ceb6ba8cc90fd"
        }
    ],
    "wiki": {
        "universe": "[[Marvel Universe]]",
        "real_name": "Thomas Fireheart",
        "identity": "Secret, known to [[Spider-Man (Peter Parker)|Spider-Man]] and members of his tribe",
        "aliases": "Tarata, “Cowboy-Cat”",
        "occupation": "C.E.O. of [[Fireheart Enterprises]], mercenary",
        "place_of_birth": "New Mexico",
        "groups": "Initiative Trainees; formerly [[Outlaws]]; former employee of the [[Fisk, Richard|Rose]]",
        "citizenship": "U.S.A.",
        "education": "Masters degree in Business Administration, tribal teachings, martial arts instruction",
        "relatives": "Threetrees (uncle), “Heart-Like-Fire” (ancestor, deceased)",
        "height": "(Fireheart) 6'; (Puma) 6'2\"",
        "weight": "(Fireheart) 205 lbs.; (Puma) 240 lbs.",
        "eyes": "Green",
        "hair": "(Fireheart) Black; (Puma) Red",
        "abilities": "Though Puma typically carries no weapons, he can throw ordinary objects with great force and accuracy. He is trained in many forms of hand-to-hand combat through both his tribal teaching and Master Muramoto. The less control Puma has over his animal side, the more savage and reckless a fighter he becomes.",
        "powers": "Fireheart transforms physically into Puma through intense concentration, gaining height and mass while covering his body in a fine tan fur with rusty red hair, providing perfect camouflage for the desert habitat. Puma possesses superhuman strength (capable of lifting 12 tons), speed, endurance, agility (able to leap 35 feet), coordination, healing, and extraordinary senses. His sense of smell is so great he can locate an individual from miles away. His sight enables him to see great distances and beyond the normal “visible” spectrum — even into mystical realms. His nails grow into short claws (which he has tipped with poison on occasion).",
        "weapons": "None",
        "debut": "Amazing Spider-Man Vol.1 #256 (1984)",
        "origin": "Amazing Spider-Man Vol.1 #257 (1984)",
        "significant_issues": "",
        "main_image": "pumaaa.jpg",
        "bio_text": "Thomas Fireheart is a wealthy Native American businessman, but Thomas has a hidden side to him and the rest of the world.  His New Mexico, Indian tribe began a secret program that combined mysticism with controlled breeding in an effort to bring about one perfect warrior to act as their protector.  This warrior was called Puma.  Puma was a mercenary-for-hire, and the [[Fisk, Richard|Rose]] had employed him to assassinate [[Spider-Man (Peter Parker)|Spider-Man]]. Puma may have actually succeeded if not for the intervention of the [[Black Cat]].  Since then, Puma and Spider-Man have fought many times, and Puma has even fought the [[Beyonder]].",
        "bio": "Thomas Fireheart is a wealthy Native American businessman, but Thomas has a hidden side to him and the rest of the world.  His New Mexico, Indian tribe began a secret program that combined mysticism with controlled breeding in an effort to bring about one perfect warrior to act as their protector.  This warrior was called Puma.  Puma was a mercenary-for-hire, and the [[Fisk, Richard|Rose]] had employed him to assassinate [[Spider-Man (Peter Parker)|Spider-Man]]. Puma may have actually succeeded if not for the intervention of the [[Black Cat]].  Since then, Puma and Spider-Man have fought many times, and Puma has even fought the [[Beyonder]]. \n\nPuma had attacked Spider-Man, believing false charges that Spider-Man was a thief.  In order to pay off his debt of honor, Fireheart purchased the [[Daily Bugle (Building)|Daily Bugle]] just to improve Spider-Man's public perception. Eventually, the Bugle was sold back to [[J. Jonah Jameson]].\n\nRecently during the superhero \"[[Civil War]]\", Puma registered with the government alongside Black Cat, whom with he is in a relationship.",
        "categories": [
            "Civil War",
            "Initiative",
            "Magic",
            "Reformed Villains",
            "Spider-Man",
            "Spider-Man Villains",
            "Villains"
        ]
    }
}