{
    "id": 1009657,
    "name": "The Professor",
    "description": "",
    "modified": "1969-12-31T19:00:00-0500",
    "thumbnail": {
        "path": "http://i.annihil.us/u/prod/marvel/i/mg/b/40/image_not_available",
        "extension": "jpg"
    },
    "resourceURI": "http://gateway.marvel.com/v1/public/characters/1009657",
    "comics": {
        "available": 6,
        "collectionURI": "http://gateway.marvel.com/v1/public/characters/1009657/comics",
        "items": [
            {
                "resourceURI": "http://gateway.marvel.com/v1/public/comics/14168",
                "name": "Wolverine (1988) #48"
            },
            {
                "resourceURI": "http://gateway.marvel.com/v1/public/comics/14171",
                "name": "Wolverine (1988) #50"
            },
            {
                "resourceURI": "http://gateway.marvel.com/v1/public/comics/14185",
                "name": "Wolverine (1988) #63"
            },
            {
                "resourceURI": "http://gateway.marvel.com/v1/public/comics/14069",
                "name": "Wolverine (1988) #129"
            },
            {
                "resourceURI": "http://gateway.marvel.com/v1/public/comics/14121",
                "name": "Wolverine (1988) #176"
            },
            {
                "resourceURI": "http://gateway.marvel.com/v1/public/comics/1261",
                "name": "Wolverine Legends Vol. 6: Marc Silvestri Book I (Trade Paperback)"
            }
        ],
        "returned": 6
    },
    "series": {
        "available": 2,
        "collectionURI": "http://gateway.marvel.com/v1/public/characters/1009657/series",
        "items": [
            {
                "resourceURI": "http://gateway.marvel.com/v1/public/series/2262",
                "name": "Wolverine (1988 - 2003)"
            },
            {
                "resourceURI": "http://gateway.marvel.com/v1/public/series/317",
                "name": "Wolverine Legends Vol. 6: Marc Silvestri Book I (2004)"
            }
        ],
        "returned": 2
    },
    "stories": {
        "available": 5,
        "collectionURI": "http://gateway.marvel.com/v1/public/characters/1009657/stories",
        "items": [
            {
                "resourceURI": "http://gateway.marvel.com/v1/public/stories/28628",
                "name": "Survival of the Fittest Part 1: Whatever It Takes...",
                "type": "interiorStory"
            },
            {
                "resourceURI": "http://gateway.marvel.com/v1/public/stories/28738",
                "name": "The Logan Files Epilogue",
                "type": "interiorStory"
            },
            {
                "resourceURI": "http://gateway.marvel.com/v1/public/stories/28849",
                "name": "Dreams of Gore: Phase 1",
                "type": "interiorStory"
            },
            {
                "resourceURI": "http://gateway.marvel.com/v1/public/stories/28856",
                "name": "Dreams of Gore: Phase 3",
                "type": "interiorStory"
            },
            {
                "resourceURI": "http://gateway.marvel.com/v1/public/stories/28887",
                "name": "Bastions of Glory!",
                "type": "interiorStory"
            }
        ],
        "returned": 5
    },
    "events": {
        "available": 0,
        "collectionURI": "http://gateway.marvel.com/v1/public/characters/1009657/events",
        "items": [],
        "returned": 0
    },
    "urls": [
        {
            "type": "detail",
            "url": "http://marvel.com/comics/characters/1009657/the_professor?utm_campaign=apiRef&utm_source=35410e46c72ea769348ceb6ba8cc90fd"
        }
    ]
}