{
    "id": 1009177,
    "name": "Bedlam",
    "description": "",
    "modified": "1969-12-31T19:00:00-0500",
    "thumbnail": {
        "path": "http://i.annihil.us/u/prod/marvel/i/mg/b/40/image_not_available",
        "extension": "jpg"
    },
    "resourceURI": "http://gateway.marvel.com/v1/public/characters/1009177",
    "comics": {
        "available": 8,
        "collectionURI": "http://gateway.marvel.com/v1/public/characters/1009177/comics",
        "items": [
            {
                "resourceURI": "http://gateway.marvel.com/v1/public/comics/17506",
                "name": "Avengers (1998) #24"
            },
            {
                "resourceURI": "http://gateway.marvel.com/v1/public/comics/17507",
                "name": "Avengers (1998) #25"
            },
            {
                "resourceURI": "http://gateway.marvel.com/v1/public/comics/4461",
                "name": "Avengers Assemble Vol. 3 (Hardcover)"
            },
            {
                "resourceURI": "http://gateway.marvel.com/v1/public/comics/7452",
                "name": "Cable (1993) #73"
            },
            {
                "resourceURI": "http://gateway.marvel.com/v1/public/comics/7457",
                "name": "Cable (1993) #78"
            },
            {
                "resourceURI": "http://gateway.marvel.com/v1/public/comics/10519",
                "name": "Peter Parker: Spider-Man (1999) #11"
            },
            {
                "resourceURI": "http://gateway.marvel.com/v1/public/comics/18639",
                "name": "Thor (1998) #17"
            },
            {
                "resourceURI": "http://gateway.marvel.com/v1/public/comics/20913",
                "name": "X-Men Vs. Apocalypse Vol. 1: The Twelve (Trade Paperback)"
            }
        ],
        "returned": 8
    },
    "series": {
        "available": 6,
        "collectionURI": "http://gateway.marvel.com/v1/public/characters/1009177/series",
        "items": [
            {
                "resourceURI": "http://gateway.marvel.com/v1/public/series/354",
                "name": "Avengers (1998 - 2004)"
            },
            {
                "resourceURI": "http://gateway.marvel.com/v1/public/series/1737",
                "name": "Avengers Assemble Vol. 3 (2006)"
            },
            {
                "resourceURI": "http://gateway.marvel.com/v1/public/series/1995",
                "name": "Cable (1993 - 2002)"
            },
            {
                "resourceURI": "http://gateway.marvel.com/v1/public/series/2060",
                "name": "Peter Parker: Spider-Man (1999 - 2003)"
            },
            {
                "resourceURI": "http://gateway.marvel.com/v1/public/series/581",
                "name": "Thor (1998 - 2004)"
            },
            {
                "resourceURI": "http://gateway.marvel.com/v1/public/series/4020",
                "name": "X-Men Vs. Apocalypse Vol. 1: The Twelve (2008)"
            }
        ],
        "returned": 6
    },
    "stories": {
        "available": 8,
        "collectionURI": "http://gateway.marvel.com/v1/public/characters/1009177/stories",
        "items": [
            {
                "resourceURI": "http://gateway.marvel.com/v1/public/stories/24332",
                "name": "Pestilence!",
                "type": "interiorStory"
            },
            {
                "resourceURI": "http://gateway.marvel.com/v1/public/stories/24349",
                "name": "I Still Believe I Cannot Be Saved",
                "type": "interiorStory"
            },
            {
                "resourceURI": "http://gateway.marvel.com/v1/public/stories/25563",
                "name": "Cover #25563",
                "type": "cover"
            },
            {
                "resourceURI": "http://gateway.marvel.com/v1/public/stories/25564",
                "name": "An Exemplary Day",
                "type": "interiorStory"
            },
            {
                "resourceURI": "http://gateway.marvel.com/v1/public/stories/37370",
                "name": "Harsh Judgments",
                "type": "interiorStory"
            },
            {
                "resourceURI": "http://gateway.marvel.com/v1/public/stories/37371",
                "name": "Cover #37371",
                "type": "cover"
            },
            {
                "resourceURI": "http://gateway.marvel.com/v1/public/stories/37372",
                "name": "The Ninth Day",
                "type": "interiorStory"
            },
            {
                "resourceURI": "http://gateway.marvel.com/v1/public/stories/39937",
                "name": "The Eighth Day Part 1",
                "type": "interiorStory"
            }
        ],
        "returned": 8
    },
    "events": {
        "available": 0,
        "collectionURI": "http://gateway.marvel.com/v1/public/characters/1009177/events",
        "items": [],
        "returned": 0
    },
    "urls": [
        {
            "type": "detail",
            "url": "http://marvel.com/comics/characters/1009177/bedlam?utm_campaign=apiRef&utm_source=35410e46c72ea769348ceb6ba8cc90fd"
        }
    ]
}