{
    "id": 1009416,
    "name": "Magma (Amara Aquilla)",
    "description": "",
    "modified": "2011-02-28T16:06:13-0500",
    "thumbnail": {
        "path": "http://i.annihil.us/u/prod/marvel/i/mg/9/20/4c003d55e4ce8",
        "extension": "jpg"
    },
    "resourceURI": "http://gateway.marvel.com/v1/public/characters/1009416",
    "comics": {
        "available": 34,
        "collectionURI": "http://gateway.marvel.com/v1/public/characters/1009416/comics",
        "items": [
            {
                "id": 38080,
                "resourceURI": "http://gateway.marvel.com/v1/public/comics/38080",
                "name": "New Mutants (2010) #33"
            },
            {
                "id": 41448,
                "resourceURI": "http://gateway.marvel.com/v1/public/comics/41448",
                "name": "New Mutants (2010) #33 (Keown Variant)"
            },
            {
                "id": 36498,
                "resourceURI": "http://gateway.marvel.com/v1/public/comics/36498",
                "name": "New Mutants (2009) #31"
            },
            {
                "id": 39280,
                "resourceURI": "http://gateway.marvel.com/v1/public/comics/39280",
                "name": "New Mutants (2010) #25 (Adams Variant )"
            },
            {
                "id": 40987,
                "resourceURI": "http://gateway.marvel.com/v1/public/comics/40987",
                "name": "New Mutants (2009) #25 (X-Man Variant)"
            },
            {
                "id": 36501,
                "resourceURI": "http://gateway.marvel.com/v1/public/comics/36501",
                "name": "New Mutants (2009) #25"
            },
            {
                "id": 40170,
                "resourceURI": "http://gateway.marvel.com/v1/public/comics/40170",
                "name": "New Mutants (2010) #23 (2nd Printing Variant)"
            },
            {
                "id": 21081,
                "resourceURI": "http://gateway.marvel.com/v1/public/comics/21081",
                "name": "New Mutants Classic Vol. 3 (Trade Paperback)"
            },
            {
                "id": 16222,
                "resourceURI": "http://gateway.marvel.com/v1/public/comics/16222",
                "name": "Women of Marvel Vol. 2 (Trade Paperback)"
            },
            {
                "id": 1607,
                "resourceURI": "http://gateway.marvel.com/v1/public/comics/1607",
                "name": "New Mutants Vol 1: Back to School (Trade Paperback)"
            },
            {
                "id": 1292,
                "resourceURI": "http://gateway.marvel.com/v1/public/comics/1292",
                "name": "X-Men: Old Soldiers (Trade Paperback)"
            },
            {
                "id": 1210,
                "resourceURI": "http://gateway.marvel.com/v1/public/comics/1210",
                "name": "New Mutants Vol I: Back to School (Trade Paperback)"
            },
            {
                "id": 10329,
                "resourceURI": "http://gateway.marvel.com/v1/public/comics/10329",
                "name": "New Mutants (2003) #4"
            },
            {
                "id": 1185,
                "resourceURI": "http://gateway.marvel.com/v1/public/comics/1185",
                "name": "X-Men Legends Vol. III: Arthur Adams Book I (Trade Paperback)"
            },
            {
                "id": 10328,
                "resourceURI": "http://gateway.marvel.com/v1/public/comics/10328",
                "name": "New Mutants (2003) #3"
            },
            {
                "id": 1152,
                "resourceURI": "http://gateway.marvel.com/v1/public/comics/1152",
                "name": "X-Men Legends Vol. 3: Art Adams Book I (Trade Paperback)"
            },
            {
                "id": 10322,
                "resourceURI": "http://gateway.marvel.com/v1/public/comics/10322",
                "name": "New Mutants (2003) #1"
            },
            {
                "id": 18066,
                "resourceURI": "http://gateway.marvel.com/v1/public/comics/18066",
                "name": "X-Force (1991) #95"
            },
            {
                "id": 18061,
                "resourceURI": "http://gateway.marvel.com/v1/public/comics/18061",
                "name": "X-Force (1991) #90"
            },
            {
                "id": 18059,
                "resourceURI": "http://gateway.marvel.com/v1/public/comics/18059",
                "name": "X-Force (1991) #89"
            },
            {
                "id": 18058,
                "resourceURI": "http://gateway.marvel.com/v1/public/comics/18058",
                "name": "X-Force (1991) #88"
            },
            {
                "id": 18057,
                "resourceURI": "http://gateway.marvel.com/v1/public/comics/18057",
                "name": "X-Force (1991) #87"
            },
            {
                "id": 17999,
                "resourceURI": "http://gateway.marvel.com/v1/public/comics/17999",
                "name": "X-Force (1991) #34"
            },
            {
                "id": 13844,
                "resourceURI": "http://gateway.marvel.com/v1/public/comics/13844",
                "name": "Uncanny X-Men (1963) #303"
            },
            {
                "id": 13754,
                "resourceURI": "http://gateway.marvel.com/v1/public/comics/13754",
                "name": "Uncanny X-Men (1963) #213"
            },
            {
                "id": 12356,
                "resourceURI": "http://gateway.marvel.com/v1/public/comics/12356",
                "name": "X-Men Annual (1970) #10"
            },
            {
                "id": 13741,
                "resourceURI": "http://gateway.marvel.com/v1/public/comics/13741",
                "name": "Uncanny X-Men (1963) #200"
            },
            {
                "id": 13732,
                "resourceURI": "http://gateway.marvel.com/v1/public/comics/13732",
                "name": "Uncanny X-Men (1963) #191"
            },
            {
                "id": 13731,
                "resourceURI": "http://gateway.marvel.com/v1/public/comics/13731",
                "name": "Uncanny X-Men (1963) #190"
            },
            {
                "id": 13730,
                "resourceURI": "http://gateway.marvel.com/v1/public/comics/13730",
                "name": "Uncanny X-Men (1963) #189"
            },
            {
                "id": 19630,
                "resourceURI": "http://gateway.marvel.com/v1/public/comics/19630",
                "name": "Marvel Team-Up (1972) #149"
            },
            {
                "id": 12369,
                "resourceURI": "http://gateway.marvel.com/v1/public/comics/12369",
                "name": "X-Men Annual (1970) #9"
            },
            {
                "id": 10358,
                "resourceURI": "http://gateway.marvel.com/v1/public/comics/10358",
                "name": "New Mutants (1983) #22"
            },
            {
                "id": 12368,
                "resourceURI": "http://gateway.marvel.com/v1/public/comics/12368",
                "name": "X-Men Annual (1970) #8"
            }
        ],
        "returned": 34
    },
    "series": {
        "available": 15,
        "collectionURI": "http://gateway.marvel.com/v1/public/characters/1009416/series",
        "items": [
            {
                "resourceURI": "http://gateway.marvel.com/v1/public/series/3716",
                "name": "Marvel Team-Up (1972 - 1985)"
            },
            {
                "resourceURI": "http://gateway.marvel.com/v1/public/series/11477",
                "name": "New Mutants (2010 - 2012)"
            },
            {
                "resourceURI": "http://gateway.marvel.com/v1/public/series/7455",
                "name": "New Mutants (2009 - 2011)"
            },
            {
                "resourceURI": "http://gateway.marvel.com/v1/public/series/2055",
                "name": "New Mutants (1983 - 1991)"
            },
            {
                "resourceURI": "http://gateway.marvel.com/v1/public/series/563",
                "name": "New Mutants (2003 - 2004)"
            },
            {
                "resourceURI": "http://gateway.marvel.com/v1/public/series/4603",
                "name": "New Mutants Classic Vol. 3 (2008)"
            },
            {
                "resourceURI": "http://gateway.marvel.com/v1/public/series/1186",
                "name": "New Mutants Vol 1: Back to School (2005)"
            },
            {
                "resourceURI": "http://gateway.marvel.com/v1/public/series/267",
                "name": "New Mutants Vol I: Back to School (2003)"
            },
            {
                "resourceURI": "http://gateway.marvel.com/v1/public/series/2258",
                "name": "Uncanny X-Men (1963 - 2011)"
            },
            {
                "resourceURI": "http://gateway.marvel.com/v1/public/series/2715",
                "name": "Women of Marvel Vol. 2 (2007)"
            },
            {
                "resourceURI": "http://gateway.marvel.com/v1/public/series/3633",
                "name": "X-Force (1991 - 2004)"
            },
            {
                "resourceURI": "http://gateway.marvel.com/v1/public/series/2100",
                "name": "X-Men Annual (1970 - 1991)"
            },
            {
                "resourceURI": "http://gateway.marvel.com/v1/public/series/211",
                "name": "X-Men Legends Vol. 3: Art Adams Book I (2003)"
            },
            {
                "resourceURI": "http://gateway.marvel.com/v1/public/series/242",
                "name": "X-Men Legends Vol. III: Arthur Adams Book I (2003)"
            },
            {
                "resourceURI": "http://gateway.marvel.com/v1/public/series/343",
                "name": "X-Men: Old Soldiers (2004)"
            }
        ],
        "returned": 15
    },
    "stories": {
        "available": 31,
        "collectionURI": "http://gateway.marvel.com/v1/public/characters/1009416/stories",
        "items": [
            {
                "resourceURI": "http://gateway.marvel.com/v1/public/stories/19847",
                "name": "Cover #19847",
                "type": "cover"
            },
            {
                "resourceURI": "http://gateway.marvel.com/v1/public/stories/19848",
                "name": "Performance",
                "type": "interiorStory"
            },
            {
                "resourceURI": "http://gateway.marvel.com/v1/public/stories/19883",
                "name": "The Adventures of Lockheed the Space Dragon and His Pet Girl, Kitty",
                "type": "interiorStory"
            },
            {
                "resourceURI": "http://gateway.marvel.com/v1/public/stories/19885",
                "name": "There's No Place Like Home",
                "type": "interiorStory"
            },
            {
                "resourceURI": "http://gateway.marvel.com/v1/public/stories/21413",
                "name": "Magma",
                "type": "pin-up"
            },
            {
                "resourceURI": "http://gateway.marvel.com/v1/public/stories/26144",
                "name": "Hark How the Bells--!",
                "type": "interiorStory"
            },
            {
                "resourceURI": "http://gateway.marvel.com/v1/public/stories/26240",
                "name": "Cover #26240",
                "type": "cover"
            },
            {
                "resourceURI": "http://gateway.marvel.com/v1/public/stories/26257",
                "name": "Cover #26257",
                "type": "cover"
            },
            {
                "resourceURI": "http://gateway.marvel.com/v1/public/stories/26259",
                "name": "[Untitled]",
                "type": "interiorStory"
            },
            {
                "resourceURI": "http://gateway.marvel.com/v1/public/stories/26262",
                "name": "Freaks & Geeks",
                "type": "interiorStory"
            },
            {
                "resourceURI": "http://gateway.marvel.com/v1/public/stories/27887",
                "name": "Cover #27887",
                "type": "cover"
            },
            {
                "resourceURI": "http://gateway.marvel.com/v1/public/stories/27890",
                "name": "An Age Undreamed Of",
                "type": "interiorStory"
            },
            {
                "resourceURI": "http://gateway.marvel.com/v1/public/stories/27892",
                "name": "Raiders of the Lost Temple",
                "type": "interiorStory"
            },
            {
                "resourceURI": "http://gateway.marvel.com/v1/public/stories/27910",
                "name": "The Trial of Magneto",
                "type": "interiorStory"
            },
            {
                "resourceURI": "http://gateway.marvel.com/v1/public/stories/27936",
                "name": "Psylocke",
                "type": "interiorStory"
            },
            {
                "resourceURI": "http://gateway.marvel.com/v1/public/stories/28117",
                "name": "Motions",
                "type": "interiorStory"
            },
            {
                "resourceURI": "http://gateway.marvel.com/v1/public/stories/38277",
                "name": "Guns and Poses",
                "type": "interiorStory"
            },
            {
                "resourceURI": "http://gateway.marvel.com/v1/public/stories/38404",
                "name": "Armageddon Now Part 1: Family Matters",
                "type": "interiorStory"
            },
            {
                "resourceURI": "http://gateway.marvel.com/v1/public/stories/38405",
                "name": "Battle With the New Hellions Round 1",
                "type": "cover"
            },
            {
                "resourceURI": "http://gateway.marvel.com/v1/public/stories/38406",
                "name": "Armageddon Now Part Two: Blood & Betrayal",
                "type": "interiorStory"
            }
        ],
        "returned": 20
    },
    "events": {
        "available": 3,
        "collectionURI": "http://gateway.marvel.com/v1/public/characters/1009416/events",
        "items": [
            {
                "resourceURI": "http://gateway.marvel.com/v1/public/events/302",
                "name": "Fear Itself"
            },
            {
                "resourceURI": "http://gateway.marvel.com/v1/public/events/263",
                "name": "Mutant Massacre"
            },
            {
                "resourceURI": "http://gateway.marvel.com/v1/public/events/308",
                "name": "X-Men: Regenesis"
            }
        ],
        "returned": 3
    },
    "urls": [
        {
            "type": "detail",
            "url": "http://marvel.com/comics/characters/1009416/magma_amara_aquilla?utm_campaign=apiRef&utm_source=35410e46c72ea769348ceb6ba8cc90fd"
        },
        {
            "type": "wiki",
            "url": "http://marvel.com/universe/Magma_%28Amara_Aquilla%29?utm_campaign=apiRef&utm_source=35410e46c72ea769348ceb6ba8cc90fd"
        }
    ],
    "wiki": {
        "universe": "[[Marvel Universe]]",
        "real_name": "Amara Juliana Olivians Aquilla",
        "identity": "Secret",
        "occupation": "Adventurer, teacher",
        "place_of_birth": "Nova Roma (disputed)",
        "groups": "[[New Mutants]]; formerly [[198]], [[Xavier Institute]], X.S.E, [[New Hellions]], [[Hellions]], Gladiators",
        "citizenship": "Legal Resident of the U.S.A",
        "education": "High school equivalency,numerous college-level course",
        "aliases": "Alison Crestmere",
        "relatives": "Lucius Antonius Aquilla (father in Nova Roma), unidentified mother (deceased), unidentified ambassador(\"father\" in England)",
        "height": "5'6\"",
        "weight": "131 lbs.",
        "eyes": "Blue",
        "hair": "Blonde",
        "powers": "Able to assume fiery form; can control movement of tectonic plates to cause seismic upheaval or call forth molten rock from the Earth's core; immune to heat and flame",
        "debut": "(Disguised) New Mutants #8 (1983); (as Amara Aquilla) New Mutants #9 (1983); (as Magma) New Mutants #10 (1983)",
        "origin": "New Mutants #8-11 (1983-84)",
        "significant_issues": "",
        "main_image": "Magma442.jpg",
        "bio_text": "Having grown up as Amara Aquilla, daughter of the First Senator of the hidden Amazonian city Nova Roma, the mutant Magma was sent to live in the outside world to prevent her becoming a potential human sacrifice. She ultimately joined the young New Mutants team formed by Charles Xavier. Falling in love with [[Empath]] of rival team the [[Hellions]], the pair left their respective teams. Returning to Nova Roma, Aquilla was led to believe that she was actually Alison Crestmere, daughter of a kidnapped British Ambassador. Aquilla and Empath eventually went their separate ways. She briefly joined [[King Bedlam]]'s [[New Hellions]] before being captured by the Church of Humanity and crucified on the Xavier Institute's grounds. She survived, and subsequently took up a teaching position at the school. On [[House of M|\"M-Day\"]], Aquilla witnessed the death of depowered mutant [[Argento, Antonio|Antonio Argento]], a tragedy that caused her to detonate the La Cumbre volcano.",
        "bio": "Having grown up as Amara Aquilla, daughter of the First Senator of the hidden Amazonian city Nova Roma, the mutant Magma was sent to live in the outside world to prevent her becoming a potential human sacrifice. She ultimately joined the young New Mutants team formed by Charles Xavier. Falling in love with [[Empath]] of rival team the [[Hellions]], the pair left their respective teams. Returning to Nova Roma, Aquilla was led to believe that she was actually Alison Crestmere, daughter of a kidnapped British Ambassador. Aquilla and Empath eventually went their separate ways. She briefly joined [[King Bedlam]]'s [[New Hellions]] before being captured by the Church of Humanity and crucified on the Xavier Institute's grounds. She survived, and subsequently took up a teaching position at the school. On [[House of M|\"M-Day\"]], Aquilla witnessed the death of depowered mutant [[Argento, Antonio|Antonio Argento]], a tragedy that caused her to detonate the La Cumbre volcano.",
        "categories": [
            "X-Men",
            "International",
            "Women",
            "Heroes",
            "Mutants"
        ]
    }
}