{
    "id": 1009645,
    "name": "Glenn Talbot",
    "description": "Major Glenn Talbot was member of United States Air Force, United States Army and Hulkbusters.",
    "modified": "1969-12-31T19:00:00-0500",
    "thumbnail": {
        "path": "http://i.annihil.us/u/prod/marvel/i/mg/b/40/image_not_available",
        "extension": "jpg"
    },
    "resourceURI": "http://gateway.marvel.com/v1/public/characters/1009645",
    "comics": {
        "available": 2,
        "collectionURI": "http://gateway.marvel.com/v1/public/characters/1009645/comics",
        "items": [
            {
                "resourceURI": "http://gateway.marvel.com/v1/public/comics/7341",
                "name": "Avengers (1963) #88"
            },
            {
                "resourceURI": "http://gateway.marvel.com/v1/public/comics/30015",
                "name": "Incredible Hulks (2009) #607 (MCGUINNESS VARIANT)"
            }
        ],
        "returned": 2
    },
    "series": {
        "available": 2,
        "collectionURI": "http://gateway.marvel.com/v1/public/characters/1009645/series",
        "items": [
            {
                "resourceURI": "http://gateway.marvel.com/v1/public/series/1991",
                "name": "Avengers (1963 - 1996)"
            },
            {
                "resourceURI": "http://gateway.marvel.com/v1/public/series/8842",
                "name": "Incredible Hulks (2009 - 2011)"
            }
        ],
        "returned": 2
    },
    "stories": {
        "available": 2,
        "collectionURI": "http://gateway.marvel.com/v1/public/characters/1009645/stories",
        "items": [
            {
                "resourceURI": "http://gateway.marvel.com/v1/public/stories/15245",
                "name": "The Summons of Psyklop",
                "type": "interiorStory"
            },
            {
                "resourceURI": "http://gateway.marvel.com/v1/public/stories/94793",
                "name": "Incredible Hulks (2009) #607, MCGUINNESS VARIANT",
                "type": "cover"
            }
        ],
        "returned": 2
    },
    "events": {
        "available": 0,
        "collectionURI": "http://gateway.marvel.com/v1/public/characters/1009645/events",
        "items": [],
        "returned": 0
    },
    "urls": [
        {
            "type": "detail",
            "url": "http://marvel.com/comics/characters/1009645/glenn_talbot?utm_campaign=apiRef&utm_source=35410e46c72ea769348ceb6ba8cc90fd"
        },
        {
            "type": "wiki",
            "url": "http://marvel.com/universe/Talbot,_Glenn?utm_campaign=apiRef&utm_source=35410e46c72ea769348ceb6ba8cc90fd"
        }
    ],
    "wiki": {
        "universe": "Marvel Universe",
        "blurb": "",
        "real_name": "Glenn Talbot",
        "aliases": "None",
        "identity": "No dual identity",
        "occupation": "Colonel, US Air Force; former commanding officer of Gamma Base, security chief of Project: Greenskin and Los Alamos Missile Base (\"Desert Base\")",
        "citizenship": "U.S.A.",
        "place_of_birth": "Unrevealed",
        "relatives": "[[Ross-Banner, Betty|Betty Ross Banner]] (Ex-Wife), [[Grey|Brian Talbot]] (brother)",
        "groups": "US military; formerly US Air Force Mobile Combat Force One ([[Hulkbusters]]), Operation: Hulk",
        "education": "Military academy graduate",
        "height": "6'1\"",
        "weight": "215 lbs.",
        "eyes": "Blue",
        "hair": "Brown",
        "powers": "None",
        "abilities": "Glenn Talbot was highly trained in the US Air Force and was a competent military strategist.",
        "weapons": "",
        "paraphernalia": "During his time in command of Gamma Base, he had extensive access to troops, vehicles and weapons. He once wore Super-Mandroid armor that granted him enhanced strength and durability as well as several energy cannons. He also piloted the War Wagon, a durable ship outfitted with complex artificial intelligence, sonic pulse emitters, electrical charges and various missiles and bombs.",
        "debut": "Tales to Astonish #61 (1964)",
        "origin": "",
        "significant_issues": "Deceased (Incredible Hulk #260)",
        "main_image": "image_not_available.gif",
        "bio_text": "Colonel Glenn Talbot was member of United States Air Force, United States Army and [[Hulkbusters]]. He was also an enemy of the [[Hulk (Bruce Banner)|Hulk]] and was killed during a battle with him in Japan. After [[Ross, Thaddeus|General Ross]] died at the hands of the [[Red Hulk]], Talbot resurfaced with Ross' daughter, [[Ross-Banner, Betty|Betty]]. The mystery surrounding his resurrection has yet to be revealed, but Talbot is either working with or under the protection of the [[Intelligencia]].",
        "bio": "Colonel Glenn Talbot was member of United States Air Force, United States Army and [[Hulkbusters]]. He was also an enemy of the [[Hulk (Bruce Banner)|Hulk]] and was killed during a battle with him in Japan. After [[Ross, Thaddeus|General Ross]] died at the hands of the [[Red Hulk]], Talbot resurfaced with Ross' daughter, [[Ross-Banner, Betty|Betty]]. The mystery surrounding his resurrection has yet to be revealed, but Talbot is either working with or under the protection of the [[Intelligencia]].",
        "categories": [
            "Hulk",
            "Villains",
            "People who used to be dead but aren't anymore"
        ]
    }
}